setid,decision,stage,reason,decided_on,title,dailymed_url
dca478a0-c319-68d8-e053-2a95a90a10fc,include,auto,baby-care brand: Tubby Todd (https://tubbytodd.com/pages/the-tubby-todd-promise),2026-10-08,(S)UNDERCOVER SPF 50 (ZINC OXIDE) LOTION [TUBBY TODD],https://dailymed.nlm.nih.gov/dailymed/drugInfo.cfm?setid=dca478a0-c319-68d8-e053-2a95a90a10fc
36c108f6-a928-0a54-e063-6394a90ae686,exclude,reviewed,"front-panel image checked: front name 'RothMD Really Great Sunscreen'; 'Great for Kids Too!' is a suitability claim (OCR flag, verified on the image 2026-10-09)",2026-10-09,"20PERCENT ZINC OXIDE NON TINTED (ZINC OXIDE) CREAM [JEFFREY J. ROTH, M.D., A PROFESSIONAL CORPORATION]",https://dailymed.nlm.nih.gov/dailymed/drugInfo.cfm?setid=36c108f6-a928-0a54-e063-6394a90ae686
b556a47a-b1e5-44d0-801c-3660e1212aca,exclude,auto,baby word is part of another phrase (classifier false-positive list),2026-10-05,"3 CONCEPT EYES BACK TO BABY (TITANIUM DIOXIDE, OCTINOXATE) CREAM [NANDA CO., LTD.]",https://dailymed.nlm.nih.gov/dailymed/drugInfo.cfm?setid=b556a47a-b1e5-44d0-801c-3660e1212aca
82771f22-0197-40ba-97d2-2386152790ed,include,auto,baby/kids word in product name,2026-10-08,"365 WHOLE FOODS MARKET SUNSCREEN CLEAR COCONUT VANILLA SPF 50 (OCTOCRYLENE, OCTISALATE, AVOBENZONE, AND HOMOSALATE) AEROSOL, SPRAY 365 WHOLE FOODS MARKET KIDS CLEAR SUNSCREEN SPF 50 (OCTOCRYLENE, OCTISALATE, AVOBENZONE, AND HOMOSALATE) AEROSOL, SPRAY",https://dailymed.nlm.nih.gov/dailymed/drugInfo.cfm?setid=82771f22-0197-40ba-97d2-2386152790ed
297e62e4-5282-4733-b3f7-f63a16e8ddee,exclude,auto,not a sunscreen (classifier product type: skin_protectant),2026-10-08,A AND D (DIMETHICONE AND ZINC OXIDE) CREAM [BAYER HEALTHCARE LLC.],https://dailymed.nlm.nih.gov/dailymed/drugInfo.cfm?setid=297e62e4-5282-4733-b3f7-f63a16e8ddee
dd1d8198-bb9d-4508-a971-ae3bc624cdd1,exclude,auto,not a sunscreen (classifier product type: skin_protectant),2026-10-05,"ABC ARBONNE BABY CARE DIAPER RASH (DIMETHICONE AND ZINC OXIDE) CREAM [ARBONNE INTERNATIONAL, LLC]",https://dailymed.nlm.nih.gov/dailymed/drugInfo.cfm?setid=dd1d8198-bb9d-4508-a971-ae3bc624cdd1
2cb40521-94ed-4e76-a4e2-de1c80155bd2,exclude,reviewed,"front-panel image checked: front: 'Aesop Avail Body Lotion Sunscreen SPF 50'; 'children/enfants' only in Drug Facts (OCR flag, verified on the image 2026-10-09)",2026-10-09,"AESOP AVAIL BODY SUNSCREEN BROAD SPECTRUM SPF 50 (AVOBENZONE, OCTISALATE, OCTOCRYLENE) LOTION [EMEIS COSMETICS PTY LTD]",https://dailymed.nlm.nih.gov/dailymed/drugInfo.cfm?setid=2cb40521-94ed-4e76-a4e2-de1c80155bd2
86f0e36e-e824-483a-9a53-3b20cf109844,exclude,reviewed,suitability claim only ('suitable for children'),2026-10-08,AHAVA ACTIVE DEADSEA MINERALS MINERAL SUNCARE SPF 30 (OCTOCRYLENE) SPRAY [AHAVA - DEAD SEA LABORATORIES LTD.],https://dailymed.nlm.nih.gov/dailymed/drugInfo.cfm?setid=86f0e36e-e824-483a-9a53-3b20cf109844
2669183c-7a5e-037e-e054-00144ff88e88,include,auto,baby/kids word in product name,2026-10-08,"AL0038200 ALBA VE SUNSCREEN KIDS SPF50 (HOMOSALATE, OCTOCRYLENE, ETHYLHEXYL SALICYLATE, BUTYL METHOXYDIBENZOYLMETHANE) SPRAY",https://dailymed.nlm.nih.gov/dailymed/drugInfo.cfm?setid=2669183c-7a5e-037e-e054-00144ff88e88
468dd5f5-0cec-0c29-e054-00144ff88e88,include,auto,baby/kids word in product name,2026-10-08,"AL0038502 ALBA TROPICAL FRUIT KIDS SUNSCREEN SPF40 (HOMOSALATE, OCTOCRYLENE, ETHYLHEXYL SALICYLATE, AVOBENZONE) SPRAY",https://dailymed.nlm.nih.gov/dailymed/drugInfo.cfm?setid=468dd5f5-0cec-0c29-e054-00144ff88e88
60cda526-4b44-00a3-e053-2a91aa0abac0,include,auto,baby/kids word in product name,2026-10-08,AL0043700 ALBA BOTANICA BABY MINERAL SUNSCREEN SPF50 (ZINC OXIDE) LOTION,https://dailymed.nlm.nih.gov/dailymed/drugInfo.cfm?setid=60cda526-4b44-00a3-e053-2a91aa0abac0
bc6e8385-c843-a57a-e053-2995a90a6b21,include,auto,baby/kids word in product name,2026-10-08,"ALBA BOTANICA BABY MINERAL SUNSCREEN SPF45 (ZINC OXIDE, TITANIUM DIOXIDE) CREAM",https://dailymed.nlm.nih.gov/dailymed/drugInfo.cfm?setid=bc6e8385-c843-a57a-e053-2995a90a6b21
6288a339-f849-0ecc-e053-2a91aa0a0ad3,exclude,reviewed,"front-panel image checked: 'children' only in Drug Facts (keep out of reach / under 6 months) (OCR flag, verified on the image 2026-10-09)",2026-10-09,"ALBA BOTANICA HW SUNSCREEN GREEN TEA SPF45 (AVOBENZONE,HOMOSALATE, OCTOCRYLENE,OCTYL SALICYLATE) LOTION [THE HAIN CELESTIAL GROUP, INC.]",https://dailymed.nlm.nih.gov/dailymed/drugInfo.cfm?setid=6288a339-f849-0ecc-e053-2a91aa0a0ad3
639fd681-3b6e-1a55-e053-2991aa0ae7d3,include,auto,baby/kids word in product name,2026-10-08,"ALBA BOTANICA KIDS MINERAL SUNSCREEN FF SPF30 (ZINC OXIDE, TITANIUM DIOXIDE) CREAM",https://dailymed.nlm.nih.gov/dailymed/drugInfo.cfm?setid=639fd681-3b6e-1a55-e053-2991aa0ae7d3
f6941bab-1e97-1dc8-e053-2995a90a9317,include,auto,baby/kids word in product name,2026-10-08,"ALBA BOTANICA KIDS SPF 50 TROPICAL FRUIT (AVOBENZONE, HOMOSALATE, OCTISALATE, OCTOCRYLENE) SPRAY",https://dailymed.nlm.nih.gov/dailymed/drugInfo.cfm?setid=f6941bab-1e97-1dc8-e053-2995a90a9317
65c230e4-a0f2-7c2b-e053-2a91aa0a0d3e,include,auto,baby/kids word in product name,2026-10-08,"ALBA BOTANICA KIDS SUNSCREENTROPICAL FRUIT SPF45 (AVOBENZONE, HOMOSALATE, OCTOCRYLENE, OCTYL SALICYLATE) LOTION",https://dailymed.nlm.nih.gov/dailymed/drugInfo.cfm?setid=65c230e4-a0f2-7c2b-e053-2a91aa0a0d3e
69cadbc9-36ef-42bf-a46a-1aca2df813d7,include,auto,baby/kids word in product name,2026-10-08,"ALBA BOTANICA NATURAL VERY EMOLLIENT SUNSCREEN KIDS SPF40 (HOMOSALATE, ETHYLHEXYL METHOXYCINNAMATE, OCTOCRYLENE, ETHYLHEXYL SALICYLATE, BUTYL METHOXYDIBENZOYLMETHANE) SPRAY",https://dailymed.nlm.nih.gov/dailymed/drugInfo.cfm?setid=69cadbc9-36ef-42bf-a46a-1aca2df813d7
b6d957f8-46f4-40ac-ab19-04718a719057,include,auto,baby/kids word in product name,2026-10-08,"ALBA KIDS MINERAL SUNBLOCK SPF 30 (ZINC OXIDE, TITANIUM DIOXIDE) CREAM",https://dailymed.nlm.nih.gov/dailymed/drugInfo.cfm?setid=b6d957f8-46f4-40ac-ab19-04718a719057
e508eb29-ba3c-420d-83f7-82c10bc15c44,exclude,reviewed,"front-panel image checked: Side panel only: 'Great for Kids too!' (suitability) and cross-promo list 'KID'S SUNBLOCK SPF 45' (a different product); front 'JASON Sunbrellas SPF 25 Lip Balm' (OCR flag, verified on the image 2026-10-09)",2026-10-09,"ALBA LIP CARE SUNBLOCK SPF 25 ( OCTOCRYLENE, ETHYLHEXYL METHOXYCINNAMATE, ZINC OXIDE, ETHYLHEXYL SALICILATE ) CREAM [THE HAIN CELESTIAL GROUP, INC.]",https://dailymed.nlm.nih.gov/dailymed/drugInfo.cfm?setid=e508eb29-ba3c-420d-83f7-82c10bc15c44
2c13d6c9-7eb8-462c-9eb3-0d37ad1173af,include,auto,baby/kids word in product name,2026-10-08,"ALBA SUNBLOCK NATURAL KIDS SPF 45 (HOMOSALATE, OCTOCRYLENE, ETHYLHEXYL METHOXYCINNAMATE, ETHYLHEXYL SALICILATE, TITANIUM DIOXIDE) CREAM",https://dailymed.nlm.nih.gov/dailymed/drugInfo.cfm?setid=2c13d6c9-7eb8-462c-9eb3-0d37ad1173af
e34f37d7-02a5-0b72-e053-2a95a90acf83,include,auto,baby/kids word in product name,2026-10-08,"ALDI LACURA KIDS SPF 50 SUNSCREEN (AVOBENZONE, HOMOSALATE, OCTISALATE, OCTOCRYLENE) SPRAY",https://dailymed.nlm.nih.gov/dailymed/drugInfo.cfm?setid=e34f37d7-02a5-0b72-e053-2a95a90acf83
fdf17ffa-681b-2809-e053-6394a90a5b6e,exclude,reviewed,lip balm (lip products are outside the sunscreen population),2026-10-09,"ALL GOOD COCONUT SPF 20 ZINC OXIDE LIP BALM (ZINC OXIDE) STICK [ELEMENTAL HERBS, INC.]",https://dailymed.nlm.nih.gov/dailymed/drugInfo.cfm?setid=fdf17ffa-681b-2809-e053-6394a90a5b6e
3467a39e-2e1d-0659-e063-6294a90a9ced,include,auto,baby/kids word in product name,2026-10-08,ALL GOOD KIDS MINERAL SUNSCREEN BUTTER STICK SPF 50 (ZINC OXIDE) OINTMENT,https://dailymed.nlm.nih.gov/dailymed/drugInfo.cfm?setid=3467a39e-2e1d-0659-e063-6294a90a9ced
feb94fd7-6727-6fb1-e053-6394a90a2af1,include,auto,baby/kids word in product name,2026-10-08,ALL GOOD KIDS MINERAL SUNSCREEN BUTTER STICK SPF 50 (ZINC OXIDE) OINTMENT,https://dailymed.nlm.nih.gov/dailymed/drugInfo.cfm?setid=feb94fd7-6727-6fb1-e053-6394a90a2af1
205c42c1-682f-4e70-e054-00144ff88e88,include,reviewed,front panel: Aloe Up Lil' Kids SPF 50 (audit 2026-10-08),2026-10-08,"ALOE UP BROAD SPECTRUM SPF 30 (AVOBENZONE, HOMOSALATE, OCTISALATE AND OCTOCRYLENE) SPRAY [PRIME PACKAGING INC.]",https://dailymed.nlm.nih.gov/dailymed/drugInfo.cfm?setid=205c42c1-682f-4e70-e054-00144ff88e88
a4d73025-9c5b-7455-e053-2995a90ab746,include,auto,baby/kids word in product name,2026-10-08,"ALOE UP KIDS BROAD SPECTRUM SPF 50 SUNSCREEN (OCTISALATE, AVOBENZONE, HOMOSALATE, OCTOCRYLENE, OCTINOXATE) GEL",https://dailymed.nlm.nih.gov/dailymed/drugInfo.cfm?setid=a4d73025-9c5b-7455-e053-2995a90ab746
9e524e0f-7005-d1a0-e053-2995a90ae34c,include,auto,baby/kids word in product name,2026-10-08,"ALOE UP KIDS SPF 50 (AVOBENZONE, HOMOSALATE, OCTISALATE, OCTOCRYLENE) AEROSOL, SPRAY",https://dailymed.nlm.nih.gov/dailymed/drugInfo.cfm?setid=9e524e0f-7005-d1a0-e053-2995a90ae34c
62016e94-b5d2-4ba2-ab9c-b0b2c1ead650,include,auto,baby/kids word in product name,2026-10-08,"ALOE UP KIDS SPORT SUNSCREEN SPF 50 (AVOBENZONE, HOMOSALATE, OCTISALATE, OCTOCRYLENE) LOTION",https://dailymed.nlm.nih.gov/dailymed/drugInfo.cfm?setid=62016e94-b5d2-4ba2-ab9c-b0b2c1ead650
35cd5542-947d-a042-e063-6394a90a13f8,include,auto,baby/kids word in product name,2026-10-08,ALOE UP SPF 50 KIDS MINERAL (ZINC OXIDE) LOTION,https://dailymed.nlm.nih.gov/dailymed/drugInfo.cfm?setid=35cd5542-947d-a042-e063-6394a90a13f8
35cd16b0-bd81-8f68-e063-6294a90a3d8c,include,auto,baby/kids word in product name,2026-10-08,"ALOE UP SPF 50 KIDS MINERAL (ZINC OXIDE, TITANIUM DIOXIDE) SPRAY",https://dailymed.nlm.nih.gov/dailymed/drugInfo.cfm?setid=35cd16b0-bd81-8f68-e063-6294a90a3d8c
35b9dcfa-05f3-3d7b-e063-6394a90a18f1,exclude,reviewed,"front-panel image checked: front: 'Aloe Up Mineral Alcohol-Free Sunscreen Spray SPF 50'; 'children' only in Drug Facts (OCR flag, verified on the image 2026-10-09)",2026-10-09,"ALOE UP SPF 50 MINERAL (ZINC OXIDE, TITANIUM DIOXIDE) SPRAY [ALOE CARE INTERNATIONAL, LLC]",https://dailymed.nlm.nih.gov/dailymed/drugInfo.cfm?setid=35b9dcfa-05f3-3d7b-e063-6394a90a18f1
647c15d0-fa50-207d-e053-2a91aa0a9c3e,exclude,reviewed,suitability claim only ('Child Friendly'),2026-10-08,"AMAVARA TRANSPARENT MINERAL SUNSCREEN SPF30 EARTHWELL ZINC TECHNOLOGY, REEF SAFE (ZINC OXIDE) LOTION [AMAVARA, INC]",https://dailymed.nlm.nih.gov/dailymed/drugInfo.cfm?setid=647c15d0-fa50-207d-e053-2a91aa0a9c3e
64a596f5-141d-5119-e053-2991aa0a8d97,exclude,reviewed,suitability claim only ('Child Friendly'),2026-10-08,"AMAVARA TRANSPARENT MINERAL SUNSCREEN SPF50 EARTHWELL ZINC TECHNOLOGY, REEF SAFE (ZINC OXIDE) LOTION [AMAVARA, INC]",https://dailymed.nlm.nih.gov/dailymed/drugInfo.cfm?setid=64a596f5-141d-5119-e053-2991aa0a8d97
dec07dfc-67a2-46ad-8fab-828488bdba15,exclude,auto,not a sunscreen (classifier product type: skin_protectant),2026-10-08,AQUAPHOR HEALING DIAPER RASH (ZINC OXIDE) CREAM [BEIERSDORF INC],https://dailymed.nlm.nih.gov/dailymed/drugInfo.cfm?setid=dec07dfc-67a2-46ad-8fab-828488bdba15
887e3566-ec5d-4474-83c6-edcc0732f8d6,exclude,auto,not a sunscreen (classifier product type: skin_protectant),2026-10-08,AQUAPHOR HEALING FAST RELIEF DIAPER RASH (ZINC OXIDE) OINTMENT [BEIERSDORF INC],https://dailymed.nlm.nih.gov/dailymed/drugInfo.cfm?setid=887e3566-ec5d-4474-83c6-edcc0732f8d6
10f60367-6681-a589-e063-6394a90a6bb8,include,auto,baby/kids word in product name,2026-10-08,ARIZONA SUN KIDS SUNSCREEN SPF 30 (SUNSCREEN) LOTION,https://dailymed.nlm.nih.gov/dailymed/drugInfo.cfm?setid=10f60367-6681-a589-e063-6394a90a6bb8
10f832e7-c2b5-b847-e063-6294a90a20d5,include,auto,baby/kids word in product name,2026-10-08,ARIZONA SUN KIDS SUNSCREEN SPF 30 (SUNSCREEN) LOTION,https://dailymed.nlm.nih.gov/dailymed/drugInfo.cfm?setid=10f832e7-c2b5-b847-e063-6294a90a20d5
116e71c4-f443-0b6c-e063-6394a90a0cdd,include,auto,baby/kids word in product name,2026-10-08,ARIZONA SUN SUNSCREEN KIDS WATER RESISTANT SPF 30 (SUNSCREEN) LOTION,https://dailymed.nlm.nih.gov/dailymed/drugInfo.cfm?setid=116e71c4-f443-0b6c-e063-6394a90a0cdd
116ed17c-3b38-5e96-e063-6294a90a4246,include,auto,baby/kids word in product name,2026-10-08,ARIZONA SUN SUNSCREEN KIDS WATER RESISTANT SPF 30 (SUNSCREEN) LOTION,https://dailymed.nlm.nih.gov/dailymed/drugInfo.cfm?setid=116ed17c-3b38-5e96-e063-6294a90a4246
d3d0d005-4215-4133-ad8a-13833b86777a,include,auto,baby/kids word in product name,2026-10-08,"ATOBOS BABY SUN (TITANIUM DIOXIDE, ZINC OXIDE) CREAM",https://dailymed.nlm.nih.gov/dailymed/drugInfo.cfm?setid=d3d0d005-4215-4133-ad8a-13833b86777a
1030a55e-8159-4645-bda0-13e1d89f00e7,include,auto,baby/kids word in product name,2026-10-08,"ATOBOS CENTELLA BABY SUN (TITANIUM DIOXIDE, ZINC OXIDE) CREAM",https://dailymed.nlm.nih.gov/dailymed/drugInfo.cfm?setid=1030a55e-8159-4645-bda0-13e1d89f00e7
3eb67c20-a1b6-3014-e054-00144ff8d46c,include,auto,baby/kids word in product name,2026-10-08,"ATONO2 BABY SUN CREAM (ETHYLHEXYL METHOXYCINNAMATE, TITANIUM DIOXIDE) CREAM",https://dailymed.nlm.nih.gov/dailymed/drugInfo.cfm?setid=3eb67c20-a1b6-3014-e054-00144ff8d46c
579aa481-f8ec-b263-e063-6394a90a7754,exclude,auto,not a sunscreen (classifier product type: skin_protectant),2026-10-05,ATTITUDE BABY LEAVES DIAPER CREAM - UNSCENTED (ZINC OXIDE) CREAM [9055-7588 QUEBEC INC. (ATTITUDE)],https://dailymed.nlm.nih.gov/dailymed/drugInfo.cfm?setid=579aa481-f8ec-b263-e063-6394a90a7754
00283894-ddc6-0faa-e063-6394a90ae47c,exclude,auto,not a sunscreen (classifier product type: skin_protectant),2026-10-08,ATTITUDE DIAPER CREAM ZINC UNSCENTED (ZINC OXIDE) STICK [9055-7588 QUEBEC INC. (ATTITUDE)],https://dailymed.nlm.nih.gov/dailymed/drugInfo.cfm?setid=00283894-ddc6-0faa-e063-6394a90ae47c
c2461e22-1518-4f9e-ad8c-951784ef8b5f,include,auto,baby/kids word in product name,2026-10-08,ATTITUDE KIDS MINERAL SUNSCREEN UNSCENTED SPF 30 (ZINC OXIDE) CREAM,https://dailymed.nlm.nih.gov/dailymed/drugInfo.cfm?setid=c2461e22-1518-4f9e-ad8c-951784ef8b5f
310e66a2-8714-4016-87f4-81c1fef19ec9,include,auto,baby/kids word in product name,2026-10-08,ATTITUDE KIDS OATMEAL SENSITIVE MINERAL SUNSCREEN UNSCENTED SPF 30 (ZINC OXIDE) CREAM,https://dailymed.nlm.nih.gov/dailymed/drugInfo.cfm?setid=310e66a2-8714-4016-87f4-81c1fef19ec9
523a616a-77ed-477c-9a3d-b1ab11ca803c,include,auto,baby/kids word in product name,2026-10-08,ATTITUDE MINERAL FACE SPF30 - LITTLE ONES (ZINC OXIDE) STICK,https://dailymed.nlm.nih.gov/dailymed/drugInfo.cfm?setid=523a616a-77ed-477c-9a3d-b1ab11ca803c
bfd4e49b-b279-4646-b457-c6d359ad10aa,include,auto,baby/kids word in product name,2026-10-08,ATTITUDE MINERAL SUNSCREEN LITTLE ONES - FRAGRANCE FREE (ZINC OXIDE) CREAM,https://dailymed.nlm.nih.gov/dailymed/drugInfo.cfm?setid=bfd4e49b-b279-4646-b457-c6d359ad10aa
b1ac6959-577a-44e2-97b2-af37c2073c53,include,auto,baby/kids word in product name,2026-10-08,ATTITUDE MINERAL SUNSCREEN SENSITIVE SKIN CARE LITTLE ONES (ZINC OXIDE) CREAM,https://dailymed.nlm.nih.gov/dailymed/drugInfo.cfm?setid=b1ac6959-577a-44e2-97b2-af37c2073c53
7244cdf7-2763-48a0-80f4-8b6d8feb0f88,include,reviewed,front panel: ATTITUDE little ones,2026-10-08,ATTITUDE MINERAL SUNSCREEN VANILLA BLOSSOM (ZINC OXIDE) CREAM [BIO SPECTRA],https://dailymed.nlm.nih.gov/dailymed/drugInfo.cfm?setid=7244cdf7-2763-48a0-80f4-8b6d8feb0f88
0eae4b71-60be-9715-e063-6294a90af463,exclude,reviewed,kit; 'baby' refers to a lip balm name,2026-10-08,ATTITUDE OCEANLY PHYTO-SUN KIT SPF 30 (ZINC OXIDE) KIT [9055-7588 QUEBEC INC. DBA ATTITUDE],https://dailymed.nlm.nih.gov/dailymed/drugInfo.cfm?setid=0eae4b71-60be-9715-e063-6294a90af463
0e9d9419-a7e1-bc42-e063-6394a90af511,exclude,reviewed,'Baby Rose' is a shade name,2026-10-08,ATTITUDE OCEANLY PHYTO-SUN LIP BALM SPF 30 BABY ROSE (ZINC OXIDE) STICK,https://dailymed.nlm.nih.gov/dailymed/drugInfo.cfm?setid=0e9d9419-a7e1-bc42-e063-6394a90af511
44abdfe1-ea6b-a158-e063-6294a90a3eb8,include,auto,baby/kids word in product name,2026-10-08,ATTITUDE SENSITIVE NATURAL BABY MINERAL SUNSCREEN SPF 50 UNSCENTED (ZINC OXIDE) CREAM,https://dailymed.nlm.nih.gov/dailymed/drugInfo.cfm?setid=44abdfe1-ea6b-a158-e063-6294a90a3eb8
450e52a9-5a6b-112f-e063-6394a90af7ca,include,auto,baby/kids word in product name,2026-10-08,ATTITUDE SUNLY BABY MINERAL SUNSCREEN FACE STICK SPF 50 UNSCENTED (ZINC OXIDE) STICK,https://dailymed.nlm.nih.gov/dailymed/drugInfo.cfm?setid=450e52a9-5a6b-112f-e063-6394a90af7ca
44aba591-04da-fe09-e063-6394a90a912a,include,auto,baby/kids word in product name,2026-10-08,ATTITUDE SUNLY BABY MINERAL SUNSCREEN SPF 50 UNSCENTED (ZINC OXIDE) CREAM,https://dailymed.nlm.nih.gov/dailymed/drugInfo.cfm?setid=44aba591-04da-fe09-e063-6394a90a912a
44a94a24-e292-41e6-e063-6394a90abe47,include,auto,baby/kids word in product name,2026-10-08,ATTITUDE SUNLY BABY MINERAL SUNSCREEN SPRAYER SPF 50 UNSCENTED (ZINC OXIDE) SPRAY,https://dailymed.nlm.nih.gov/dailymed/drugInfo.cfm?setid=44a94a24-e292-41e6-e063-6394a90abe47
44853202-6873-0bc8-e063-6394a90a05f0,include,auto,baby/kids word in product name,2026-10-08,ATTITUDE SUNLY BABY MINERAL SUNSCREEN STICK SPF 50 UNSCENTED (ZINC OXIDE) STICK,https://dailymed.nlm.nih.gov/dailymed/drugInfo.cfm?setid=44853202-6873-0bc8-e063-6394a90a05f0
450e6eb7-f49e-296e-e063-6294a90a05a4,include,auto,baby/kids word in product name,2026-10-08,ATTITUDE SUNLY KIDS MINERAL SUNSCREEN FACE STICK SPF 50 UNSCENTED (ZINC OXIDE) STICK,https://dailymed.nlm.nih.gov/dailymed/drugInfo.cfm?setid=450e6eb7-f49e-296e-e063-6294a90a05a4
0d833e3b-5330-3c5b-e063-6394a90a2ed2,include,auto,baby/kids word in product name,2026-10-08,ATTITUDE SUNLY KIDS MINERAL SUNSCREEN FACE STICK UNSCENTED SPF 30 (ZINC OXIDE) STICK,https://dailymed.nlm.nih.gov/dailymed/drugInfo.cfm?setid=0d833e3b-5330-3c5b-e063-6394a90a2ed2
44aba6d7-7989-0637-e063-6394a90a6c8f,include,auto,baby/kids word in product name,2026-10-08,ATTITUDE SUNLY KIDS MINERAL SUNSCREEN SPF 50 UNSCENTED (ZINC OXIDE) CREAM,https://dailymed.nlm.nih.gov/dailymed/drugInfo.cfm?setid=44aba6d7-7989-0637-e063-6394a90a6c8f
44aca1d5-6e0a-def3-e063-6294a90aca26,include,auto,baby/kids word in product name,2026-10-08,ATTITUDE SUNLY KIDS MINERAL SUNSCREEN SPF 50 WATERMELON AND COCO (ZINC OXIDE) CREAM,https://dailymed.nlm.nih.gov/dailymed/drugInfo.cfm?setid=44aca1d5-6e0a-def3-e063-6294a90aca26
44a9838e-06a6-5a98-e063-6394a90aaba1,include,auto,baby/kids word in product name,2026-10-08,ATTITUDE SUNLY KIDS MINERAL SUNSCREEN SPRAYER SPF 50 UNSCENTED (ZINC OXIDE) SPRAY,https://dailymed.nlm.nih.gov/dailymed/drugInfo.cfm?setid=44a9838e-06a6-5a98-e063-6394a90aaba1
44aa1349-e3f1-9b80-e063-6294a90a0fbd,include,auto,baby/kids word in product name,2026-10-08,ATTITUDE SUNLY KIDS MINERAL SUNSCREEN SPRAYER SPF 50 WATERMELON AND COCO (ZINC OXIDE) SPRAY,https://dailymed.nlm.nih.gov/dailymed/drugInfo.cfm?setid=44aa1349-e3f1-9b80-e063-6294a90a0fbd
4494bea6-ab1f-aae6-e063-6394a90a184d,include,auto,baby/kids word in product name,2026-10-08,ATTITUDE SUNLY KIDS MINERAL SUNSCREEN STICK SPF 50 UNSCENTED (ZINC OXIDE) STICK,https://dailymed.nlm.nih.gov/dailymed/drugInfo.cfm?setid=4494bea6-ab1f-aae6-e063-6394a90a184d
449712ab-5c23-7d50-e063-6394a90ab7fe,include,auto,baby/kids word in product name,2026-10-08,ATTITUDE SUNLY KIDS MINERAL SUNSCREEN STICK SPF 50 WATERMELON AND COCO (ZINC OXIDE) STICK,https://dailymed.nlm.nih.gov/dailymed/drugInfo.cfm?setid=449712ab-5c23-7d50-e063-6394a90ab7fe
0d82121d-1dc2-cd99-e063-6394a90aa766,include,auto,baby/kids word in product name,2026-10-08,ATTITUDE SUNLY KIDS MINERAL SUNSCREEN STICK UNSCENTED SPF 30 (ZINC OXIDE) STICK,https://dailymed.nlm.nih.gov/dailymed/drugInfo.cfm?setid=0d82121d-1dc2-cd99-e063-6394a90aa766
0d85b0a1-3705-2829-e063-6394a90a0ed7,include,reviewed,front panel: Sunly Kids,2026-10-08,ATTITUDE SUNLY TINTED MINERAL SUNSCREEN FACE STICK UNSCENTED SPF 30 (ZINC OXIDE) STICK [9055-7588 QUEBEC INC. DBA ATTITUDE],https://dailymed.nlm.nih.gov/dailymed/drugInfo.cfm?setid=0d85b0a1-3705-2829-e063-6394a90a0ed7
16cc5178-e4c7-38eb-e063-6294a90a66de,include,auto,baby/kids word in product name,2026-10-08,AUSSIEZINC MINERAL SUNSCREEN SPF50 BABY (ZINC OXIDE) CREAM,https://dailymed.nlm.nih.gov/dailymed/drugInfo.cfm?setid=16cc5178-e4c7-38eb-e063-6294a90a66de
36c7a1be-87e5-1f87-e063-6394a90ad876,include,auto,baby/kids word in product name,2026-10-08,AUSSIEZINC MINERAL SUNSCREEN VEGAN AND ORGANIC KIDS (ZINC OXIDE SUNSCREEN) CREAM,https://dailymed.nlm.nih.gov/dailymed/drugInfo.cfm?setid=36c7a1be-87e5-1f87-e063-6394a90ad876
abcf9d29-c3eb-4326-b140-bcebbbad324e,include,reviewed,front panel: Australian Gold Kids 30,2026-10-08,"AUSTRALIAN GOLD BROAD SPECTRUM SPF 30 (AVOBENZONE, HOMOSALATE, OCTISALATE, OCTOCRYLENE, AND OXYBENZONE) LOTION [PRIME ENTERPRISES, INC.]",https://dailymed.nlm.nih.gov/dailymed/drugInfo.cfm?setid=abcf9d29-c3eb-4326-b140-bcebbbad324e
23915bcf-1ca5-71a8-e054-00144ff8d46c,include,auto,baby/kids word in product name,2026-10-08,"AUSTRALIAN GOLD KIDS SPF 50 SUNSCREEN (HOMOSALATE, OCTINOXATE, OCTISALATE AND TITANIUM DIOXIDE) LOTION",https://dailymed.nlm.nih.gov/dailymed/drugInfo.cfm?setid=23915bcf-1ca5-71a8-e054-00144ff8d46c
482114d3-793f-46b4-ae93-b278e0613d65,exclude,auto,not a sunscreen (classifier product type: skin_protectant),2026-10-05,"AVALON ORGANICS BABY PROTECTIVE ZINC DIAPER BALM (ZINC OXIDE) CREAM [THE HAIN CELESTIAL GROUP, INC]",https://dailymed.nlm.nih.gov/dailymed/drugInfo.cfm?setid=482114d3-793f-46b4-ae93-b278e0613d65
4ab66c16-5f4c-6987-e063-6294a90add86,include,reviewed,front panel: Amazon Essentials Kids Sunscreen Spray,2026-10-08,"AVEBONZONE, HOMOSALATE, OCTISALATE SPRAY [AMAZON.COM SERVICES LLC]",https://dailymed.nlm.nih.gov/dailymed/drugInfo.cfm?setid=4ab66c16-5f4c-6987-e063-6294a90add86
f2fd12cf-45c0-163f-e053-2a95a90ad459,include,auto,baby/kids word in product name,2026-10-08,AVEENO BABY CONTINUOUS PROTECTION SENSITIVE SKIN MINERAL SUNSCREEN BROAD SPECTRUM SPF 50 (ZINC OXIDE) STICK,https://dailymed.nlm.nih.gov/dailymed/drugInfo.cfm?setid=f2fd12cf-45c0-163f-e053-2a95a90ad459
17a7492b-5243-48c4-b808-5e9899db7530,include,auto,baby/kids word in product name,2026-10-08,AVEENO BABY CONTINUOUS PROTECTION SENSITIVE SKIN SUNSCREEN BROAD SPECTRUM SPF 50 (ZINC OXIDE) STICK,https://dailymed.nlm.nih.gov/dailymed/drugInfo.cfm?setid=17a7492b-5243-48c4-b808-5e9899db7530
bbd6710f-a665-437e-b86b-437f732984d1,include,auto,baby/kids word in product name,2026-10-08,AVEENO BABY CONTINUOUS PROTECTION SENSITIVE SKIN SUNSCREEN BROAD SPECTRUM SPF50 (ZINC OXIDE) LOTION,https://dailymed.nlm.nih.gov/dailymed/drugInfo.cfm?setid=bbd6710f-a665-437e-b86b-437f732984d1
5b3109da-3019-73c4-e063-6394a90abb08,include,auto,baby/kids word in product name,2026-10-08,"AVEENO BABY DAILY MOISTURE FACE MINERAL SUNSCREEN SPF30 (TITANIUM DIOXIDE, ZINC OXIDE) LOTION",https://dailymed.nlm.nih.gov/dailymed/drugInfo.cfm?setid=5b3109da-3019-73c4-e063-6394a90abb08
383de98b-65b5-4398-a876-87367dc01d0b,include,auto,baby/kids word in product name,2026-10-08,AVEENO KIDS CONTINUOUS PROTECTION SENSITIVE SKIN MINERAL SUNSCREEN BROAD SPECTRUM SPF 50 (ZINC OXIDE) STICK,https://dailymed.nlm.nih.gov/dailymed/drugInfo.cfm?setid=383de98b-65b5-4398-a876-87367dc01d0b
3e51da46-6a81-4b74-b16e-3fc298a4ba59,include,auto,baby/kids word in product name,2026-10-08,AVEENO KIDS CONTINUOUS PROTECTION SENSITIVE SKIN SUNSCREEN BROAD SPECTRUM SPF 50 (ZINC OXIDE) LOTION,https://dailymed.nlm.nih.gov/dailymed/drugInfo.cfm?setid=3e51da46-6a81-4b74-b16e-3fc298a4ba59
5b309bf0-4268-d9e4-e063-6294a90ad2d8,include,auto,baby/kids word in product name,2026-10-08,"AVEENO KIDS DAILY MOISTURE FACE MINERAL SUNSCREEN SPF 30 (TITANIUM DIOXIDE, ZINC OXIDE) LOTION",https://dailymed.nlm.nih.gov/dailymed/drugInfo.cfm?setid=5b309bf0-4268-d9e4-e063-6294a90ad2d8
fb5b1e94-bed3-8486-e053-6294a90a3a84,exclude,reviewed,suitability claim only ('children & adults'),2026-10-08,AVENE MINERAL SUNSCREEN FACE AND BODY (ZINC OXIDE) LOTION [PIERRE FABRE USA INC.],https://dailymed.nlm.nih.gov/dailymed/drugInfo.cfm?setid=fb5b1e94-bed3-8486-e053-6294a90a3a84
ce9a2139-c5c2-43e2-bd51-1f14ace594d9,include,reviewed,front panel: sunscreen lotion for babies,2026-10-08,"AVOBENZONE, HOMOSALATE, OCTISALATE LOTION [OLD EAST MAIN CO.]",https://dailymed.nlm.nih.gov/dailymed/drugInfo.cfm?setid=ce9a2139-c5c2-43e2-bd51-1f14ace594d9
644ec129-15c9-4ac1-8362-5b4c2e58ab9a,include,reviewed,front panel: Kroger baby sunscreen lotion,2026-10-08,"AVOBENZONE, HOMOSALATE, OCTISALATE LOTION [THE KROGER CO.]",https://dailymed.nlm.nih.gov/dailymed/drugInfo.cfm?setid=644ec129-15c9-4ac1-8362-5b4c2e58ab9a
597b78df-83cb-1b21-e063-6294a90a56a8,include,reviewed,front panel: TopCare everyday baby sunscreen lotion,2026-10-08,"AVOBENZONE, HOMOSALATE, OCTISALATE LOTION [TOPCO ASSOCIATES LLC]",https://dailymed.nlm.nih.gov/dailymed/drugInfo.cfm?setid=597b78df-83cb-1b21-e063-6294a90a56a8
b3d2da09-d9c9-4c27-82fe-a434ece2f099,include,reviewed,front panel: sunscreen spray for kids,2026-10-08,"AVOBENZONE, HOMOSALATE, OCTISALATE SPRAY [OLD EAST MAIN CO.]",https://dailymed.nlm.nih.gov/dailymed/drugInfo.cfm?setid=b3d2da09-d9c9-4c27-82fe-a434ece2f099
5864275d-a480-06f8-e063-6394a90aecab,include,reviewed,front panel: TopCare everyday kids sunscreen spray,2026-10-08,"AVOBENZONE, HOMOSALATE, OCTISALATE SPRAY [TOPCO ASSOCIATES LLC]",https://dailymed.nlm.nih.gov/dailymed/drugInfo.cfm?setid=5864275d-a480-06f8-e063-6394a90aecab
1dc325bb-d520-4897-b8f8-3f0ecba2274c,include,reviewed,front panel: CareOne Baby Sunscreen Lotion,2026-10-08,"AVOBENZONE, HOMOSALATE, OCTISALATE, OCTOCRYLENE (SUNSCREEN) LOTION [RETAIL BUSINESS SERVICES, LLC ]",https://dailymed.nlm.nih.gov/dailymed/drugInfo.cfm?setid=1dc325bb-d520-4897-b8f8-3f0ecba2274c
a4364c8d-8b74-130e-e053-2995a90ad1c1,include,auto,baby/kids word in product name,2026-10-08,"BABIENCE KIDS SUNSCREEN PINKFONG BABY SHARK SPF 50 (ENSULIZOLE, OCTINOXATE, OCTISALATE, TITANIUM DIOXIDE, ZINC OXIDE) LOTION",https://dailymed.nlm.nih.gov/dailymed/drugInfo.cfm?setid=a4364c8d-8b74-130e-e053-2995a90ad1c1
d2fadd51-6bd8-ae70-e053-2995a90a6213,include,auto,baby/kids word in product name,2026-10-08,"BABIENCE KIDS SUNSCREEN PINKFONG BABY SHARK SPF 50 (ENSULIZOLE, OCTINOXATE, OCTISALATE, TITANIUM DIOXIDE, ZINC OXIDE) LOTION",https://dailymed.nlm.nih.gov/dailymed/drugInfo.cfm?setid=d2fadd51-6bd8-ae70-e053-2995a90a6213
3a554118-b71d-a844-e063-6294a90a699f,include,auto,baby/kids word in product name,2026-10-08,BABIES KIDSSUN PROTECTION (MINERAL SUNSCREEN) POWDER,https://dailymed.nlm.nih.gov/dailymed/drugInfo.cfm?setid=3a554118-b71d-a844-e063-6294a90a699f
b131664d-1ad2-0a2f-e053-2995a90acbda,include,auto,baby/kids word in product name,2026-10-08,BABO BABY FACE MINERAL SUNSCREEN (MINERAL SUNSCREEN) STICK,https://dailymed.nlm.nih.gov/dailymed/drugInfo.cfm?setid=b131664d-1ad2-0a2f-e053-2995a90acbda
b0a513a5-18d4-5fca-e053-2a95a90aef93,include,auto,baby/kids word in product name,2026-10-08,BABO BABY SKIN MINERAL SUNSCREEN FF (MINERAL SUNSCREEN) SPRAY,https://dailymed.nlm.nih.gov/dailymed/drugInfo.cfm?setid=b0a513a5-18d4-5fca-e053-2a95a90aef93
d66c88a1-7684-1043-e053-2a95a90aa2aa,include,auto,baby-care brand: Babo Botanicals (https://cosmeticsbusiness.com/laboratoires-expanscience-taps-natural-baby-care-brand-babo-botanicals-148696),2026-10-08,"BABO BOTANICALS DAILY SHEER FLUID MINERAL SUNSCREEN SPF 50 (ZINC OXIDE) LOTION [BABO BOTANICALS, INC.]",https://dailymed.nlm.nih.gov/dailymed/drugInfo.cfm?setid=d66c88a1-7684-1043-e053-2a95a90aa2aa
d66dfcec-ad40-3a0b-e053-2995a90aa006,exclude,reviewed,"baby-care brand, but a tinted face product (cosmetic, outside the sunscreen population)",2026-10-08,"BABO BOTANICALS DAILY SHEER FLUID TINTED MINERAL SUNSCREEN SPF 50 (ZINC OXIDE) LOTION [BABO BOTANICALS, INC.]",https://dailymed.nlm.nih.gov/dailymed/drugInfo.cfm?setid=d66dfcec-ad40-3a0b-e053-2995a90aa006
ee005198-56e2-1739-e053-2a95a90a7659,include,auto,baby-care brand: Babo Botanicals (https://cosmeticsbusiness.com/laboratoires-expanscience-taps-natural-baby-care-brand-babo-botanicals-148696),2026-10-08,"BABO BOTANICALS DAILY SHEER MINERAL SUNSCREEN SPF 40 (ZINC OXIDE, TITANIUM DIOXIDE) LOTION [BABO BOTANICALS, INC.]",https://dailymed.nlm.nih.gov/dailymed/drugInfo.cfm?setid=ee005198-56e2-1739-e053-2a95a90a7659
f8adda52-e909-1905-e053-6294a90a3c78,include,auto,baby-care brand: Babo Botanicals (https://cosmeticsbusiness.com/laboratoires-expanscience-taps-natural-baby-care-brand-babo-botanicals-148696),2026-10-08,"BABO BOTANICALS DAILY SHEER MINERAL SUNSCREEN SPF 40 (ZINC OXIDE, TITANIUM DIOXIDE) LOTION [BABO BOTANICALS, INC.]",https://dailymed.nlm.nih.gov/dailymed/drugInfo.cfm?setid=f8adda52-e909-1905-e053-6294a90a3c78
2982ce67-f136-b93b-e063-6394a90a81ac,exclude,reviewed,"baby-care brand, but a tinted face product (cosmetic, outside the sunscreen population)",2026-10-08,"BABO BOTANICALS DAILY SHEER TINTED MINERAL SUNSCREEN SPF 50 (ZINC OXIDE) STICK [BABO BOTANICALS, INC.]",https://dailymed.nlm.nih.gov/dailymed/drugInfo.cfm?setid=2982ce67-f136-b93b-e063-6394a90a81ac
4db37efb-2d37-7428-e063-6394a90a10e4,include,auto,baby-care brand: Babo Botanicals (https://cosmeticsbusiness.com/laboratoires-expanscience-taps-natural-baby-care-brand-babo-botanicals-148696),2026-10-08,"BABO BOTANICALS HYDRATING MILK MINERAL SUNSCREEN SPF 30 (ZINC OXIDE) LOTION [BABO BOTANICALS, INC.]",https://dailymed.nlm.nih.gov/dailymed/drugInfo.cfm?setid=4db37efb-2d37-7428-e063-6394a90a10e4
186a9642-cd73-adfb-e063-6394a90a75c7,exclude,auto,not a sunscreen (classifier product type: skin_protectant),2026-10-05,"BABO BOTANICALS SENSITIVE BABY FRAGRANCE FREE DIAPER RASH (ZINC OXIDE) CREAM [BABO BOTANICALS, INC.]",https://dailymed.nlm.nih.gov/dailymed/drugInfo.cfm?setid=186a9642-cd73-adfb-e063-6394a90a75c7
d66e369e-9b19-b084-e053-2995a90aa259,exclude,auto,not a sunscreen (classifier product type: skin_protectant),2026-10-05,"BABO BOTANICALS SENSITIVE BABY FRAGRANCE FREE DIAPER RASH (ZINC OXIDE) SPRAY [BABO BOTANICALS, INC.]",https://dailymed.nlm.nih.gov/dailymed/drugInfo.cfm?setid=d66e369e-9b19-b084-e053-2995a90aa259
08a36887-3997-8fff-e063-6394a90ae9d5,include,auto,baby/kids word in product name,2026-10-08,BABO BOTANICALS SENSITIVE BABY MINERAL SUNSCREEN SPF30 (ZINC OXIDE) SPRAY,https://dailymed.nlm.nih.gov/dailymed/drugInfo.cfm?setid=08a36887-3997-8fff-e063-6394a90ae9d5
08a175ae-2307-ef8d-e063-6394a90ad234,include,auto,baby/kids word in product name,2026-10-08,BABO BOTANICALS SENSITIVE BABY MINERAL SUNSCREEN SPF50 (ZINC OXIDE) LOTION,https://dailymed.nlm.nih.gov/dailymed/drugInfo.cfm?setid=08a175ae-2307-ef8d-e063-6394a90ad234
088b81e4-76c7-6680-e063-6294a90acb73,include,auto,baby/kids word in product name,2026-10-08,BABO BOTANICALS SENSITIVE BABY MINERAL SUNSCREEN SPF50 (ZINC OXIDE) STICK,https://dailymed.nlm.nih.gov/dailymed/drugInfo.cfm?setid=088b81e4-76c7-6680-e063-6294a90acb73
2990e4ff-5bdb-3008-e063-6294a90a9497,include,auto,baby-care brand: Babo Botanicals (https://cosmeticsbusiness.com/laboratoires-expanscience-taps-natural-baby-care-brand-babo-botanicals-148696),2026-10-08,"BABO BOTANICALS SHEER ZINC MINERAL SUNSCREEN SPF 30 (ZINC OXIDE) STICK [BABO BOTANICALS, INC.]",https://dailymed.nlm.nih.gov/dailymed/drugInfo.cfm?setid=2990e4ff-5bdb-3008-e063-6294a90a9497
08f0436b-85b6-5099-e063-6294a90a4c2e,include,auto,baby-care brand: Babo Botanicals (https://cosmeticsbusiness.com/laboratoires-expanscience-taps-natural-baby-care-brand-babo-botanicals-148696),2026-10-08,"BABO BOTANICALS SHEER ZINC MINERAL SUNSCREEN SPF30 (ZINC OXIDE) LOTION [BABO BOTANICALS, INC.]",https://dailymed.nlm.nih.gov/dailymed/drugInfo.cfm?setid=08f0436b-85b6-5099-e063-6294a90a4c2e
08f0f32e-4b19-7a62-e063-6394a90af1b1,include,auto,baby-care brand: Babo Botanicals (https://cosmeticsbusiness.com/laboratoires-expanscience-taps-natural-baby-care-brand-babo-botanicals-148696),2026-10-08,"BABO BOTANICALS SHEER ZINC MINERAL SUNSCREEN SPF30 (ZINC OXIDE) SPRAY [BABO BOTANICALS, INC.]",https://dailymed.nlm.nih.gov/dailymed/drugInfo.cfm?setid=08f0f32e-4b19-7a62-e063-6394a90af1b1
ab39d9f0-d869-6f33-e053-2995a90a08d4,exclude,reviewed,"baby-care brand, but a tinted face product (cosmetic, outside the sunscreen population)",2026-10-08,"BABO BOTANICALS SPF 30 DAILY SHEER TINTED SUNSCREEN - NATURAL GLOW (MINERAL SUNSCREEN) LOTION [BABO BOTANICALS, INC.]",https://dailymed.nlm.nih.gov/dailymed/drugInfo.cfm?setid=ab39d9f0-d869-6f33-e053-2995a90a08d4
08b7bcfd-0c7c-a14f-e063-6294a90a7797,include,auto,baby-care brand: Babo Botanicals (https://cosmeticsbusiness.com/laboratoires-expanscience-taps-natural-baby-care-brand-babo-botanicals-148696),2026-10-08,"BABO BOTANICALS SUPER SHIELD MINERAL SUNSCREEN SPF50 (ZINC OXIDE) LOTION [BABO BOTANICALS, INC]",https://dailymed.nlm.nih.gov/dailymed/drugInfo.cfm?setid=08b7bcfd-0c7c-a14f-e063-6294a90a7797
b441f976-4f2a-ba19-e053-2995a90ad79a,include,auto,baby-care brand: Babo Botanicals (https://cosmeticsbusiness.com/laboratoires-expanscience-taps-natural-baby-care-brand-babo-botanicals-148696),2026-10-08,"BABO BOTANICALS SUPER SHIELD MINERAL SUNSCREEN SPF50 (ZINC OXIDE, TITANIUM DIOXIDE) AEROSOL, SPRAY [BABO BOTANICALS, INC.]",https://dailymed.nlm.nih.gov/dailymed/drugInfo.cfm?setid=b441f976-4f2a-ba19-e053-2995a90ad79a
e3ca7840-4882-d605-e053-2a95a90af6ab,include,auto,baby-care brand: Babo Botanicals (https://cosmeticsbusiness.com/laboratoires-expanscience-taps-natural-baby-care-brand-babo-botanicals-148696),2026-10-08,"BABO BOTANICALS SUPER SHIELD SPORT SUNSCREEN SPF 50 (ZINC OXIDE) STICK [BABO BOTANICALS, INC.]",https://dailymed.nlm.nih.gov/dailymed/drugInfo.cfm?setid=e3ca7840-4882-d605-e053-2a95a90af6ab
f8b272f6-8726-de1d-e053-6294a90a7b1e,include,auto,baby-care brand: Babo Botanicals (https://cosmeticsbusiness.com/laboratoires-expanscience-taps-natural-baby-care-brand-babo-botanicals-148696),2026-10-08,"BABO BOTANICALS SWIM AND SPORT MINERAL SUNSCREEN BALM SPF 50 (ZINC OXIDE) SALVE [BABO BOTANICALS, INC.]",https://dailymed.nlm.nih.gov/dailymed/drugInfo.cfm?setid=f8b272f6-8726-de1d-e053-6294a90a7b1e
f8b1ea3a-d62e-e00d-e053-6394a90a5689,include,auto,baby-care brand: Babo Botanicals (https://cosmeticsbusiness.com/laboratoires-expanscience-taps-natural-baby-care-brand-babo-botanicals-148696),2026-10-08,"BABO BOTANICALS SWIM AND SPORT MINERAL SUNSCREEN SPF 30 (ZINC OXIDE) SPRAY [BABO BOTANICALS, INC.]",https://dailymed.nlm.nih.gov/dailymed/drugInfo.cfm?setid=f8b1ea3a-d62e-e00d-e053-6394a90a5689
adcd4fc7-c400-fc8e-e053-2a95a90a7e1f,exclude,auto,not a sunscreen (classifier product type: skin_protectant),2026-10-08,"BABO FRAGRANCE FREE DIAPER CREAM (ZINC OXIDE) CREAM [BABO BOTANICALS, INC.]",https://dailymed.nlm.nih.gov/dailymed/drugInfo.cfm?setid=adcd4fc7-c400-fc8e-e053-2a95a90a7e1f
b3e40cb0-dbfd-955c-e053-2995a90af848,include,reviewed,"baby-care brand: Babo Botanicals (owner decision 2026-10-08; previously excluded: suitability claim only ('for babies, kids & grown ups too'); product name has no)",2026-10-08,"BABO SPF 30 CLEAR ZINC FRAGRANCE FREE (MINERAL SUNSCREEN) LOTION [BABO BOTANICALS, INC.]",https://dailymed.nlm.nih.gov/dailymed/drugInfo.cfm?setid=b3e40cb0-dbfd-955c-e053-2995a90af848
b1a9f76d-0cef-29da-e053-2995a90af34c,include,auto,baby-care brand: Babo Botanicals (https://cosmeticsbusiness.com/laboratoires-expanscience-taps-natural-baby-care-brand-babo-botanicals-148696),2026-10-08,"BABO SPF 30 CLEAR ZINC FRAGRANCE FREE SPORT (MINERAL SUNSCREEN) STICK [BABO BOTANICALS, INC.]",https://dailymed.nlm.nih.gov/dailymed/drugInfo.cfm?setid=b1a9f76d-0cef-29da-e053-2995a90af34c
b13167ae-4f81-56db-e053-2a95a90ad72f,include,auto,baby-care brand: Babo Botanicals (https://cosmeticsbusiness.com/laboratoires-expanscience-taps-natural-baby-care-brand-babo-botanicals-148696),2026-10-08,"BABO SPF 30 SHEER ZINC SUNSCREEN (MINERAL SUNSCREEN) SPRAY [BABO BOTANICALS, INC.]",https://dailymed.nlm.nih.gov/dailymed/drugInfo.cfm?setid=b13167ae-4f81-56db-e053-2a95a90ad72f
b44273af-881c-6feb-e053-2995a90a099f,include,auto,baby-care brand: Babo Botanicals (https://cosmeticsbusiness.com/laboratoires-expanscience-taps-natural-baby-care-brand-babo-botanicals-148696),2026-10-08,"BABO SPF 50 SHEER MINERAL SENSITIVE GENTLE (MINERAL SUNSCREEN) LOTION [BABO BOTANICALS, INC]",https://dailymed.nlm.nih.gov/dailymed/drugInfo.cfm?setid=b44273af-881c-6feb-e053-2995a90a099f
5632dde2-f59d-3a45-e063-6394a90a1a24,exclude,auto,not a sunscreen (classifier product type: skin_protectant),2026-10-05,BABY 3-IN-1 DIAPER RASH PASTE [WALGREENS],https://dailymed.nlm.nih.gov/dailymed/drugInfo.cfm?setid=5632dde2-f59d-3a45-e063-6394a90a1a24
e4424d74-f89c-5943-42e8-bf3a38e68619,exclude,auto,not a sunscreen (classifier product type: calamine),2026-10-05,"BABY ANTI MONKEY BUTT DIAPER RASH (ZINC OXIDE, CALAMINE) CREAM [CLARION BRANDS, LLC]",https://dailymed.nlm.nih.gov/dailymed/drugInfo.cfm?setid=e4424d74-f89c-5943-42e8-bf3a38e68619
b292d1a9-7ff8-0faf-e053-2995a90ae342,include,auto,baby/kids word in product name,2026-10-08,BABY BARE REPUBLIC MINERAL SUNSCREEN (ZINC OXIDE) LOTION,https://dailymed.nlm.nih.gov/dailymed/drugInfo.cfm?setid=b292d1a9-7ff8-0faf-e053-2995a90ae342
1a603f62-86ec-4e66-a73f-718c5d012676,include,auto,"auto-rule v1: baby/kids word in product name, sunscreen, not a kit",2026-10-08,BABY BARE REPUBLIC MINERAL SUNSCREEN SOFTSTICK SPF 50 (ZINC OXIDE) STICK [COOLA LLC],https://dailymed.nlm.nih.gov/dailymed/drugInfo.cfm?setid=1a603f62-86ec-4e66-a73f-718c5d012676
8c40daa5-a3fc-51f3-e053-2995a90a6483,exclude,auto,not a sunscreen (classifier product type: skin_protectant),2026-10-05,BABY BUM (ZINC OXIDE AND LANOLIN) PASTE [BLAIRS FERRY PHARMACY],https://dailymed.nlm.nih.gov/dailymed/drugInfo.cfm?setid=8c40daa5-a3fc-51f3-e053-2995a90a6483
53d8a654-aaec-6f91-e063-6394a90a7351,exclude,auto,not a sunscreen (classifier product type: skin_protectant),2026-10-05,"BABY BUM DIAPER (ZINC OXIDE) CREAM [CREATIVE CONSUMER PRODUCTS, INC. DBA (DOING BUSINESS AS) DIONIS GOAT MILK SKINCARE]",https://dailymed.nlm.nih.gov/dailymed/drugInfo.cfm?setid=53d8a654-aaec-6f91-e063-6394a90a7351
c46d5dfe-259a-1699-e053-2a95a90aba06,exclude,auto,not a sunscreen (classifier product type: skin_protectant),2026-10-08,BABY BUM DIAPER RASH (ZINC OXIDE) CREAM [SUN BUM LLC],https://dailymed.nlm.nih.gov/dailymed/drugInfo.cfm?setid=c46d5dfe-259a-1699-e053-2a95a90aba06
3d3a0d5c-a366-22fc-e063-6394a90a308b,include,auto,"auto-rule v1: baby/kids word in product name, sunscreen, not a kit",2026-10-05,"BABY BUM MINERAL 50 MINERAL SUNSCREEN FACE STICK (ZINC OXIDE) STICK [SUN BUM, LLC]",https://dailymed.nlm.nih.gov/dailymed/drugInfo.cfm?setid=3d3a0d5c-a366-22fc-e063-6394a90a308b
369f449f-fb9d-5529-e063-6394a90ac3b2,include,auto,"auto-rule v1: baby/kids word in product name, sunscreen, not a kit",2026-10-05,BABY BUM MINERAL 50 SUNSCREEN (ZINC OXIDE) LOTION [SUN BUM LLC],https://dailymed.nlm.nih.gov/dailymed/drugInfo.cfm?setid=369f449f-fb9d-5529-e063-6394a90ac3b2
3c470ff8-37d6-a729-e063-6294a90aa525,include,auto,baby/kids word in product name,2026-10-08,"BABY BUM MINERAL 50 SUNSCREEN ROLL-ON (TITANIUM DIOXIDE, ZINC OXIDE) LOTION BABY BUM MINERAL 50 SUNSCREEN (TITANIUM DIOXIDE, ZINC OXIDE) SPRAY",https://dailymed.nlm.nih.gov/dailymed/drugInfo.cfm?setid=3c470ff8-37d6-a729-e063-6294a90aa525
492c44e3-4369-4367-939b-def1fd87de01,include,auto,"auto-rule v1: baby/kids word in product name, sunscreen, not a kit",2026-10-08,BABY BUM MINERAL SPF50 SUNSCREEN (ZINC OXIDE) STICK [SUN BUM LLC],https://dailymed.nlm.nih.gov/dailymed/drugInfo.cfm?setid=492c44e3-4369-4367-939b-def1fd87de01
606d2aea-26c1-44a1-8452-02663b3e51dd,include,auto,"auto-rule v1: baby/kids word in product name, sunscreen, not a kit",2026-10-08,"BABY BUM SPF50 MINERAL SUNSCREEN (ZINC OXIDE) CREAM [SUN BUM, LLC]",https://dailymed.nlm.nih.gov/dailymed/drugInfo.cfm?setid=606d2aea-26c1-44a1-8452-02663b3e51dd
e6be6b62-13a4-410d-b8ac-457b58fd23da,exclude,reviewed,"diaper / specialty cream, not a sunscreen",2026-10-08,BABY BUTZ (ZINC OXIDE) CREAM,https://dailymed.nlm.nih.gov/dailymed/drugInfo.cfm?setid=e6be6b62-13a4-410d-b8ac-457b58fd23da
a2a41914-c98b-4b35-9d12-6fb0041c7e1d,exclude,auto,not a sunscreen (classifier product type: skin_protectant),2026-10-08,BABY DIAPER (ZINC OXIDE) CREAM [TELLURIAN],https://dailymed.nlm.nih.gov/dailymed/drugInfo.cfm?setid=a2a41914-c98b-4b35-9d12-6fb0041c7e1d
04bec667-a11e-42d2-a4b3-1416eebf1e8d,exclude,auto,not a sunscreen (classifier product type: skin_protectant),2026-10-05,"BABY DIAPER RASH (ZINC OXIDE) OINTMENT [MEIJER, INC.]",https://dailymed.nlm.nih.gov/dailymed/drugInfo.cfm?setid=04bec667-a11e-42d2-a4b3-1416eebf1e8d
641465a1-0daf-1bb9-e053-2a91aa0ab25d,exclude,auto,not a sunscreen (classifier product type: skin_protectant),2026-10-05,"BABY DIAPER RASH CREAM (ZINC OXIDE) CREAM [DOTERRA INTERNATIONAL, LLC]",https://dailymed.nlm.nih.gov/dailymed/drugInfo.cfm?setid=641465a1-0daf-1bb9-e053-2a91aa0ab25d
42f14aa6-5694-7727-e063-6294a90a09f3,exclude,auto,not a sunscreen (classifier product type: skin_protectant),2026-10-05,BABY DIAPER RASH CREAM (ZINC OXIDE) CREAM [HELLO BELLO],https://dailymed.nlm.nih.gov/dailymed/drugInfo.cfm?setid=42f14aa6-5694-7727-e063-6294a90a09f3
af6b7f9f-9ca5-4c59-be78-d68286451ac3,include,auto,"auto-rule v1: baby/kids word in product name, sunscreen, not a kit",2026-10-08,BABY DONNA SHEER SPF SUNSCREEN STICK (ZINC OXIDE) STICK [BABYDONNA LLC],https://dailymed.nlm.nih.gov/dailymed/drugInfo.cfm?setid=af6b7f9f-9ca5-4c59-be78-d68286451ac3
a1b1cdeb-e5fe-4ba1-8bb0-3c7a97dd93fe,include,auto,"auto-rule v1: baby/kids word in product name, sunscreen, not a kit",2026-10-08,"BABY DONNA SHEER SPF SUNSCREEN STICK (ZINC OXIDE) STICK [STREAM2SEA, LLC]",https://dailymed.nlm.nih.gov/dailymed/drugInfo.cfm?setid=a1b1cdeb-e5fe-4ba1-8bb0-3c7a97dd93fe
d475423c-c0cb-4778-e053-2995a90a72ee,include,auto,baby/kids word in product name,2026-10-08,BABY FACE STICK MINERAL SUNSCREEN SPF 40 (SUNSCREEN) STICK,https://dailymed.nlm.nih.gov/dailymed/drugInfo.cfm?setid=d475423c-c0cb-4778-e053-2995a90a72ee
94a11f26-2de6-446f-8122-d82b2d64f5ee,include,auto,baby/kids word in product name,2026-10-08,BABY GENTLE SUNSCREEN SPF 50 (AVOBENZONE - 3.0% HOMOSALATE - 13.0% OCTISALATE - 5.0% OCTOCRYLENE - 7.0% OXYBENZONE 4%) LOTION,https://dailymed.nlm.nih.gov/dailymed/drugInfo.cfm?setid=94a11f26-2de6-446f-8122-d82b2d64f5ee
9c91c64a-7218-44f6-9d3b-188b392835c7,exclude,auto,not a sunscreen (classifier product type: skin_protectant),2026-10-05,"BABY LOVE DIAPER RASH (ZINC OXIDE) CREAM [PERSONAL CARE PRODUCTS, INC.]",https://dailymed.nlm.nih.gov/dailymed/drugInfo.cfm?setid=9c91c64a-7218-44f6-9d3b-188b392835c7
69c1db68-508a-e6e1-e053-2a91aa0a8568,exclude,auto,not a sunscreen (classifier product type: skin_protectant),2026-10-05,BABY LOVE PERSONAL CARE DIAPER RASH (ZINC OXIDE) CREAM [DELTA BRANDS & PRODUCTS LLC],https://dailymed.nlm.nih.gov/dailymed/drugInfo.cfm?setid=69c1db68-508a-e6e1-e053-2a91aa0a8568
92257e81-4b7f-440b-a714-1aeb81d5c127,exclude,auto,not a sunscreen (classifier product type: skin_protectant),2026-10-05,BABY MAGIC DIAPER RX (ZINC OXIDE) CREAM [NATERRA INTERNATIONAL INC.],https://dailymed.nlm.nih.gov/dailymed/drugInfo.cfm?setid=92257e81-4b7f-440b-a714-1aeb81d5c127
99889e83-2583-49fb-ab17-5ec331a5c728,exclude,reviewed,"diaper / specialty cream, not a sunscreen",2026-10-08,BABY MAGIC MEDICATED PATTY CAKE (ZINC OXIDE) CREAM,https://dailymed.nlm.nih.gov/dailymed/drugInfo.cfm?setid=99889e83-2583-49fb-ab17-5ec331a5c728
0427bbc9-f4c0-0eb6-e063-6294a90a7199,exclude,auto,not a sunscreen (classifier product type: skin_protectant),2026-10-05,"BABY MANTRA DIAPER CREAM (ZINC OXIDE 10%) OINTMENT [RENU LABORATORIES, LLC]",https://dailymed.nlm.nih.gov/dailymed/drugInfo.cfm?setid=0427bbc9-f4c0-0eb6-e063-6294a90a7199
9974b40d-2596-2a0e-e053-2a95a90a9246,include,auto,baby/kids word in product name,2026-10-08,BABY MINERAL SPF 50 (ZINC OXIDE 17.0%) LOTION,https://dailymed.nlm.nih.gov/dailymed/drugInfo.cfm?setid=9974b40d-2596-2a0e-e053-2a95a90a9246
0191b2e4-bcc5-541a-e063-6294a90a0e78,include,auto,baby/kids word in product name,2026-10-08,BABY MINERAL SUNSCREEN PROBIOTICS SPF55 (ZINC OXIDE) LOTION,https://dailymed.nlm.nih.gov/dailymed/drugInfo.cfm?setid=0191b2e4-bcc5-541a-e063-6294a90a0e78
0190eeaf-c5a0-3253-e063-6294a90a43c4,include,auto,baby/kids word in product name,2026-10-08,BABY MINERAL SUNSCREEN SPF55 (ZINC OXIDE) LOTION,https://dailymed.nlm.nih.gov/dailymed/drugInfo.cfm?setid=0190eeaf-c5a0-3253-e063-6294a90a43c4
d46630e9-a85d-6eaa-e053-2a95a90a1023,include,auto,baby/kids word in product name,2026-10-08,"BABY MINERAL SUNSCREEN, SPF 30 (SUNSCREEN) OINTMENT",https://dailymed.nlm.nih.gov/dailymed/drugInfo.cfm?setid=d46630e9-a85d-6eaa-e053-2a95a90a1023
6efd81cd-8061-4444-9fa2-296bfd7972e9,include,auto,baby/kids word in product name,2026-10-08,BABY NATURAL MINERAL SUNSCREEN BROAD SPECTRUM SPF 30 (ZINC OXIDE) LOTION,https://dailymed.nlm.nih.gov/dailymed/drugInfo.cfm?setid=6efd81cd-8061-4444-9fa2-296bfd7972e9
372ae3fb-fec0-4c7b-853b-12835c830311,include,auto,baby/kids word in product name,2026-10-08,BABY PURE AND GENTLE SPF 60 SUNSCREEN (TITANIUM DIOXIDE - 6.00% ZINC OXIDE - 4.70%) STICK,https://dailymed.nlm.nih.gov/dailymed/drugInfo.cfm?setid=372ae3fb-fec0-4c7b-853b-12835c830311
c599ba27-2cd7-4e93-b5bd-9ccfb6d157a2,include,auto,baby/kids word in product name,2026-10-08,BABY PURE GENTLE SUNSTICK SPF 60 CVS (TITANIUM DIOXIDE 6.00% ZINC OXIDE 4.70%) STICK,https://dailymed.nlm.nih.gov/dailymed/drugInfo.cfm?setid=c599ba27-2cd7-4e93-b5bd-9ccfb6d157a2
b0a4ac6b-8f88-8a9a-e053-2995a90ab10e,include,auto,baby/kids word in product name,2026-10-08,BABY SKIN MINERAL SUNSCREEN (MINERAL SUNSCREEN) LOTION,https://dailymed.nlm.nih.gov/dailymed/drugInfo.cfm?setid=b0a4ac6b-8f88-8a9a-e053-2995a90ab10e
1923d661-9395-655b-e054-00144ff8d46c,exclude,reviewed,"diaper / specialty cream, not a sunscreen",2026-10-08,BABY SPECIALTY CREAM (ZINC OXIDE 12%) CREAM,https://dailymed.nlm.nih.gov/dailymed/drugInfo.cfm?setid=1923d661-9395-655b-e054-00144ff8d46c
9f0b7197-1572-ed2d-e053-2a95a90a96fe,exclude,reviewed,"diaper / specialty cream, not a sunscreen",2026-10-08,BABY SPECIALTY CREAM (ZINC OXIDE) CREAM,https://dailymed.nlm.nih.gov/dailymed/drugInfo.cfm?setid=9f0b7197-1572-ed2d-e053-2a95a90a96fe
af8cce4d-23a2-47e4-8b5a-8c49e458d01b,include,auto,baby/kids word in product name,2026-10-08,BABY SPF 60 SUNSCREEN (TITANIUM DIOXIDE - 6.00% ZINC OXIDE - 4.70%) STICK,https://dailymed.nlm.nih.gov/dailymed/drugInfo.cfm?setid=af8cce4d-23a2-47e4-8b5a-8c49e458d01b
c17dec08-5749-424d-8139-1fc0a10515de,include,auto,baby/kids word in product name,2026-10-08,BABY SUNSCREEN SPF 30 (ZINC OXIDE) LOTION,https://dailymed.nlm.nih.gov/dailymed/drugInfo.cfm?setid=c17dec08-5749-424d-8139-1fc0a10515de
3ebe1aa3-9a14-46f7-941d-8b4ca1dbc052,include,auto,baby/kids word in product name,2026-10-08,BABY SUNSCREEN SPF 50 (AVOBENZONE - 3.0% HOMOSALATE - 13.0% OCTISALATE - 5.0% OCTOCRYLENE - 7.0% OXYBENZONE 4%) LOTION,https://dailymed.nlm.nih.gov/dailymed/drugInfo.cfm?setid=3ebe1aa3-9a14-46f7-941d-8b4ca1dbc052
1eae935f-942b-4290-91de-8c608f70a7ed,include,auto,baby/kids word in product name,2026-10-08,BABY SUNSCREEN SPF 50 (TITANIUM DIOXIDE 3.1% ZINC OXIDE 4.0%) LOTION,https://dailymed.nlm.nih.gov/dailymed/drugInfo.cfm?setid=1eae935f-942b-4290-91de-8c608f70a7ed
52d518ae-cc87-4702-bc87-8889c2276778,include,auto,baby/kids word in product name,2026-10-08,BABY SUNSCREEN SPF 50 TUGABOOS (AVOBENZONE - 3.0% HOMOSALATE - 13.0% OCTISALATE - 5.0% OCTOCRYLENE - 7.0% OXYBENZONE 4%) LOTION,https://dailymed.nlm.nih.gov/dailymed/drugInfo.cfm?setid=52d518ae-cc87-4702-bc87-8889c2276778
d7b19529-d0b2-638b-e053-2a95a90acf2f,exclude,auto,not a sunscreen (classifier product type: skin_protectant),2026-10-05,BABYDIAPERCREAM (BABY DIAPER CREAM) CREAM [WHOLE FOODS MARKET],https://dailymed.nlm.nih.gov/dailymed/drugInfo.cfm?setid=d7b19529-d0b2-638b-e053-2a95a90acf2f
8a143645-3b52-4797-9b26-dc9dd63be38f,include,auto,baby/kids word in product name,2026-10-08,BABYGANICS KIDS SHEER BLEND SPF50 MINERAL SUNSCREEN (ZINC OXIDE) LOTION,https://dailymed.nlm.nih.gov/dailymed/drugInfo.cfm?setid=8a143645-3b52-4797-9b26-dc9dd63be38f
edced0dc-dd43-4ac9-b816-f4edb45fc87b,include,auto,baby/kids word in product name,2026-10-08,BABYGANICS SHEER BLEND SPF50 MINERAL SUNSCREEN (ZINC OXIDE) LOTION,https://dailymed.nlm.nih.gov/dailymed/drugInfo.cfm?setid=edced0dc-dd43-4ac9-b816-f4edb45fc87b
4075f9dc-c25f-434f-a3fc-a7f896295c3d,include,auto,baby/kids word in product name,2026-10-08,"BABYGANICS SPF 50 PLUS SUNSCREEN (ZINC OXIDE, OCTISALATE, AND OCTOCRYLENE) SPRAY",https://dailymed.nlm.nih.gov/dailymed/drugInfo.cfm?setid=4075f9dc-c25f-434f-a3fc-a7f896295c3d
391a4ec3-b65b-4dbe-bc8f-cb67514c8ef1,include,auto,baby/kids word in product name,2026-10-08,"BABYGANICS SUNSCREEN 30 SPF (ZINC OXIDE, OCTINOXATE, AND OCTISALATE) SPRAY",https://dailymed.nlm.nih.gov/dailymed/drugInfo.cfm?setid=391a4ec3-b65b-4dbe-bc8f-cb67514c8ef1
b8bc92f1-8524-32db-e053-2a95a90a1f46,exclude,auto,not a sunscreen (classifier product type: skin_protectant),2026-10-05,BABYS BUTT AID (ZINC OXIDE) OINTMENT [AMERICAN CONSUMER PRODUCTS CORP],https://dailymed.nlm.nih.gov/dailymed/drugInfo.cfm?setid=b8bc92f1-8524-32db-e053-2a95a90a1f46
349d27e8-df53-4d4f-8833-b249e948acee,exclude,auto,not a sunscreen (classifier product type: skin_protectant),2026-10-05,BABYS BUTT AID (ZINC OXIDE) OINTMENT [GREENBRIER INTERNATIONAL INC],https://dailymed.nlm.nih.gov/dailymed/drugInfo.cfm?setid=349d27e8-df53-4d4f-8833-b249e948acee
15c9f3c4-833a-4211-a0d0-31e754e7fb9f,exclude,auto,not a sunscreen (classifier product type: skin_protectant),2026-10-05,BABYSPA SHEA BUTTER DIAPER (ZINC OXIDE) CREAM [EXPRO3 LLC],https://dailymed.nlm.nih.gov/dailymed/drugInfo.cfm?setid=15c9f3c4-833a-4211-a0d0-31e754e7fb9f
47dbf363-2892-4530-e063-6294a90abe1f,include,reviewed,"front-panel image: front panel: '100% Broad Spectrum Mineral Powder Sunscreen for Kids'; side: 'Tear-free & mess free effective sunscreen for kids' (OCR flag, verified on the image 2026-10-09)",2026-10-09,"BADABOOM SUNSCREEN (SUNSCREEN) CREAM [AOPLINE BIOTECHNOLOGY (GUANGZHOU) CO., LTD.]",https://dailymed.nlm.nih.gov/dailymed/drugInfo.cfm?setid=47dbf363-2892-4530-e063-6294a90abe1f
f66f6b73-3119-593d-e053-2995a90a7003,include,reviewed,"front-panel image: Front panel: '100% Broad Spectrum Mineral Powder Sunscreen for Kids' (OCR flag, verified on the image 2026-10-09)",2026-10-09,"BADABOOM SUNSCREEN (SUNSCREEN) CREAM [AOPLINE HEALTH INDUSTRY TECHNOLOGY (GUANGZHOU) CO., LTD.]",https://dailymed.nlm.nih.gov/dailymed/drugInfo.cfm?setid=f66f6b73-3119-593d-e053-2995a90a7003
6587b9ff-b49e-42f0-a4c7-c492db61623b,include,auto,baby/kids word in product name,2026-10-08,BADGER BABY SPF 30 SUNSCREEN (ZINC OXIDE) CREAM,https://dailymed.nlm.nih.gov/dailymed/drugInfo.cfm?setid=6587b9ff-b49e-42f0-a4c7-c492db61623b
ccd1b1fa-d44e-6b0e-e053-2995a90a157b,include,auto,baby/kids word in product name,2026-10-08,BADGER BABY SUNSCREEN CREAM BROAD SPECTRUM SPF 40 (ZINC OXIDE) CREAM,https://dailymed.nlm.nih.gov/dailymed/drugInfo.cfm?setid=ccd1b1fa-d44e-6b0e-e053-2995a90a157b
d61acaa0-73ef-eccf-e053-2995a90ad940,include,auto,baby/kids word in product name,2026-10-08,BADGER BABY SUNSCREEN CREAM BROAD SPECTRUM SPF 40 (ZINC OXIDE) CREAM,https://dailymed.nlm.nih.gov/dailymed/drugInfo.cfm?setid=d61acaa0-73ef-eccf-e053-2995a90ad940
9ba94ecc-17c2-9e21-e053-2a95a90a9fac,include,auto,baby/kids word in product name,2026-10-08,BADGER CLEAR SPORT SPF 35 KIDS ALL SEASON FACE STICK (ZINC OXIDE) STICK,https://dailymed.nlm.nih.gov/dailymed/drugInfo.cfm?setid=9ba94ecc-17c2-9e21-e053-2a95a90a9fac
527f206f-9361-1ade-e054-00144ff8d46c,exclude,reviewed,"gift set / kit, not a single sunscreen",2026-10-08,BADGER ESSENTIAL BABY SET (ZINC OXIDE) KIT,https://dailymed.nlm.nih.gov/dailymed/drugInfo.cfm?setid=527f206f-9361-1ade-e054-00144ff8d46c
80a3671d-60e8-22fe-e053-2991aa0a094b,include,auto,baby/kids word in product name,2026-10-08,BADGER KIDS BROAD SPECTRUM SPF 40 NATURAL MINERAL SUNSCREEN CREAM (ZINC OXIDE) CREAM,https://dailymed.nlm.nih.gov/dailymed/drugInfo.cfm?setid=80a3671d-60e8-22fe-e053-2991aa0a094b
d619d2b4-bae8-bc76-e053-2995a90a369b,include,auto,baby/kids word in product name,2026-10-08,BADGER KIDS MINERAL SUNSCREEN CREAM BROAD SPECTRUM SPF 40 (ZINC OXIDE) CREAM,https://dailymed.nlm.nih.gov/dailymed/drugInfo.cfm?setid=d619d2b4-bae8-bc76-e053-2995a90a369b
9f527715-dd39-4580-bbd2-a0397be36cd3,include,auto,baby/kids word in product name,2026-10-08,BADGER KIDS SPF 30 SUNSCREEN (ZINC OXIDE) CREAM,https://dailymed.nlm.nih.gov/dailymed/drugInfo.cfm?setid=9f527715-dd39-4580-bbd2-a0397be36cd3
d1038442-ec86-07e3-e053-2995a90ad6ab,include,auto,baby/kids word in product name,2026-10-08,BADGER SPF 35 KIDS CLEAR FACE STICK (ZINC OXIDE) STICK,https://dailymed.nlm.nih.gov/dailymed/drugInfo.cfm?setid=d1038442-ec86-07e3-e053-2995a90ad6ab
f202dd0e-7c61-4ea1-a5f6-e90898366ba3,exclude,auto,not a sunscreen (classifier product type: skin_protectant),2026-10-08,"BALMEX DIAPER RASH (ZINC OXIDE) CREAM [RANDOB LABS,LTD.]",https://dailymed.nlm.nih.gov/dailymed/drugInfo.cfm?setid=f202dd0e-7c61-4ea1-a5f6-e90898366ba3
5258d9f9-a161-4695-e063-6394a90a47f8,include,auto,baby/kids word in product name,2026-10-08,"BANANA BABY (AVOBENZONE,OCTISALATE,OCTOCRYLENE) LOTION",https://dailymed.nlm.nih.gov/dailymed/drugInfo.cfm?setid=5258d9f9-a161-4695-e063-6394a90a47f8
5c01baa8-cee2-ee68-e063-6394a90ac29a,include,auto,baby/kids word in product name,2026-10-08,"BANANA BABY (HOMOSALATE,OCTISALATE,OCTOCRYLENE,ZINC OXIDE) AEROSOL, SPRAY",https://dailymed.nlm.nih.gov/dailymed/drugInfo.cfm?setid=5c01baa8-cee2-ee68-e063-6394a90ac29a
5c3ea09e-8bf0-7873-e063-6294a90a3fd3,include,auto,baby/kids word in product name,2026-10-08,"BANANA BABY (TITANIUM DIOXIDE,ZINC OXIDE) LOTION",https://dailymed.nlm.nih.gov/dailymed/drugInfo.cfm?setid=5c3ea09e-8bf0-7873-e063-6294a90a3fd3
53ee9b7d-9dff-7121-e063-6394a90ad38f,include,reviewed,front panel: Banana Boat Kids,2026-10-08,"BANANA BOAT (AVOBENZONE HOMOSALATE OCTISALATE OCTOCRYLENE OXYBENZONE) AEROSOL, SPRAY [EDGEWELL PERSONAL CARE BRANDS, LLC]",https://dailymed.nlm.nih.gov/dailymed/drugInfo.cfm?setid=53ee9b7d-9dff-7121-e063-6394a90ad38f
39a5a3be-f9a7-4fa1-e054-00144ff88e88,include,reviewed,front panel: Banana Boat Kids Max Protect & Play,2026-10-08,"BANANA BOAT (AVOBENZONE HOMOSALATE OCTISALATE OCTOCRYLENE OXYBENZONE) SPRAY [EDGEWELL PERSONAL CARE BRANDS, LLC]",https://dailymed.nlm.nih.gov/dailymed/drugInfo.cfm?setid=39a5a3be-f9a7-4fa1-e054-00144ff88e88
41376da3-5274-b133-e063-6394a90afa13,include,reviewed,front panel: Banana Boat Kids Sport,2026-10-08,BANANA BOAT (AVOBENZONE HOMOSALATE OCTOCRYLENE) LOTION [EDGEWELL PERSONAL CARE BRANDS LLC],https://dailymed.nlm.nih.gov/dailymed/drugInfo.cfm?setid=41376da3-5274-b133-e063-6394a90afa13
0c7b7571-7317-98bc-e063-6294a90aa29f,include,reviewed,front panel: Banana Boat Kids Sport,2026-10-08,"BANANA BOAT (AVOBENZONE, HOMOSALATE, OCTISALATE, OCTOCRYLENE) AEROSOL, SPRAY [EDGEWELL PERSONAL CARE BRANDS LLC]",https://dailymed.nlm.nih.gov/dailymed/drugInfo.cfm?setid=0c7b7571-7317-98bc-e063-6294a90aa29f
52582292-c1e2-1d61-e063-6294a90ad4d8,include,reviewed,front panel: Banana Boat kids Gentle,2026-10-08,"BANANA BOAT (AVOBENZONE, HOMOSALATE, OCTISALATE, OCTOCRYLENE) AEROSOL, SPRAY [EDGEWELL PERSONAL CARE BRANDS LLC]",https://dailymed.nlm.nih.gov/dailymed/drugInfo.cfm?setid=52582292-c1e2-1d61-e063-6294a90ad4d8
764401f3-4219-6e9b-e053-2991aa0a3ed2,include,reviewed,front panel: Banana Boat Kids Sport (Tear + Sting Free),2026-10-08,"BANANA BOAT (AVOBENZONE, HOMOSALATE, OCTISALATE, OCTOCRYLENE) SPRAY [EDGEWELL PERSONAL CARE BRANDS, LLC]",https://dailymed.nlm.nih.gov/dailymed/drugInfo.cfm?setid=764401f3-4219-6e9b-e053-2991aa0a3ed2
53d50644-b698-6474-e063-6394a90ac347,include,reviewed,front panel: Banana Boat kids Gentle stick,2026-10-08,"BANANA BOAT (AVOBENZONE, HOMOSALATE, OCTISALATE, OCTOCRYLENE) STICK [EDGEWELL PERSONAL CARE BRANDS LLC]",https://dailymed.nlm.nih.gov/dailymed/drugInfo.cfm?setid=53d50644-b698-6474-e063-6394a90ac347
616d35f6-63d2-3d26-e053-2991aa0a5b44,include,reviewed,front panel: Banana Boat Kids Sport stick,2026-10-08,"BANANA BOAT (AVOBENZONE, HOMOSALATE, OCTISALATE, OCTOCRYLENE) STICK [EDGEWELL PERSONAL CARE BRANDS LLC]",https://dailymed.nlm.nih.gov/dailymed/drugInfo.cfm?setid=616d35f6-63d2-3d26-e053-2991aa0a5b44
0c6aeadb-f61d-29e3-e063-6294a90a7473,include,reviewed,front panel: Banana Boat Kids Sport lotion,2026-10-08,"BANANA BOAT (AVOBENZONE, HOMOSALATE, OCTOCRYLENE) LOTION [EDGEWELL PERSONAL CARE BRANDS LLC]",https://dailymed.nlm.nih.gov/dailymed/drugInfo.cfm?setid=0c6aeadb-f61d-29e3-e063-6294a90a7473
353353b9-54f8-4300-9632-7615de394076,include,reviewed,front panel: Banana Boat Kids Max Protect & Play,2026-10-08,"BANANA BOAT (AVOBENZONE, OCTOCRYLENE, OXYBENZONE) LOTION [EDGEWELLPERSONAL CARE BRANDS LLC]",https://dailymed.nlm.nih.gov/dailymed/drugInfo.cfm?setid=353353b9-54f8-4300-9632-7615de394076
45117885-c674-b58a-e063-6394a90af5f4,exclude,reviewed,'pediatrician approved' claim only,2026-10-08,"BANANA BOAT (AVOBENZONE,HOMOSALATE,OCTISALATE,OCTOCRYLENE) AEROSOL [EDGEWELL PERSONAL CARE BRANDS LLC]",https://dailymed.nlm.nih.gov/dailymed/drugInfo.cfm?setid=45117885-c674-b58a-e063-6394a90af5f4
5192a269-96ae-b8e7-e063-6394a90a5ad9,exclude,reviewed,'pediatrician approved' claim only,2026-10-08,"BANANA BOAT (AVOBENZONE,HOMOSALATE,OCTISALATE,OCTOCRYLENE) AEROSOL, SPRAY [EDGEWELL PERSONAL CARE BRANDS LLC]",https://dailymed.nlm.nih.gov/dailymed/drugInfo.cfm?setid=5192a269-96ae-b8e7-e063-6394a90a5ad9
44fe0844-cb74-7a04-e063-6294a90aca15,exclude,reviewed,'pediatrician approved' claim only,2026-10-08,"BANANA BOAT (AVOBENZONE,HOMOSALATE,OCTISALATE,OCTOCRYLENE) LOTION [EDGEWELL PERSONAL CARE BRANDS LLC]",https://dailymed.nlm.nih.gov/dailymed/drugInfo.cfm?setid=44fe0844-cb74-7a04-e063-6294a90aca15
44ffd469-0205-846f-e063-6294a90af6b5,exclude,reviewed,'pediatrician approved' claim only,2026-10-08,"BANANA BOAT (AVOBENZONE,HOMOSALATE,OCTISALATE,OCTOCRYLENE) LOTION [EDGEWELL PERSONAL CARE BRANDS LLC]",https://dailymed.nlm.nih.gov/dailymed/drugInfo.cfm?setid=44ffd469-0205-846f-e063-6294a90af6b5
551baf59-39b8-e994-e063-6294a90a65e6,include,reviewed,front panel: Banana Boat kids Gentle roll-on,2026-10-08,"BANANA BOAT (AVOBENZONE,HOMOSALATE,OCTISALATE,OCTOCRYLENE) LOTION [EDGEWELL PERSONAL CARE BRANDS LLC]",https://dailymed.nlm.nih.gov/dailymed/drugInfo.cfm?setid=551baf59-39b8-e994-e063-6294a90a65e6
551fcab5-4f36-0db1-e063-6294a90a9636,exclude,reviewed,'pediatrician approved' claim only,2026-10-08,"BANANA BOAT (AVOBENZONE,HOMOSALATE,OCTISALATE,OCTOCRYLENE) LOTION [EDGEWELL PERSONAL CARE BRANDS LLC]",https://dailymed.nlm.nih.gov/dailymed/drugInfo.cfm?setid=551fcab5-4f36-0db1-e063-6294a90a9636
5520e425-d1e8-2c1d-e063-6294a90af839,exclude,reviewed,'pediatrician approved' claim only,2026-10-08,"BANANA BOAT (AVOBENZONE,HOMOSALATE,OCTISALATE,OCTOCRYLENE) LOTION [EDGEWELL PERSONAL CARE BRANDS LLC]",https://dailymed.nlm.nih.gov/dailymed/drugInfo.cfm?setid=5520e425-d1e8-2c1d-e063-6294a90af839
05cb5a91-205f-b652-e063-6294a90a0664,include,reviewed,front panel: Banana Boat Kids 360 Coverage,2026-10-08,"BANANA BOAT (AVOBENZONE,HOMOSALATE,OCTISALATE,OCTOCRYLENE) SPRAY [EDGEWELL PERSONAL CARE BRANDS LLC]",https://dailymed.nlm.nih.gov/dailymed/drugInfo.cfm?setid=05cb5a91-205f-b652-e063-6294a90a0664
28f08236-1f01-d759-e063-6294a90adcfa,include,reviewed,front panel: Banana Boat baby,2026-10-08,"BANANA BOAT (AVOBENZONE,OCTISALATE,OCTOCRYLENE) LOTION [EDGEWELL PERSONAL CARE BRANDS LLC]",https://dailymed.nlm.nih.gov/dailymed/drugInfo.cfm?setid=28f08236-1f01-d759-e063-6294a90adcfa
3c49c623-47c6-4dc9-e063-6294a90a0096,include,reviewed,front panel: Banana Boat Kids Max Protect & Play,2026-10-08,BANANA BOAT (AVOBENZONE/OCTOCRYLENE/OXYBENZONE) LOTION [EDGEWELL PERSONAL CARE BRANDS LLC],https://dailymed.nlm.nih.gov/dailymed/drugInfo.cfm?setid=3c49c623-47c6-4dc9-e063-6294a90a0096
5520e284-9e98-3152-e063-6294a90ae83b,include,reviewed,front panel: Banana Boat Kids Gentle,2026-10-08,BANANA BOAT (AVOBENZONE/OCTOCRYLENE/OXYBENZONE) LOTION [EDGEWELL PERSONAL CARE BRANDS LLC],https://dailymed.nlm.nih.gov/dailymed/drugInfo.cfm?setid=5520e284-9e98-3152-e063-6294a90ae83b
0ad8187d-43a3-933b-e063-6294a90a20c4,include,reviewed,front panel: Banana Boat baby mineral enriched,2026-10-08,"BANANA BOAT (HOMOSALATE,OCTISALATE,OCTOCRYLENE,ZINC OXIDE) SPRAY [EDGEWELL PERSONAL CARE BRANDS, LLC]",https://dailymed.nlm.nih.gov/dailymed/drugInfo.cfm?setid=0ad8187d-43a3-933b-e063-6294a90a20c4
441a46f0-ecda-4448-e054-00144ff88e88,include,reviewed,front panel: Banana Boat Kids Sport,2026-10-08,"BANANA BOAT (TITANIUM DIOXIDE, ZINC OXIDE) LOTION [EDGEWELL PERSONAL CARE BRANDS, LLC]",https://dailymed.nlm.nih.gov/dailymed/drugInfo.cfm?setid=441a46f0-ecda-4448-e054-00144ff88e88
decfb4bd-c7aa-46eb-ac08-eee56ef4390f,include,reviewed,front panel: Banana Boat Baby Tear Free,2026-10-08,"BANANA BOAT (TITANIUM DIOXIDE, ZINC OXIDE) LOTION [ENERGIZER PERSONAL CARE LLC]",https://dailymed.nlm.nih.gov/dailymed/drugInfo.cfm?setid=decfb4bd-c7aa-46eb-ac08-eee56ef4390f
4e0450ca-147a-91d7-e063-6394a90ae73b,include,reviewed,front panel: Banana Boat Baby Mineral,2026-10-08,"BANANA BOAT (TITANIUM DIOXIDE,ZINC OXIDE) LOTION [EDGEWELL PERSONAL CARE BRANDS LLC]",https://dailymed.nlm.nih.gov/dailymed/drugInfo.cfm?setid=4e0450ca-147a-91d7-e063-6394a90ae73b
4f5896a6-0639-5589-e063-6294a90a45a9,include,reviewed,front panel: Banana Boat Kids Mineral,2026-10-08,"BANANA BOAT (TITANIUM DIOXIDE,ZINC OXIDE) LOTION [EDGEWELL PERSONAL CARE BRANDS LLC]",https://dailymed.nlm.nih.gov/dailymed/drugInfo.cfm?setid=4f5896a6-0639-5589-e063-6294a90a45a9
5b9a32ab-4ab7-475d-e063-6294a90a49ba,include,reviewed,front panel: Banana Boat Mineral kids Gentle,2026-10-08,"BANANA BOAT (TITANIUM DIOXIDE,ZINC OXIDE) LOTION [EDGEWELL PERSONAL CARE BRANDS LLC]",https://dailymed.nlm.nih.gov/dailymed/drugInfo.cfm?setid=5b9a32ab-4ab7-475d-e063-6294a90a49ba
1ba50f16-4b76-825f-e063-6294a90a2a4d,include,reviewed,front panel: Banana Boat Kids mineral,2026-10-08,"BANANA BOAT (ZINC OXIDE) AEROSOL, SPRAY [EDGEWELL PERSONAL CARE BRANDS LLC]",https://dailymed.nlm.nih.gov/dailymed/drugInfo.cfm?setid=1ba50f16-4b76-825f-e063-6294a90a2a4d
551d4961-c15a-283e-e063-6294a90a334a,include,reviewed,front panel: Banana Boat Mineral Kids Gentle,2026-10-08,"BANANA BOAT (ZINC OXIDE) AEROSOL, SPRAY [EDGEWELL PERSONAL CARE BRANDS LLC]",https://dailymed.nlm.nih.gov/dailymed/drugInfo.cfm?setid=551d4961-c15a-283e-e063-6294a90a334a
05bbe530-df26-e598-e063-6394a90a0c59,include,reviewed,front panel: Banana Boat baby mineral stick,2026-10-08,BANANA BOAT (ZINC OXIDE) STICK [EDGEWELL PERSONAL CARE BRANDS LLC],https://dailymed.nlm.nih.gov/dailymed/drugInfo.cfm?setid=05bbe530-df26-e598-e063-6394a90a0c59
c780d5cf-8388-42e0-e053-2a95a90a7c04,include,auto,baby/kids word in product name,2026-10-08,"BANANA BOAT BABY MINERAL ENRICHED SUNSCREEN UVA/UVB PROTECTION BROAD SPECTRUM SPF 50PLUS (HOMOSALATE,OCTISALATE,OCTOCRYLENE,ZINC OXIDE) LOTION",https://dailymed.nlm.nih.gov/dailymed/drugInfo.cfm?setid=c780d5cf-8388-42e0-e053-2a95a90a7c04
2a9d4264-c51b-40ce-880b-bb61470f8002,include,auto,baby/kids word in product name,2026-10-08,BANANA BOAT BABY SIN LAGRIMAS SPF 50 PUMP (HOMOSALATE AND OCTINOXATE AND OCTISALATE AND OCTOCRYLENE AND AVOBENZONE) SPRAY,https://dailymed.nlm.nih.gov/dailymed/drugInfo.cfm?setid=2a9d4264-c51b-40ce-880b-bb61470f8002
bcebfcd8-e4f0-482e-abb7-4e7ca3cfa0b9,include,auto,baby/kids word in product name,2026-10-08,BANANA BOAT BABY TEAR FREE LOTION SPF 50 (HOMOSALATE AND OCTINOXATE AND OCTISALATE AND OCTOCRYLENE AND AVOBENZONE) SPRAY,https://dailymed.nlm.nih.gov/dailymed/drugInfo.cfm?setid=bcebfcd8-e4f0-482e-abb7-4e7ca3cfa0b9
c70b480d-4475-4476-973e-38546dc1c755,include,auto,baby/kids word in product name,2026-10-08,BANANA BOAT BABY TEAR FREE SUNSCREEN SPF 60 (HOMOSALATE AND OCTINOXATE AND OCTISALATE AND AVOBENZONE AND OCTOCRYLENE) SPRAY,https://dailymed.nlm.nih.gov/dailymed/drugInfo.cfm?setid=c70b480d-4475-4476-973e-38546dc1c755
0c238393-1035-19aa-e054-00144ff88e88,include,auto,baby/kids word in product name,2026-10-08,BANANA BOAT KIDS FREE 50 SPRAY,https://dailymed.nlm.nih.gov/dailymed/drugInfo.cfm?setid=0c238393-1035-19aa-e054-00144ff88e88
dc7701b5-0c73-b4df-e053-2a95a90a0f1b,include,auto,baby/kids word in product name,2026-10-08,"BANANA BOAT KIDS MINERAL PROTECTION SPF50 (TITANIUM DIOXIDE,ZINC OXIDE) LOTION",https://dailymed.nlm.nih.gov/dailymed/drugInfo.cfm?setid=dc7701b5-0c73-b4df-e053-2a95a90a0f1b
caf72244-e9ec-4a53-b7ff-232834a12a87,include,auto,baby/kids word in product name,2026-10-08,BANANA BOAT KIDS PROTECT AND PLAY SPF 50 (AVOBENZONE AND OCTOCRYLENE AND OXYBENZONE) SPRAY,https://dailymed.nlm.nih.gov/dailymed/drugInfo.cfm?setid=caf72244-e9ec-4a53-b7ff-232834a12a87
5a1bf0be-2a9f-409a-b91e-31ee02913430,include,auto,baby/kids word in product name,2026-10-08,BANANA BOAT KIDS PROTECT AND PLAY SPF 85 (AVOBENZONE AND HOMOSALATE AND OCTOCRYLENE AND OXYBENZONE) SPRAY,https://dailymed.nlm.nih.gov/dailymed/drugInfo.cfm?setid=5a1bf0be-2a9f-409a-b91e-31ee02913430
e72f2ad6-f3cb-418d-9ff3-d857cfbe0c21,include,auto,baby/kids word in product name,2026-10-08,BANANA BOAT KIDS SIN LAGRIMAS PUMP SPF 50 (HOMOSALATE AND OCTINOXATE AND OCTISALATE AND OCTOCRYLENE AND AVOBENZONE) SPRAY,https://dailymed.nlm.nih.gov/dailymed/drugInfo.cfm?setid=e72f2ad6-f3cb-418d-9ff3-d857cfbe0c21
dc7b0d17-d7c8-433f-e053-2995a90a477d,include,auto,baby/kids word in product name,2026-10-08,"BANANA BOAT KIDS SPF 65 CLEAR SUNSCREEN (AVOBENZONE,HOMOSALATE,OCTISALATE,OCTOCRYLENE) AEROSOL, SPRAY",https://dailymed.nlm.nih.gov/dailymed/drugInfo.cfm?setid=dc7b0d17-d7c8-433f-e053-2995a90a477d
c7563a84-f622-dad6-e053-2a95a90aa8d9,include,auto,baby/kids word in product name,2026-10-08,"BANANA BOAT KIDS SPORT SUNSCREEN ROLL-ON UVA/UVB BROAD SPECTRUM SPF 60 PLUS (AVOBENZONE,HOMOSALATE,OCTISALATE,OCTOCRYLENE) LOTION",https://dailymed.nlm.nih.gov/dailymed/drugInfo.cfm?setid=c7563a84-f622-dad6-e053-2a95a90aa8d9
09037f54-a121-4132-957f-1c01f3a70ebc,include,auto,baby/kids word in product name,2026-10-08,BANANA BOAT KIDS TEAR FREE CONTINUOUS SPF 50 (AVOBENZONE AND HOMOSALATE AND OCTINOXATE AND OCTISALATE AND OCTOCRYLENE) SPRAY,https://dailymed.nlm.nih.gov/dailymed/drugInfo.cfm?setid=09037f54-a121-4132-957f-1c01f3a70ebc
0329bfae-3f38-4fcd-be77-f92c67657bb5,include,auto,baby/kids word in product name,2026-10-08,BANANA BOAT KIDS TEAR FREE SUNSCREEN SPF 60 (HOMOSALATE AND OCTINOXATE AND OCTISALATE AND AVOBENZONE AND OCTOCRYLENE) SPRAY,https://dailymed.nlm.nih.gov/dailymed/drugInfo.cfm?setid=0329bfae-3f38-4fcd-be77-f92c67657bb5
89d05291-4ee5-48c6-be1d-7ac30f323bcb,include,auto,baby/kids word in product name,2026-10-08,BANANA BOAT KIDS ULTRAMIST TEAR FREE SPF 30 (AVOBENZONE AND HOMOSALATE AND OCTISALATE AND OCTOCRYLENE) SPRAY,https://dailymed.nlm.nih.gov/dailymed/drugInfo.cfm?setid=89d05291-4ee5-48c6-be1d-7ac30f323bcb
c76746a5-e6d6-b146-e053-2995a90a1191,include,reviewed,front panel: Banana Boat Kids Sport ultra,2026-10-08,"BANANA BOAT SPORT ULTRA SUNSCREEN ROLL-ON UVA/UVB BROAD SPECTRUM SPF 60 PLUS (AVOBENZONE,HOMOSALATE,OCTISALATE,OCTOCRYLENE) LOTION [EDGEWELL PERSONAL CARE BRANDS LLC]",https://dailymed.nlm.nih.gov/dailymed/drugInfo.cfm?setid=c76746a5-e6d6-b146-e053-2995a90a1191
3aa6550e-d1ed-4064-bf58-e694705669a8,include,auto,baby/kids word in product name,2026-10-08,BANANA BOAT ULTRA MIST KIDS FPS 60 LATAM (HOMOSALATE AND OCTINOXATE AND OCTISALATE AND OCTOCRYLENE AND OXYBENZONE AND AVOBENZONE) SPRAY,https://dailymed.nlm.nih.gov/dailymed/drugInfo.cfm?setid=3aa6550e-d1ed-4064-bf58-e694705669a8
6d0a8efb-4da9-4cb5-b1d3-c9dad05fa9a6,include,auto,baby/kids word in product name,2026-10-08,BANANA BOAT ULTRAMIST BABY TEAR FREE CONTINUOUS SPF 50 (AVOBENZONE AND HOMOSALATE AND OCTINOXATE AND OCTISALATE AND OCTOCRYLENE) SPRAY,https://dailymed.nlm.nih.gov/dailymed/drugInfo.cfm?setid=6d0a8efb-4da9-4cb5-b1d3-c9dad05fa9a6
5af11bbe-0dec-416c-8f37-e93b14a940b6,include,auto,baby/kids word in product name,2026-10-08,BANANA BOAT ULTRAMIST KIDS SPF 50 FACTOR DE PROTECCION SOLAR 50 (HOMOSALATE AND OCTINOXATE AND OCTISALATE AND OCTOCRYLENE AND AVOBENZONE) SPRAY,https://dailymed.nlm.nih.gov/dailymed/drugInfo.cfm?setid=5af11bbe-0dec-416c-8f37-e93b14a940b6
03fbbb81-bd8b-488a-b013-d06203bf5c7f,include,auto,baby/kids word in product name,2026-10-08,BANANA BOAT ULTRAMIST KIDS TEAR FREE LOTION SPF 50 (HOMOSALATE AND OCTINOXATE AND OCTISALATE AND OCTOCRYLENE AND AVOBENZONE) SPRAY,https://dailymed.nlm.nih.gov/dailymed/drugInfo.cfm?setid=03fbbb81-bd8b-488a-b013-d06203bf5c7f
1c30de8a-4d29-bbac-e063-6294a90a84d9,exclude,reviewed,"front-panel image checked: front panel 'Bath & Body Works SPF 50 Sunscreen Lotion Waikiki Beach Coconut'; 'children' only in Drug Facts (OCR flag, verified on the image 2026-10-09)",2026-10-09,"BATH AND BODY WORKS SPF WAIKIKI BEACH COCONUT (AVOBENZONE,HOMOSALATE,OCTISALATE,OCTOCRYLENE) LOTION [BATH & BODY WORKS, INC.]",https://dailymed.nlm.nih.gov/dailymed/drugInfo.cfm?setid=1c30de8a-4d29-bbac-e063-6294a90a84d9
aa977e07-83a9-3e6e-e053-2a95a90a25a9,include,auto,baby/kids word in product name,2026-10-08,BEBAK BABY SUN (OXYBENZONE) LOTION,https://dailymed.nlm.nih.gov/dailymed/drugInfo.cfm?setid=aa977e07-83a9-3e6e-e053-2a95a90a25a9
eb8512db-f8a9-432c-8779-2971411ce43d,exclude,auto,not a sunscreen (classifier product type: skin_protectant),2026-10-05,"BEBE BOTTOMS (ZINC OXIDE) SPRAY [TARO PHARMACEUTICALS U.S.A., INC.]",https://dailymed.nlm.nih.gov/dailymed/drugInfo.cfm?setid=eb8512db-f8a9-432c-8779-2971411ce43d
ae76149e-29eb-5ee4-e053-2995a90a7957,exclude,reviewed,"front-panel image checked: Not a sunscreen; 'Children under 6 years of age, use only under adult supervision. Not recommended for infants' in Directions (OCR flag, verified on the image 2026-10-09)",2026-10-09,"BEKLYN ABSOLUTE PURIFYING HAND GEL REFRESHING ALOE 180ML (TITANIUM DIOXIDE, HYPOCHLOROUS ACID) GEL [MY CORP.,LTD]",https://dailymed.nlm.nih.gov/dailymed/drugInfo.cfm?setid=ae76149e-29eb-5ee4-e053-2995a90a7957
aa75c00a-13c5-0e3e-e053-2a95a90ad321,exclude,reviewed,"front-panel image checked: Not a sunscreen; 'children'/'infants' only in directions/warnings (OCR flag, verified on the image 2026-10-09)",2026-10-09,"BEKLYN ABSOLUTE PURIFYING-SPRAY (TITANIUM DIOXIDE, HYPOCHLOROUS ACID) LIQUID [MY CORP.,LTD]",https://dailymed.nlm.nih.gov/dailymed/drugInfo.cfm?setid=aa75c00a-13c5-0e3e-e053-2a95a90ad321
48ce4ef7-e24a-4894-e063-6294a90a49c8,exclude,reviewed,"front-panel image checked: front: 'Bella's Friends Spray Mineral Sunscreen Broad Spectrum 50'; no baby/kids word on front; 'children' only in Drug Facts (OCR flag, verified on the image 2026-10-09)",2026-10-09,BELLA S FRIENDS SPF50 SUNSCREEN (ZINC OXIDE) SPRAY [PANERGYTEK USA INC],https://dailymed.nlm.nih.gov/dailymed/drugInfo.cfm?setid=48ce4ef7-e24a-4894-e063-6294a90a49c8
9a839508-daed-45b3-b347-fbe3c63e57f5,exclude,auto,not a sunscreen (classifier product type: skin_protectant),2026-10-08,"BENSON BOTTOM PAINT (ZINC OXIDE) CREAM [BENSON'S BOTTOM PAINT , INC]",https://dailymed.nlm.nih.gov/dailymed/drugInfo.cfm?setid=9a839508-daed-45b3-b347-fbe3c63e57f5
e4b70fdb-7548-175c-e053-2995a90adfe6,include,auto,baby/kids word in product name,2026-10-08,"BIG LOTS SOUNDBODY KIDS SUNSCREEN SPF 50 (AVOBENZONE, HOMOSALATE, OCTISALATE, OCTOCRYLENE) SPRAY",https://dailymed.nlm.nih.gov/dailymed/drugInfo.cfm?setid=e4b70fdb-7548-175c-e053-2995a90adfe6
f0dcb5d8-a3e5-4334-e053-2995a90a535a,include,reviewed,"front-panel image: Variant BIG24409 front: '50 SPF Kids sunscreen lotion'; other variants Ultra Sport (OCR flag, verified on the image 2026-10-09)",2026-10-09,"BIG LOTS SOUNDBODY SPF 50 ULTRA SPORT SUNSCREEN (AVOBENZONE, HOMOSALATE, OCTOCRYLENE) LOTION [BIG LOTS STORES, INC.]",https://dailymed.nlm.nih.gov/dailymed/drugInfo.cfm?setid=f0dcb5d8-a3e5-4334-e053-2995a90a535a
354ef99d-a94d-438d-b62f-c91b2107e266,include,auto,baby/kids word in product name,2026-10-08,"BILBOA KIDS SUNSCREEN SPF 50 PLUS (HOMOSALATE, OCTISALATE, OXYBENZONE, ZINC OXIDE) LOTION",https://dailymed.nlm.nih.gov/dailymed/drugInfo.cfm?setid=354ef99d-a94d-438d-b62f-c91b2107e266
452b9b7d-4049-b483-e063-6394a90a5358,include,auto,baby/kids word in product name,2026-10-08,BINDA BOTANICALS BABY AND KIDS SUNSCREEN SPF50 (ZINC OXIDE SUNSCREEN) CREAM,https://dailymed.nlm.nih.gov/dailymed/drugInfo.cfm?setid=452b9b7d-4049-b483-e063-6394a90a5358
302bccc6-7bf3-cc69-e063-6294a90a625c,include,auto,baby/kids word in product name,2026-10-08,BLACK GIRL SUNSCREEN MAKE IT MINERAL BABY (ZINC OXIDE) LOTION,https://dailymed.nlm.nih.gov/dailymed/drugInfo.cfm?setid=302bccc6-7bf3-cc69-e063-6294a90a625c
2bc471f0-c93e-0c51-e063-6394a90a77f0,include,reviewed,front panel: Black Girl Sunscreen Kids,2026-10-08,"BLACK GIRL SUNSCREEN SPF 50 BROAD SPECTRUM (AVOBENZONE, HOMOSALATE, OCTISALATE) LOTION [BLACK GIRL SUNSCREEN, LLC]",https://dailymed.nlm.nih.gov/dailymed/drugInfo.cfm?setid=2bc471f0-c93e-0c51-e063-6394a90a77f0
d53ff8f5-0b06-1e8b-e053-2a95a90ab924,include,auto,baby/kids word in product name,2026-10-08,"BLACK GIRL SUNSCREEN SPF 50 KIDS (AVOBENZONE 3%, HOMOSALATE 15%, OCTISALATE 5%, OCTOCRYLENE 10%) SPRAY",https://dailymed.nlm.nih.gov/dailymed/drugInfo.cfm?setid=d53ff8f5-0b06-1e8b-e053-2a95a90ab924
e0983d07-efac-4738-acd7-2e86dffa552b,include,auto,baby/kids word in product name,2026-10-08,"BLI HOLDING MIAMI BEACH KIDS SPF 50 (AVOBENZONE, HOMOSALATE, OCTISALATE, OCTOCRYLENE AND OXYBENZONE) AEROSOL, SPRAY",https://dailymed.nlm.nih.gov/dailymed/drugInfo.cfm?setid=e0983d07-efac-4738-acd7-2e86dffa552b
6053bc07-3060-4610-864d-d549df6dc926,include,auto,baby/kids word in product name,2026-10-08,"BLI HOLDINGS MIAMI BEACH KIDS SPF 50 (AVOBENZONE, HOMOSALATE, OCTISALATE, OCTOCRYLENE, AND OXYBENZONE) LOTION",https://dailymed.nlm.nih.gov/dailymed/drugInfo.cfm?setid=6053bc07-3060-4610-864d-d549df6dc926
9948f5b8-43bd-1c99-e053-2a95a90a6121,include,auto,baby/kids word in product name,2026-10-08,BLUE LIZARD BABY SPF 50 (ZINC OXIDE) STICK,https://dailymed.nlm.nih.gov/dailymed/drugInfo.cfm?setid=9948f5b8-43bd-1c99-e053-2a95a90a6121
32d6e04a-fa30-ba48-e063-6394a90a1bbf,include,auto,baby/kids word in product name,2026-10-08,BLUE LIZARD BABY SPF 50 SUNSCREEN (TITANIUM DIOXIDE AND ZINC OXIDE) LOTION,https://dailymed.nlm.nih.gov/dailymed/drugInfo.cfm?setid=32d6e04a-fa30-ba48-e063-6394a90a1bbf
9d237fb7-4f5f-521d-e053-2a95a90a9734,include,auto,baby/kids word in product name,2026-10-08,BLUE LIZARD BABY SPF 50 SUNSCREEN (TITANIUM DIOXIDE AND ZINC OXIDE) LOTION,https://dailymed.nlm.nih.gov/dailymed/drugInfo.cfm?setid=9d237fb7-4f5f-521d-e053-2a95a90a9734
bfefb36b-0858-6e4d-e053-2a95a90a01ce,include,auto,baby/kids word in product name,2026-10-08,BLUE LIZARD KIDS SPF 50 (ZINC OXIDE) SPRAY,https://dailymed.nlm.nih.gov/dailymed/drugInfo.cfm?setid=bfefb36b-0858-6e4d-e053-2a95a90a01ce
9983563c-1e63-0748-e053-2a95a90a971e,include,auto,baby/kids word in product name,2026-10-08,BLUE LIZARD KIDS SPF 50 (ZINC OXIDE) STICK,https://dailymed.nlm.nih.gov/dailymed/drugInfo.cfm?setid=9983563c-1e63-0748-e053-2a95a90a971e
ba4ae906-48c0-8384-e053-2995a90afb91,include,auto,baby/kids word in product name,2026-10-08,BLUE LIZARD KIDS SPF 50 SUNSCREEN (OCTISALATE AND TITANIUM DIOXIDE AND ZINC OXIDE) LOTION,https://dailymed.nlm.nih.gov/dailymed/drugInfo.cfm?setid=ba4ae906-48c0-8384-e053-2995a90afb91
2f780daa-4c91-5a68-e063-6394a90afd41,include,auto,baby/kids word in product name,2026-10-08,BLUE LIZARD KIDS SPF 50 SUNSCREEN (TITANIUM DIOXIDE AND ZINC OXIDE) LOTION,https://dailymed.nlm.nih.gov/dailymed/drugInfo.cfm?setid=2f780daa-4c91-5a68-e063-6394a90afd41
1aae0291-f16f-7840-e063-6394a90a3443,include,auto,baby/kids word in product name,2026-10-08,BOB KIDS SPF 30 ZINC ONLY (ZINC OXIDE) POWDER,https://dailymed.nlm.nih.gov/dailymed/drugInfo.cfm?setid=1aae0291-f16f-7840-e063-6394a90a3443
efa5c501-273c-5e97-e053-2995a90a865b,include,auto,"auto-rule v1: baby/kids word in product name, sunscreen, not a kit",2026-10-08,"BOB KIDS SUN BALM SPF 40 (ZINC OXIDE 23%) CREAM [SPF VENTURES, LLC]",https://dailymed.nlm.nih.gov/dailymed/drugInfo.cfm?setid=efa5c501-273c-5e97-e053-2995a90a865b
e1717250-2847-463a-b0ed-a4434503c1b2,exclude,auto,not a sunscreen (classifier product type: skin_protectant),2026-10-08,"BOOTY GOO (ZINC OXIDE) OINTMENT [SKIN SAKE, LLC]",https://dailymed.nlm.nih.gov/dailymed/drugInfo.cfm?setid=e1717250-2847-463a-b0ed-a4434503c1b2
75763dc1-c762-42fc-a8fe-4d9d7bde0ce6,include,auto,"auto-rule v1: baby/kids word in product name, sunscreen, not a kit",2026-10-08,BOTAO - GROW NATURALLY MINERAL SUNSCREEN CLEAR FACIAL STICK FOR BABIES AND KIDS SPF 50 (ZINC OXIDE) STICK [PEER PHARM LTD.],https://dailymed.nlm.nih.gov/dailymed/drugInfo.cfm?setid=75763dc1-c762-42fc-a8fe-4d9d7bde0ce6
df60a70e-e6c0-41b3-e053-2995a90af176,exclude,auto,not a sunscreen (classifier product type: skin_protectant),2026-10-08,BOTAO BABY DIAPER RASH CREAM (ZINC OXIDE) CREAM [PEER PHARM LTD.],https://dailymed.nlm.nih.gov/dailymed/drugInfo.cfm?setid=df60a70e-e6c0-41b3-e053-2995a90af176
e1564df9-90cb-0b1f-e053-2a95a90acb5e,include,auto,baby/kids word in product name,2026-10-08,BOTAO BABY MINERAL SUNSCREEN L (ZINC OXIDE) LOTION,https://dailymed.nlm.nih.gov/dailymed/drugInfo.cfm?setid=e1564df9-90cb-0b1f-e053-2a95a90acb5e
a289ed3c-3c7a-4eda-bf5e-139203d2e17e,exclude,auto,not a sunscreen (classifier product type: skin_protectant),2026-10-05,"BOUDREAUXS BABY SHOWER BUNDLE (ZINC OXIDE) KIT [C.B. FLEET COMPANY, INC.]",https://dailymed.nlm.nih.gov/dailymed/drugInfo.cfm?setid=a289ed3c-3c7a-4eda-bf5e-139203d2e17e
cac6ded7-228d-4581-8b6c-0ab8d5c71e84,include,reviewed,"front-panel image: Front panel: 'daylogic kids SUNSCREEN LOTION BROAD SPECTRUM SPF 50' (OCR flag, verified on the image 2026-10-09)",2026-10-09,BROAD SPECTRUM SPF 50 DAYLOGIC (AVOBENZONE 3% HOMOSALATE 13% OCTISALATE 5% OCTOCRYLENE 7% OXYBENZONE 4%) LOTION [RITE AID],https://dailymed.nlm.nih.gov/dailymed/drugInfo.cfm?setid=cac6ded7-228d-4581-8b6c-0ab8d5c71e84
25f060eb-628c-4a11-b1d7-06922ee86b24,include,auto,"auto-rule v1: baby/kids word in product name, sunscreen, not a kit",2026-10-08,BROAD SPECTRUM SPF50 WATER RESISTANT (80 MINUTES) MINERAL SUNSCREEN UVA UVB PROTECTION STICK FOR KIDS (ZINC OXIDE) STICK [ARUBA ALOE BALM NV],https://dailymed.nlm.nih.gov/dailymed/drugInfo.cfm?setid=25f060eb-628c-4a11-b1d7-06922ee86b24
2f17b5fe-44da-964b-e063-6394a90ae699,include,auto,baby/kids word in product name,2026-10-08,BRUSH ON BLOCK SPF 50 KIDS MINERAL (ZINC OXIDE) SPRAY,https://dailymed.nlm.nih.gov/dailymed/drugInfo.cfm?setid=2f17b5fe-44da-964b-e063-6394a90ae699
0bdf463c-2139-9376-e063-6394a90a33ea,exclude,auto,not a sunscreen (classifier product type: skin_protectant),2026-10-08,BUDDLE BOTTOM BUDDY DIAPER CREAM (ZINC OXIDE) CREAM [THE GOODSPROUT COMPANY LLC],https://dailymed.nlm.nih.gov/dailymed/drugInfo.cfm?setid=0bdf463c-2139-9376-e063-6394a90a33ea
0b77720a-f831-266c-e063-6394a90a3135,exclude,auto,not a sunscreen (classifier product type: skin_protectant),2026-10-08,"BUDDLE DIAPER RASH RESCUE HEALING (WHITE PETROLATUM, ZINC OXIDE) PASTE [THE GOODSPROUT COMPANY LLC]",https://dailymed.nlm.nih.gov/dailymed/drugInfo.cfm?setid=0b77720a-f831-266c-e063-6394a90a3135
81c929b7-f925-4498-889d-3b26ff2e05bf,include,auto,baby/kids word in product name,2026-10-08,"BULL FROG KIDS MIST 50 (AVOBENZONE, HOMOSALATE, OCTISALATE, OXYBENZONE, OCTOCRYLENE) SPRAY",https://dailymed.nlm.nih.gov/dailymed/drugInfo.cfm?setid=81c929b7-f925-4498-889d-3b26ff2e05bf
60cdfbfa-9f3e-4ad0-9e96-6fd498748f06,include,auto,baby/kids word in product name,2026-10-08,"BULL FROG KIDS SUNSCREEN 35 (AVOBENZONE, HOMOSALATE, OCTISALATE, OXYBENZONE, OCTOCRYLENE) LOTION",https://dailymed.nlm.nih.gov/dailymed/drugInfo.cfm?setid=60cdfbfa-9f3e-4ad0-9e96-6fd498748f06
f70b39c6-9f40-f5c1-e053-6394a90a1d43,exclude,reviewed,"front-panel image checked: Only 'Suitable for the entire family' (side copy), 'children under 6 months: ask a doctor', and repellent directions re children; front 'Bull Frog SPF 50 Mosquito Coast Sunscreen + Insect Repellent' (OCR flag, verified on the image 2026-10-09)",2026-10-09,"BULL FROG SPF 50 MOSQUITO COAST SUNSCREEN PLUS INSPECT REPELLENT (AVOBENZONE, HOMOSALATE, OCTINOXATE, OCTISALATE, OCTOCRYLENE) AEROSOL, SPRAY [BULLFROG BRANDS, LLC.]",https://dailymed.nlm.nih.gov/dailymed/drugInfo.cfm?setid=f70b39c6-9f40-f5c1-e053-6394a90a1d43
765a4d0d-a861-4cfc-a87e-bc6b9a35862a,exclude,auto,not a sunscreen (classifier product type: skin_protectant),2026-10-08,"BUM EASE (ZINC OXIDE) LIQUID [WAKE INNOVATION, LLC]",https://dailymed.nlm.nih.gov/dailymed/drugInfo.cfm?setid=765a4d0d-a861-4cfc-a87e-bc6b9a35862a
168b31b1-9260-61f8-e054-00144ff8d46c,exclude,auto,not a sunscreen (classifier product type: skin_protectant),2026-10-05,"BURTS BEES BABY BEE DIAPER RASH (ZINC OXIDE) OINTMENT [BURT'S BEES, INC.]",https://dailymed.nlm.nih.gov/dailymed/drugInfo.cfm?setid=168b31b1-9260-61f8-e054-00144ff8d46c
549bd1b1-a6e2-b35c-e063-6394a90a8d0e,exclude,reviewed,"front-panel image checked: Only 'Keep infants out of direct sunlight' (Warnings) and 'Children under 6 months of age: Ask a doctor' (Directions); front says 'Sweet Sugar & Cotton Candy Scented Candy Clouds SPF 30 Face & Body Dry Oil' (OCR flag, verified on the image 2026-10-09)",2026-10-09,BY THE BEACH SUNCARE (SPF 30 FACE AND BODY DRY OIL CANDY CLOUDS) LIQUID [BY THE BEACH SUNCARE LLC],https://dailymed.nlm.nih.gov/dailymed/drugInfo.cfm?setid=549bd1b1-a6e2-b35c-e063-6394a90a8d0e
4391728b-dfe7-3ffb-e063-6394a90a240e,exclude,reviewed,"front-panel image checked: front: 'By the Beach Melon Daze SPF 30 Face & Body Cream'; 'infants/children' only in warnings/directions (OCR flag, verified on the image 2026-10-09)",2026-10-09,BY THE BEACH SUNCARE (SPF 30 SUNCARE MALON DAZE) CREAM [BY THE BEACH SUNCARE LLC],https://dailymed.nlm.nih.gov/dailymed/drugInfo.cfm?setid=4391728b-dfe7-3ffb-e063-6394a90a240e
9f12dee2-7afa-45e9-a729-0fd42bb77715,exclude,auto,not a sunscreen (classifier product type: skin_protectant),2026-10-05,"CALDESENE BABY (STARCH, CORN AND ZINC OXIDE) POWDER [INSIGHT PHARMACEUTICALS LLC]",https://dailymed.nlm.nih.gov/dailymed/drugInfo.cfm?setid=9f12dee2-7afa-45e9-a729-0fd42bb77715
4ca9ff2c-c6c6-4838-bff6-3a431e904246,exclude,auto,not a sunscreen (classifier product type: skin_protectant),2026-10-08,"CALENDULA DIAPER RASH CREAM (ZINC OXIDE) CREAM [WELEDA A.G. SCHW&AUML;BISCH GM&UUML;ND, ZWEIGNIEDERLASSUNG DER WELED]",https://dailymed.nlm.nih.gov/dailymed/drugInfo.cfm?setid=4ca9ff2c-c6c6-4838-bff6-3a431e904246
e5b21fdf-6ba1-4baf-8eb7-b259f4a54ee4,exclude,auto,not a sunscreen (classifier product type: skin_protectant),2026-10-08,"CALENDULA DIAPER RASH CREAM (ZINC OXIDE) CREAM [WELEDA, INC.]",https://dailymed.nlm.nih.gov/dailymed/drugInfo.cfm?setid=e5b21fdf-6ba1-4baf-8eb7-b259f4a54ee4
002af62f-0e47-4976-82da-b61e89989983,exclude,auto,not a sunscreen (classifier product type: skin_protectant),2026-10-08,CALMING DIAPER RASH (ZINC OXIDE) CREAM [ORGANIC & SUSTAINABLE BEAUTY],https://dailymed.nlm.nih.gov/dailymed/drugInfo.cfm?setid=002af62f-0e47-4976-82da-b61e89989983
27db0117-fde2-4814-8f6d-a6a07e525c42,exclude,auto,not a sunscreen (classifier product type: skin_protectant),2026-10-08,CALMING DIAPER RASH (ZINC OXIDE) CREAM [ORGANIC & SUSTAINABLE BEAUTY],https://dailymed.nlm.nih.gov/dailymed/drugInfo.cfm?setid=27db0117-fde2-4814-8f6d-a6a07e525c42
a32e1c01-907d-4336-9a98-ec20bfd1334c,exclude,reviewed,"front-panel image checked: Only 'Keep out of reach of babies and children' on side panel; front 'O.H.L Camellia Multiaction UV Sun Serum SPF45' (OCR flag, verified on the image 2026-10-09)",2026-10-09,"CAMELLIA MULTIACTION UV SUN SERUM (TITANIUM DIOXIDE, OCTINOXATE) CREAM [AMAROS CO., LTD.]",https://dailymed.nlm.nih.gov/dailymed/drugInfo.cfm?setid=a32e1c01-907d-4336-9a98-ec20bfd1334c
f8735925-dcb2-6723-e053-6294a90a51f4,include,reviewed,"front-panel image: Multi-variant; CB-Kids50 front: 'Caribbean Breeze Kids BROAD SPECTRUM SPF 50 SUNSCREEN Continuous Tropical Mist' (other variant Sport 50) (OCR flag, verified on the image 2026-10-09)",2026-10-09,"CARIBBEAN BREEZE SPF 50 SUNSCREEN (AVOBENZONE 3%, HOMOSALATE 15%, OCTISALATE 5%, OCTOCRYLENE 10%) SPRAY [DERMA CARE RESEARCH LABS, LLC]",https://dailymed.nlm.nih.gov/dailymed/drugInfo.cfm?setid=f8735925-dcb2-6723-e053-6294a90a51f4
0ec21837-d4f1-0916-e063-6294a90a2199,include,auto,baby/kids word in product name,2026-10-08,"CARING MILL KIDS SUNSCREEN SPF 50 (AVOBENZONE, HOMOSALATE, OCTISALATE,) LIQUID",https://dailymed.nlm.nih.gov/dailymed/drugInfo.cfm?setid=0ec21837-d4f1-0916-e063-6294a90a2199
b22f0c13-0a9c-7d38-e053-2a95a90a0ecd,exclude,reviewed,"front-panel image checked: Front (partly covered by FPO) reads 'Ceramide Lift and Firm Eye Cream Sunscreen SPF 15'; no baby/kids naming (OCR flag, verified on the image 2026-10-09)",2026-10-09,"CERAMIDE LIFT AND FIRM EYE SPF 15 (OXYBENZONE, OCTINOXATE) EMULSION [REVLON]",https://dailymed.nlm.nih.gov/dailymed/drugInfo.cfm?setid=b22f0c13-0a9c-7d38-e053-2a95a90a0ecd
47bfa8ea-4d8d-cd13-e063-6394a90a71aa,exclude,reviewed,"front-panel image checked: front: 'ChapStick Moisture + SPF 15 Lip Protectant + Sunscreen'; 'children' only in Drug Facts (OCR flag, verified on the image 2026-10-09)",2026-10-09,"CHAPSTICK MOISTURIZER ORIGINAL SPF 15 (SPF 15 SKIN PROTECTANT) STICK [SUAVE BRANDS CO., LLC]",https://dailymed.nlm.nih.gov/dailymed/drugInfo.cfm?setid=47bfa8ea-4d8d-cd13-e063-6394a90a71aa
6c2e804c-ea39-4771-8ff6-c6ff93234794,exclude,reviewed,"front-panel image checked: 'Keep out of reach of babies and children' in warnings only; front 'For all skin types' (OCR flag, verified on the image 2026-10-09)",2026-10-09,"CLAPIEL DEFENSE SUNBLOCK (OCTINOXATE, ZINC OXIDE, OCTISALATE, TITANIUM DIOXIDE) CREAM [AUS KOREA CO., LTD.]",https://dailymed.nlm.nih.gov/dailymed/drugInfo.cfm?setid=6c2e804c-ea39-4771-8ff6-c6ff93234794
cdab8cbb-1669-4eb0-82df-4afd1461d971,exclude,reviewed,"front-panel image checked: 'Keep out of reach of babies and children' in warnings only (OCR flag, verified on the image 2026-10-09)",2026-10-09,"CLAPIEL MINERAL CC (TITANIUM DIOXIDE, ZINC OXIDE) CREAM [AUS KOREA CO., LTD.]",https://dailymed.nlm.nih.gov/dailymed/drugInfo.cfm?setid=cdab8cbb-1669-4eb0-82df-4afd1461d971
94bab0bd-c0b7-42f5-9e3c-911408817aed,exclude,auto,not a sunscreen (classifier product type: skin_protectant),2026-10-08,"CLOBEZIN (CLOTRIMAZOLE AND BETAMETHASONE DIPROPIONATE, ZINC OXIDE) KIT [SKYA HEALTH, LLC]",https://dailymed.nlm.nih.gov/dailymed/drugInfo.cfm?setid=94bab0bd-c0b7-42f5-9e3c-911408817aed
f3e1ea21-4a07-3e18-e053-2995a90a0fe7,include,auto,baby/kids word in product name,2026-10-08,COPPERTONE KIDS ROLL-ON SUNSCREEN SPF 50 (ZINC OXIDE 24.08%) LOTION,https://dailymed.nlm.nih.gov/dailymed/drugInfo.cfm?setid=f3e1ea21-4a07-3e18-e053-2995a90a0fe7
13c9ab06-9903-728a-e054-00144ff88e88,include,auto,baby/kids word in product name,2026-10-08,COPPERTONE KIDS SPF 50 (COPPERTONE KIDS) SPRAY,https://dailymed.nlm.nih.gov/dailymed/drugInfo.cfm?setid=13c9ab06-9903-728a-e054-00144ff88e88
cbf9a785-f218-76fb-e053-2995a90a8e03,include,auto,baby/kids word in product name,2026-10-08,"COPPERTONE KIDS SPF 50 SUNSCREEN (AVOBENZONE 3%, HOMOSALATE 10%, OCTISALATE 5%, OCTOCRYLENE 5%) AEROSOL, SPRAY",https://dailymed.nlm.nih.gov/dailymed/drugInfo.cfm?setid=cbf9a785-f218-76fb-e053-2995a90a8e03
23fb7304-789d-1f94-e063-6394a90a7e62,include,auto,baby/kids word in product name,2026-10-08,"COPPERTONE KIDS SPORT SPF 60 SUNSCREEN (AVOBENZONE 3%, HOMOSALATE 15%, OCTISALATE 5%, OCTOCRYLENE 10%) AEROSOL, SPRAY",https://dailymed.nlm.nih.gov/dailymed/drugInfo.cfm?setid=23fb7304-789d-1f94-e063-6394a90a7e62
c068a6e7-260f-0766-e053-2995a90a422f,include,auto,baby/kids word in product name,2026-10-08,"COPPERTONE KIDS SPORT SUNSCREEN SPF 100 (AVOBENZONE 3%, HOMOSALATE 15%, OCTINOXATE 2% OCTISALATE 5%, OCTOCRYLENE 10%, OXYBENZONE 6%) SPRAY",https://dailymed.nlm.nih.gov/dailymed/drugInfo.cfm?setid=c068a6e7-260f-0766-e053-2995a90a422f
c0421c97-72bd-fcac-e053-2995a90aac28,include,auto,baby/kids word in product name,2026-10-08,"COPPERTONE KIDS SPORT SUNSCREEN SPF 50 (AVOBENZONE 3%, HOMOSALATE 10%, OCTISALATE 5%, OCTOCRYLENE 5%) SPRAY",https://dailymed.nlm.nih.gov/dailymed/drugInfo.cfm?setid=c0421c97-72bd-fcac-e053-2995a90aac28
0a5a4d0e-8ab2-3d79-e063-6394a90a7006,include,auto,baby/kids word in product name,2026-10-08,"COPPERTONE KIDS SUNSCREEN SPF 50 ((TO DELIVER) AVOBENZONE 3%, HOMOSALATE 10%, OCTISALATE 5%, OCTOCRYLENE 5%) AEROSOL, SPRAY",https://dailymed.nlm.nih.gov/dailymed/drugInfo.cfm?setid=0a5a4d0e-8ab2-3d79-e063-6394a90a7006
0a5a42a3-6fe4-2980-e063-6394a90a54fe,include,auto,baby/kids word in product name,2026-10-08,"COPPERTONE KIDS SUNSCREEN SPF 50 ((TO DELIVER) AVOBENZONE 3%, HOMOSALATE 5%, OCTISALATE 10%, OCTOCRYLENE 5%) SPRAY",https://dailymed.nlm.nih.gov/dailymed/drugInfo.cfm?setid=0a5a42a3-6fe4-2980-e063-6394a90a54fe
c05388dc-4282-ee79-e053-2a95a90a376a,include,auto,baby/kids word in product name,2026-10-08,"COPPERTONE KIDS SUNSCREEN SPF 50 (AVOBENZONE 3%, HOMOSALATE 10%, OCTISALATE 5%, OCTOCRYLENE 5%) SPRAY",https://dailymed.nlm.nih.gov/dailymed/drugInfo.cfm?setid=c05388dc-4282-ee79-e053-2a95a90a376a
240dd76a-8f39-caec-e063-6294a90abbbc,include,auto,baby/kids word in product name,2026-10-08,"COPPERTONE KIDS SUNSCREEN SPF 60 (AVOBENZONE 3%, HOMOSALATE 15%, OCTISALATE 5%, OCTOCRYLENE 10%) LOTION",https://dailymed.nlm.nih.gov/dailymed/drugInfo.cfm?setid=240dd76a-8f39-caec-e063-6294a90abbbc
c0552256-d8cb-5473-e053-2995a90ad0d5,include,auto,baby/kids word in product name,2026-10-08,"COPPERTONE KIDS SUNSCREEN SPF 70 (AVOBENZONE 3%, HOMOSALATE 13%, OCTISALATE 5%, OCTOCRYLENE 10%, OXYBENZONE 6%) LOTION",https://dailymed.nlm.nih.gov/dailymed/drugInfo.cfm?setid=c0552256-d8cb-5473-e053-2995a90ad0d5
c054fd86-b0d9-24fc-e053-2a95a90aea2c,include,auto,baby/kids word in product name,2026-10-08,"COPPERTONE KIDS TEAR FREE MINERAL SUNSCREEN SPF 50 (OCTINOXATE 7.5%, OCTISALATE 5%, ZINC OXIDE 14.5%) LOTION",https://dailymed.nlm.nih.gov/dailymed/drugInfo.cfm?setid=c054fd86-b0d9-24fc-e053-2a95a90aea2c
088b7152-d3d1-9e74-e063-6394a90a4152,include,auto,baby/kids word in product name,2026-10-08,"COPPERTONE PURE AND SIMPLE BABY SUNSCREEN SPF 50 (ZINC OXIDE 24.08%) AEROSOL, SPRAY",https://dailymed.nlm.nih.gov/dailymed/drugInfo.cfm?setid=088b7152-d3d1-9e74-e063-6394a90a4152
08134b95-1879-27e5-e063-6294a90a29af,include,auto,baby/kids word in product name,2026-10-08,COPPERTONE PURE AND SIMPLE BABY SUNSCREEN SPF 50 (ZINC OXIDE 24.08%) LOTION,https://dailymed.nlm.nih.gov/dailymed/drugInfo.cfm?setid=08134b95-1879-27e5-e063-6294a90a29af
08147940-0e8b-c894-e063-6394a90af8ac,include,auto,baby/kids word in product name,2026-10-08,COPPERTONE PURE AND SIMPLE KIDS SUNCREEN SPF 50 (ZINC OXIDE 24.08%) LOTION,https://dailymed.nlm.nih.gov/dailymed/drugInfo.cfm?setid=08147940-0e8b-c894-e063-6394a90af8ac
09a97e3f-f6dc-eaa7-e063-6294a90ad274,include,auto,baby/kids word in product name,2026-10-08,COPPERTONE PURE AND SIMPLE KIDS SUNSCREEN SPF 50 (ZINC OXIDE (24.08%)) SPRAY,https://dailymed.nlm.nih.gov/dailymed/drugInfo.cfm?setid=09a97e3f-f6dc-eaa7-e063-6294a90ad274
59e1a2b7-2ae2-f289-e063-6294a90aeb68,include,auto,baby/kids word in product name,2026-10-08,COPPERTONE WATERBABIES PURE AND SIMPLE MINERAL SPF 50 (ZINC OXIDE 24.08%) LOTION,https://dailymed.nlm.nih.gov/dailymed/drugInfo.cfm?setid=59e1a2b7-2ae2-f289-e063-6294a90aeb68
d3d471b8-7430-98b0-e053-2995a90aba4b,include,auto,baby/kids word in product name,2026-10-08,"COPPERTONE WATERBABIES PURE AND SIMPLE SUNSCREEN SPF 50 (AVOBENZONE 3%, HOMOSALATE 9%, OCTISALATE 4.5%, OCTOCRYLENE 9%) LOTION",https://dailymed.nlm.nih.gov/dailymed/drugInfo.cfm?setid=d3d471b8-7430-98b0-e053-2995a90aba4b
d3e66496-bc3c-d189-e053-2a95a90a06b6,include,auto,baby/kids word in product name,2026-10-08,"COPPERTONE WATERBABIES PURE AND SIMPLE SUNSCREEN SPF 50 (AVOBENZONE 3%, HOMOSALATE 9%, OCTISALATE 4.5%, OCTOCRYLENE 9%) LOTION",https://dailymed.nlm.nih.gov/dailymed/drugInfo.cfm?setid=d3e66496-bc3c-d189-e053-2a95a90a06b6
d45f1915-a6ca-7ebf-e053-2a95a90a0765,include,auto,baby/kids word in product name,2026-10-08,"COPPERTONE WATERBABIES PURE AND SIMPLE SUNSCREEN SPF 50 (AVOBENZONE 3%, HOMOSALATE 9%, OCTISALATE 4.5%, OCTOCRYLENE 9%) LOTION",https://dailymed.nlm.nih.gov/dailymed/drugInfo.cfm?setid=d45f1915-a6ca-7ebf-e053-2a95a90a0765
0806bdb9-961f-3146-e063-6294a90a4625,include,auto,baby/kids word in product name,2026-10-08,COPPERTONE WATERBABIES PURE AND SIMPLE SUNSCREEN SPF 50 (ZINC OXIDE 24.08%) SPRAY,https://dailymed.nlm.nih.gov/dailymed/drugInfo.cfm?setid=0806bdb9-961f-3146-e063-6294a90a4625
d53e1253-f6a4-4f3d-e053-2a95a90a79ed,include,auto,baby/kids word in product name,2026-10-08,"COPPERTONE WATERBABIES SUNSCREEN SPF 50 (AVOBENZONE 3%, HOMOSALATE 9%, OCTISALATE 4.5%, OCTOCRYLENE 9%) AEROSOL, SPRAY",https://dailymed.nlm.nih.gov/dailymed/drugInfo.cfm?setid=d53e1253-f6a4-4f3d-e053-2a95a90a79ed
d915cb28-2813-5a38-e053-2a95a90a45c6,include,auto,baby/kids word in product name,2026-10-08,"COPPERTONE WATERBABIES SUNSCREEN SPF 50 (AVOBENZONE 3%, HOMOSALATE 9%, OCTISALATE 4.5%, OCTOCRYLENE 9%) LOTION",https://dailymed.nlm.nih.gov/dailymed/drugInfo.cfm?setid=d915cb28-2813-5a38-e053-2a95a90a45c6
0aafab44-0481-2a22-e063-6294a90abef2,include,reviewed,listing includes Coral Isle Baby SPF 50 Mineral (same formula),2026-10-08,"CORAL ISLE SPF 50 MINERAL SUNSCREEN (TITANIUM DIOXIDE, ZINC OXIDE) LOTION [DERMA CARE RESEARCH LABS, LLC]",https://dailymed.nlm.nih.gov/dailymed/drugInfo.cfm?setid=0aafab44-0481-2a22-e063-6294a90abef2
17cc12c7-5af8-413f-b205-31ac150583e2,include,reviewed,baby/kids word in product name,2026-10-08,COTZ BABY (ZINC OXIDE) CREAM,https://dailymed.nlm.nih.gov/dailymed/drugInfo.cfm?setid=17cc12c7-5af8-413f-b205-31ac150583e2
79441f57-7394-4873-a7f5-e405cd6e77e2,exclude,reviewed,adult line of the brand; no baby/kids word on product,2026-10-08,"COTZ FACE (FOR LIGHTER SKIN TONES) SPF 40 SUNSCREEN (TITANIUM DIOXIDE, ZINC OXIDE) CREAM",https://dailymed.nlm.nih.gov/dailymed/drugInfo.cfm?setid=79441f57-7394-4873-a7f5-e405cd6e77e2
dd68eba8-8d90-487e-a659-327bc3b5bc1a,exclude,reviewed,adult line of the brand; no baby/kids word on product,2026-10-08,"COTZ FACE (NATURAL SKIN TONE) SPF 40 SUNSCREEN (TITANIUM DIOXIDE, ZINC OXIDE) CREAM",https://dailymed.nlm.nih.gov/dailymed/drugInfo.cfm?setid=dd68eba8-8d90-487e-a659-327bc3b5bc1a
509d9a74-bc8d-c9c1-e063-6394a90a403d,exclude,reviewed,adult line of the brand; no baby/kids word on product,2026-10-08,COTZ FACE MOISTURE (ZINC OXIDE) CREAM,https://dailymed.nlm.nih.gov/dailymed/drugInfo.cfm?setid=509d9a74-bc8d-c9c1-e063-6394a90a403d
db682516-6c8f-4009-a9ec-e21dfc64ce15,exclude,reviewed,adult line of the brand; no baby/kids word on product,2026-10-08,COTZ FACE MOISTURE (ZINC OXIDE) CREAM,https://dailymed.nlm.nih.gov/dailymed/drugInfo.cfm?setid=db682516-6c8f-4009-a9ec-e21dfc64ce15
f106f52b-2157-46c7-9f7c-50f43a649050,exclude,reviewed,adult line of the brand; no baby/kids word on product,2026-10-08,"COTZ FACE PRIME AND PROTECT SPF 40 (NON-TINTED) (TITANIUM DIOXIDE, ZINC OXIDE) CREAM",https://dailymed.nlm.nih.gov/dailymed/drugInfo.cfm?setid=f106f52b-2157-46c7-9f7c-50f43a649050
1088fbf6-5790-490d-b272-ec281b4b76fa,exclude,reviewed,adult line of the brand; no baby/kids word on product,2026-10-08,"COTZ FACE PRIME AND PROTECT SPF 40 (TINTED) (TITANIUM DIOXIDE, ZINC OXIDE) CREAM",https://dailymed.nlm.nih.gov/dailymed/drugInfo.cfm?setid=1088fbf6-5790-490d-b272-ec281b4b76fa
0973223b-e75f-4eb8-bcf1-7931b30b7b51,exclude,reviewed,adult line of the brand; no baby/kids word on product,2026-10-08,COTZ FLAWLESS COMPLEXION (ZINC OXIDE) CREAM,https://dailymed.nlm.nih.gov/dailymed/drugInfo.cfm?setid=0973223b-e75f-4eb8-bcf1-7931b30b7b51
3ca8742f-67cb-a25c-e063-6394a90a4638,include,reviewed,baby/kids word in product name,2026-10-08,COTZ KIDS (ZINC OXIDE) CREAM,https://dailymed.nlm.nih.gov/dailymed/drugInfo.cfm?setid=3ca8742f-67cb-a25c-e063-6394a90a4638
3ca914e2-cd53-42bf-e063-6294a90a7082,include,reviewed,baby/kids word in product name,2026-10-08,COTZ KIDS (ZINC OXIDE) CREAM,https://dailymed.nlm.nih.gov/dailymed/drugInfo.cfm?setid=3ca914e2-cd53-42bf-e063-6294a90a7082
2f7225d0-ddfa-e19a-e063-6294a90a52a8,include,auto,baby/kids word in product name,2026-10-08,"COTZ KIDS MINERAL SUN STICK (TITANIUM DIOXIDE, ZINC OXIDE) STICK",https://dailymed.nlm.nih.gov/dailymed/drugInfo.cfm?setid=2f7225d0-ddfa-e19a-e063-6294a90a52a8
479a7d82-a068-4c2e-b50b-555c40e13e37,exclude,reviewed,adult line of the brand; no baby/kids word on product,2026-10-08,"COTZ LIP BALM (TITANIUM DIOXIDE, ZINC OXIDE) STICK",https://dailymed.nlm.nih.gov/dailymed/drugInfo.cfm?setid=479a7d82-a068-4c2e-b50b-555c40e13e37
a3345cf5-5e48-4052-b5c2-65633869de5a,exclude,reviewed,adult line of the brand; no baby/kids word on product,2026-10-08,"COTZ LIP BALM LIP BALM/SUNSCREEN (TITANIUM DIOXIDE, ZINC OXIDE) LIPSTICK",https://dailymed.nlm.nih.gov/dailymed/drugInfo.cfm?setid=a3345cf5-5e48-4052-b5c2-65633869de5a
44a6ff9b-8067-4f32-acb2-4ede54c79e6e,exclude,reviewed,adult line of the brand; no baby/kids word on product,2026-10-08,"COTZ MINERAL SUNS STICK - TINTED SPF 45 (TITANIUM DIOXIDE, ZINC OXIDE) STICK",https://dailymed.nlm.nih.gov/dailymed/drugInfo.cfm?setid=44a6ff9b-8067-4f32-acb2-4ede54c79e6e
e6b965a9-8dab-485f-b8f1-8f7dcb453e6e,include,auto,baby/kids word in product name,2026-10-08,COTZ PEDIATRIC SPF 40 SUNSCREEN (ZINC OXIDE) LOTION,https://dailymed.nlm.nih.gov/dailymed/drugInfo.cfm?setid=e6b965a9-8dab-485f-b8f1-8f7dcb453e6e
649dbe58-a0a1-494a-a1d7-9c6f3cd83bc6,exclude,reviewed,adult line of the brand; no baby/kids word on product,2026-10-08,"COTZ PLUS SPF 58 SUNSCREEN (TITANIUM DIOXIDE, ZINC OXIDE) CREAM",https://dailymed.nlm.nih.gov/dailymed/drugInfo.cfm?setid=649dbe58-a0a1-494a-a1d7-9c6f3cd83bc6
c114a1bc-60c1-49ad-a244-71d4b6d95d21,exclude,reviewed,adult line of the brand; no baby/kids word on product,2026-10-08,"COTZ PURE SPF 30 SUNSCREEN (TITANIUM DIOXIDE, ZINC OXIDE) CREAM",https://dailymed.nlm.nih.gov/dailymed/drugInfo.cfm?setid=c114a1bc-60c1-49ad-a244-71d4b6d95d21
885a674b-3457-4dfe-a801-529094b00499,exclude,reviewed,adult line of the brand; no baby/kids word on product,2026-10-08,COTZ SENSITIVE SPF 40 SUNSCREEN (ZINC OXIDE) LOTION,https://dailymed.nlm.nih.gov/dailymed/drugInfo.cfm?setid=885a674b-3457-4dfe-a801-529094b00499
d63088d7-a1d7-4b56-a7d8-ad217011a8a8,exclude,reviewed,adult line of the brand; no baby/kids word on product,2026-10-08,"COTZ SILKY FOAM - TINTED (TITANIUM DIOXIDE, ZINC OXIDE) AEROSOL, FOAM",https://dailymed.nlm.nih.gov/dailymed/drugInfo.cfm?setid=d63088d7-a1d7-4b56-a7d8-ad217011a8a8
9c04b76e-ae65-4183-b475-3b8e8764db59,exclude,reviewed,adult line of the brand; no baby/kids word on product,2026-10-08,"COTZ SILKY FOAM NON-TINTED (TITANIUM DIOXIDE, ZINC OXIDE) AEROSOL, FOAM",https://dailymed.nlm.nih.gov/dailymed/drugInfo.cfm?setid=9c04b76e-ae65-4183-b475-3b8e8764db59
47d076f6-df6b-4b76-afb5-f8d56b577f93,exclude,reviewed,adult line of the brand; no baby/kids word on product,2026-10-08,COTZ SPF 35 (ZINC OXIDE) LOTION,https://dailymed.nlm.nih.gov/dailymed/drugInfo.cfm?setid=47d076f6-df6b-4b76-afb5-f8d56b577f93
5dcc7e98-e4e9-4c7f-9e0f-7aa812e7cf22,exclude,reviewed,adult line of the brand; no baby/kids word on product,2026-10-08,"COTZ SPF 58 (TITANIUM DIOXIDE, ZINC OXIDE) CREAM",https://dailymed.nlm.nih.gov/dailymed/drugInfo.cfm?setid=5dcc7e98-e4e9-4c7f-9e0f-7aa812e7cf22
0fdfe7d3-e4cd-6bea-e063-6394a90a37f6,exclude,auto,not a sunscreen (classifier product type: skin_protectant),2026-10-08,"CREAMY DIAPER RASH (ZINC OXIDE) OINTMENT [DAVION, INC]",https://dailymed.nlm.nih.gov/dailymed/drugInfo.cfm?setid=0fdfe7d3-e4cd-6bea-e063-6394a90a37f6
e4581d0e-ce6d-7898-e053-2a95a90a02b5,include,auto,baby/kids word in product name,2026-10-08,"CVS HEALTH KIDS SPF 50 CLEAR (AVOBENZONE, HOMOSALATE, OCTISALATE, OCTOCRYLENE) SPRAY",https://dailymed.nlm.nih.gov/dailymed/drugInfo.cfm?setid=e4581d0e-ce6d-7898-e053-2a95a90a02b5
4eb824a6-66ac-01f8-e054-00144ff8d46c,include,auto,baby/kids word in product name,2026-10-08,"CVS PHARMACY KIDS SPF 70 CLEAR (AVOBENZONE, HOMOSALATE, OCTISALATE, OCTOCRYLENE, OXYBENZONE) AEROSOL, SPRAY",https://dailymed.nlm.nih.gov/dailymed/drugInfo.cfm?setid=4eb824a6-66ac-01f8-e054-00144ff8d46c
269718e2-0a76-4b15-a0ab-b914bc809e41,include,auto,baby/kids word in product name,2026-10-08,"DAYLOGIC BABY SPF 60 (TITANIUM DIOXIDE, ZINC OXIDE) LOTION",https://dailymed.nlm.nih.gov/dailymed/drugInfo.cfm?setid=269718e2-0a76-4b15-a0ab-b914bc809e41
5949aa0f-a7cb-453c-81fd-9fa24653a452,exclude,auto,not a sunscreen (classifier product type: skin_protectant),2026-10-08,"DE LA CRUZ DIAPER RASH (ALLANTOIN, PETROLATUM, AND ZINC OXIDE) OINTMENT [DLC LABORATORIES, INC.]",https://dailymed.nlm.nih.gov/dailymed/drugInfo.cfm?setid=5949aa0f-a7cb-453c-81fd-9fa24653a452
33b2b7a3-e9df-2815-e054-00144ff8d46c,include,auto,baby/kids word in product name,2026-10-08,"DEFENSE ZONE KIDS BROAD SPECTRUM SPF 50 SUNSCREEN (HOMOSALATE, OCTINOXATE, OCTISALATE, TITANIUM DIOXIDE) LOTION",https://dailymed.nlm.nih.gov/dailymed/drugInfo.cfm?setid=33b2b7a3-e9df-2815-e054-00144ff8d46c
5512778c-1e08-4545-e054-00144ff8d46c,include,auto,baby/kids word in product name,2026-10-08,"DERMA SOLEIL KIDS NATURAL SUNBLOCK SPF 30 (OCTOCRYLENE, OCTYL METHOXYCINNAMATE, OCTYL SALICYLATE, OXYBENZONE) LOTION",https://dailymed.nlm.nih.gov/dailymed/drugInfo.cfm?setid=5512778c-1e08-4545-e054-00144ff8d46c
9f5a3843-bcc4-b894-e053-2a95a90a54a4,include,auto,baby/kids word in product name,2026-10-08,"DERMA SOLEIL KIDS NATURAL SUNBLOCK SPF 30 (OCTOCRYLENE,OCTYL METHOXYCINNAMATE,OCTYL SALICYLATE,OXYBENZONE) LOTION",https://dailymed.nlm.nih.gov/dailymed/drugInfo.cfm?setid=9f5a3843-bcc4-b894-e053-2a95a90a54a4
5512bc12-fe9d-1398-e054-00144ff88e88,include,auto,baby/kids word in product name,2026-10-08,"DERMA SOLEIL KIDS NATURAL SUNBLOCK SPF 45 (OCTOCRYLENE, OCTYL METHOXYCINNAMATE, OCTYL SALICYLATE, OXYBENZONE) LOTION",https://dailymed.nlm.nih.gov/dailymed/drugInfo.cfm?setid=5512bc12-fe9d-1398-e054-00144ff88e88
9f5b2d24-3b96-8c3f-e053-2995a90ad723,include,auto,baby/kids word in product name,2026-10-08,"DERMA SOLEIL KIDS NATURAL SUNBLOCK SPF 45 (OCTOCRYLENE,OCTYL METHOXYCINNAMATE,OCTYL SALICYLATE,OXYBENZONE) LOTION",https://dailymed.nlm.nih.gov/dailymed/drugInfo.cfm?setid=9f5b2d24-3b96-8c3f-e053-2995a90ad723
f84dfd55-db6c-4d75-be67-4d13a139e209,exclude,auto,not a sunscreen (classifier product type: skin_protectant),2026-10-08,DERMAKA INFANTS AND KIDS MULTI PURPOSE SKIN PROTECTANT (ZINC OXIDE) OINTMENT [DERMAKA SKIN PRODUCTS LLC],https://dailymed.nlm.nih.gov/dailymed/drugInfo.cfm?setid=f84dfd55-db6c-4d75-be67-4d13a139e209
54dbdbc2-cdae-17cf-e054-00144ff8d46c,exclude,reviewed,"diaper / specialty cream, not a sunscreen",2026-10-08,DESERVING HEALTH BABY SPECIALTY CREAM (ZINC OXIDE 1.25%) CREAM,https://dailymed.nlm.nih.gov/dailymed/drugInfo.cfm?setid=54dbdbc2-cdae-17cf-e054-00144ff8d46c
b6e0d1a3-e469-4102-916b-d5cc8ca12e73,exclude,auto,not a sunscreen (classifier product type: skin_protectant),2026-10-08,DESITIN DAILY DEFENSE ZINC OXIDE DIAPER RASH (ZINC OXIDE) CREAM [KENVUE BRANDS LLC],https://dailymed.nlm.nih.gov/dailymed/drugInfo.cfm?setid=b6e0d1a3-e469-4102-916b-d5cc8ca12e73
af64fc2f-c027-4a68-b368-ee06744a2452,exclude,auto,not a sunscreen (classifier product type: skin_protectant),2026-10-08,DESITIN MAXIMUM STRENGTH DIAPER RASH (ZINC OXIDE) PASTE [KENVUE BRANDS LLC],https://dailymed.nlm.nih.gov/dailymed/drugInfo.cfm?setid=af64fc2f-c027-4a68-b368-ee06744a2452
1590101a-c968-fca5-e063-6394a90a7ccc,exclude,auto,not a sunscreen (classifier product type: skin_protectant),2026-10-08,DESITIN MAXIMUM STRENGTH ZINC OXIDE DIAPER RASH (ZINC OXIDE) PASTE [KENVUE BRANDS LLC],https://dailymed.nlm.nih.gov/dailymed/drugInfo.cfm?setid=1590101a-c968-fca5-e063-6394a90a7ccc
1d5f0207-26f9-2b19-e063-6294a90a6468,exclude,auto,not a sunscreen (classifier product type: skin_protectant),2026-10-08,DESITIN MAXIMUM STRENGTH ZINC OXIDE DIAPER RASH (ZINC OXIDE) PASTE [KENVUE BRANDS LLC],https://dailymed.nlm.nih.gov/dailymed/drugInfo.cfm?setid=1d5f0207-26f9-2b19-e063-6294a90a6468
59728810-4ea9-45a1-b945-5a54199e01f3,exclude,auto,not a sunscreen (classifier product type: skin_protectant),2026-10-08,DESITIN MAXIMUM STRENGTH ZINC OXIDE DIAPER RASH (ZINC OXIDE) PASTE [KENVUE BRANDS LLC],https://dailymed.nlm.nih.gov/dailymed/drugInfo.cfm?setid=59728810-4ea9-45a1-b945-5a54199e01f3
20d2e1fd-5882-0477-e054-00144ff88e88,include,reviewed,front panel: Miami Beach Kids,2026-10-08,"DESTINATION BRANDS INTERNATIONAL BROAD SPECTRUM SPF 50 SUNSCREEN (AVOBENZONE, HOMOSALATE, OCTISALATE, OCTOCRYLENE AND OXYBENZONE) LOTION [PRIME ENTERPRISES INC.]",https://dailymed.nlm.nih.gov/dailymed/drugInfo.cfm?setid=20d2e1fd-5882-0477-e054-00144ff88e88
5a8a9fda-6b60-4087-81a2-45e1ef5d1b1e,exclude,auto,not a sunscreen (classifier product type: skin_protectant),2026-10-08,DG BABY DIAPER RASH (ZINC OXIDE) OINTMENT [DOLGENCORP INC],https://dailymed.nlm.nih.gov/dailymed/drugInfo.cfm?setid=5a8a9fda-6b60-4087-81a2-45e1ef5d1b1e
bf8b71c7-257b-0eb6-e053-2a95a90a3a4c,exclude,reviewed,"front-panel image checked: 'children' only in Drug Facts (OCR flag, verified on the image 2026-10-09)",2026-10-09,"DIAMOND LUMINOUS UV DEFENSE LIGHT TINTED FLUID SUNSCREEN BROAD SPECTRUM SPF 40 (TITANIUM DIOXIDE, ZINC OXIDE) LOTION [NATURA BISSE INTERNATIONAL SA]",https://dailymed.nlm.nih.gov/dailymed/drugInfo.cfm?setid=bf8b71c7-257b-0eb6-e053-2a95a90a3a4c
7ad22243-d3dd-77c7-e053-2a91aa0a4c97,exclude,auto,not a sunscreen (classifier product type: skin_protectant),2026-10-08,DIAPER CREAM OINTMENT [PRIVATE LABEL SELECT LTD CO],https://dailymed.nlm.nih.gov/dailymed/drugInfo.cfm?setid=7ad22243-d3dd-77c7-e053-2a91aa0a4c97
e399b33f-5f7c-47eb-8e9b-1721ae4680b5,exclude,auto,not a sunscreen (classifier product type: skin_protectant),2026-10-08,"DIAPER RASH (ZINC OXIDE) CREAM [LIDL US, LLC]",https://dailymed.nlm.nih.gov/dailymed/drugInfo.cfm?setid=e399b33f-5f7c-47eb-8e9b-1721ae4680b5
8059f489-f144-4de5-9454-ac6c1af35dd2,exclude,auto,not a sunscreen (classifier product type: skin_protectant),2026-10-08,DIAPER RASH (ZINC OXIDE) CREAM [TARGET CORPORATION],https://dailymed.nlm.nih.gov/dailymed/drugInfo.cfm?setid=8059f489-f144-4de5-9454-ac6c1af35dd2
014d0028-486e-4f1c-a14f-8162e393ebca,exclude,auto,not a sunscreen (classifier product type: skin_protectant),2026-10-08,"DIAPER RASH (ZINC OXIDE) OINTMENT [UNITED NATURAL FOODS, INC. DBA UNFI]",https://dailymed.nlm.nih.gov/dailymed/drugInfo.cfm?setid=014d0028-486e-4f1c-a14f-8162e393ebca
659cc8c7-6300-41c0-a684-c5fde7f2b100,exclude,auto,not a sunscreen (classifier product type: skin_protectant),2026-10-08,"DIAPER RASH (ZINC OXIDE) OINTMENT [WINCO FOODS, LLC]",https://dailymed.nlm.nih.gov/dailymed/drugInfo.cfm?setid=659cc8c7-6300-41c0-a684-c5fde7f2b100
1b72f927-c2ae-4190-a035-5d7bb9f53c15,exclude,auto,not a sunscreen (classifier product type: skin_protectant),2026-10-08,"DIAPER RASH (ZINC OXIDE) PASTE [MEIJER, INC.]",https://dailymed.nlm.nih.gov/dailymed/drugInfo.cfm?setid=1b72f927-c2ae-4190-a035-5d7bb9f53c15
66771beb-9c14-48a8-a850-000e4cd73a90,exclude,auto,not a sunscreen (classifier product type: skin_protectant),2026-10-08,"DIAPER RASH (ZINC OXIDE) PASTE [NICE-PAK PRODUCTS, LLC]",https://dailymed.nlm.nih.gov/dailymed/drugInfo.cfm?setid=66771beb-9c14-48a8-a850-000e4cd73a90
7fb5f9ca-cd90-4933-9fe8-907ece00458b,exclude,auto,not a sunscreen (classifier product type: skin_protectant),2026-10-08,DIAPER RASH (ZINC OXIDE) PASTE [TARGET CORPORATION],https://dailymed.nlm.nih.gov/dailymed/drugInfo.cfm?setid=7fb5f9ca-cd90-4933-9fe8-907ece00458b
fcffbe1f-79b8-451a-9384-19533b81d8c8,exclude,auto,not a sunscreen (classifier product type: skin_protectant),2026-10-08,DIAPER RASH (ZINC OXIDE) PASTE [THE KROGER CO.],https://dailymed.nlm.nih.gov/dailymed/drugInfo.cfm?setid=fcffbe1f-79b8-451a-9384-19533b81d8c8
8acb1b47-70ed-4aa2-a7c0-e807042affc7,exclude,auto,not a sunscreen (classifier product type: skin_protectant),2026-10-08,DIAPER RASH (ZINC OXIDE) PASTE [TOPCO ASSOCIATES LLC],https://dailymed.nlm.nih.gov/dailymed/drugInfo.cfm?setid=8acb1b47-70ed-4aa2-a7c0-e807042affc7
01cc78d6-7948-97c4-e063-6394a90a1708,exclude,auto,not a sunscreen (classifier product type: skin_protectant),2026-10-05,DIAPER RASH CREAM (ZINC OXIDE) CREAM [HELLO BELLO],https://dailymed.nlm.nih.gov/dailymed/drugInfo.cfm?setid=01cc78d6-7948-97c4-e063-6394a90a1708
26f682f4-2440-f111-e063-6294a90ab4b7,exclude,auto,baby word is part of another phrase (classifier false-positive list),2026-10-05,DIMPLES BATH CO - SUNSTICK NEW KID ON THE BLOCK (ZINC OXIDE) STICK [DIMPLES BATH CO. LLC],https://dailymed.nlm.nih.gov/dailymed/drugInfo.cfm?setid=26f682f4-2440-f111-e063-6294a90ab4b7
afe75aff-c056-eaf7-e053-2a95a90af71b,exclude,reviewed,"front-panel image checked: Only 'children under 6 months of age: Ask a doctor' in Drug Facts; front 'Dove Men+Care Face Lotion Hydrate+' (OCR flag, verified on the image 2026-10-09)",2026-10-09,"DOVE MEN PLUS CARE HYDRATE FACE (AVOBENZONE, ENSULIZOLE, OCTISALATE, OCTOCRYLENE) LOTION [CONOPCO INC. D/B/A UNILEVER]",https://dailymed.nlm.nih.gov/dailymed/drugInfo.cfm?setid=afe75aff-c056-eaf7-e053-2a95a90af71b
8e32f17b-0e1a-4165-a20c-44d99516b235,exclude,auto,not a sunscreen (classifier product type: skin_protectant),2026-10-08,"DR. OBERON DIAPER RASH BABY CREAM (ZINC OXIDE, DIMETHICONE) CREAM [OBERON COSMETIC CO., LTD.]",https://dailymed.nlm.nih.gov/dailymed/drugInfo.cfm?setid=8e32f17b-0e1a-4165-a20c-44d99516b235
55a6981c-1b32-f448-e063-6294a90ac6d8,exclude,auto,not a sunscreen (classifier product type: skin_protectant),2026-10-05,"DRS. PHARMACY BABY HEALING (ZINC OXIDE) OINTMENT [OL PHARMA TECH, LLC DRS PHARMACY]",https://dailymed.nlm.nih.gov/dailymed/drugInfo.cfm?setid=55a6981c-1b32-f448-e063-6294a90ac6d8
5e017f81-9f3b-4feb-9b7a-52b3a2420b54,include,auto,baby/kids word in product name,2026-10-08,DUANE READE BABY SUNSCREENSPF 50 SPF 50 (AVOBENZONE) LOTION,https://dailymed.nlm.nih.gov/dailymed/drugInfo.cfm?setid=5e017f81-9f3b-4feb-9b7a-52b3a2420b54
3fa7ef54-2c4d-9883-e063-6294a90a8d88,exclude,reviewed,"front-panel image checked: front panel 'e.l.f. CAMO Hydrating CC Cream Broad Spectrum SPF 30'; no baby/kids wording (30 shade cartons, all same) (OCR flag, verified on the image 2026-10-09)",2026-10-09,"E.L.F. HYDRATING CAMO CC CREAM SPF30 RICH 610 N (HOMOSALATE, OCTISALATE, OCTOCRYLENE, ZINC OXIDE) CREAM E.L.F. HYDRATING CAMO CC CREAM SPF30 FAIR 120 N (HOMOSALATE, OCTISALATE, OCTOCRYLENE, ZINC OXIDE) CREAM E.L.F. HYDRATING CAMO CC CREAM SPF30 LIGHT 280 N (HOMOSALATE, OCTISALATE, OCTOCRYLENE, ZINC OXIDE) CREAM E.L.F. HYDRATING CAMO CC CREAM SPF30 DE .......TE, OCTISALATE, OCTOCRYLENE, ZINC OXIDE) CREAM E.L.F. HYDRATING CAMO CC CREAM SPF30 FAIR 140 W (HOMOSALATE, OCTISALATE, OCTOCRYLENE, ZINC OXIDE) CREAM E.L.F. HYDRATING CAMO CC CREAM SPF30 DEEP 540 C (HOMOSALATE, OCTISALATE, OCTOCRYLENE, ZINC OXIDE) CREAM E.L.F. HYDRATING CAMO CC CREAM SPF30 RICH 620 W (HOMOSALATE, OCTISALATE, OCTOCRYLENE, ZINC OXIDE) CREAM [E.L.F. COSMETICS, INC.]",https://dailymed.nlm.nih.gov/dailymed/drugInfo.cfm?setid=3fa7ef54-2c4d-9883-e063-6294a90a8d88
4bd417ba-3d24-46e3-a771-3183824f0219,exclude,auto,not a sunscreen (classifier product type: skin_protectant),2026-10-08,EARLY MOMMY BABY BUM BUTTA (ZINC OXIDE) OINTMENT [TEKT TONE LABS LLC],https://dailymed.nlm.nih.gov/dailymed/drugInfo.cfm?setid=4bd417ba-3d24-46e3-a771-3183824f0219
42556876-74ea-38e6-e054-00144ff8d46c,include,auto,baby/kids word in product name,2026-10-08,EARTH BABY BROAD SPECTRUM SPF 30 (SUNSCREEN) CREAM,https://dailymed.nlm.nih.gov/dailymed/drugInfo.cfm?setid=42556876-74ea-38e6-e054-00144ff8d46c
42c5cf9a-0a35-5681-e054-00144ff8d46c,exclude,auto,not a sunscreen (classifier product type: skin_protectant),2026-10-05,"EARTH BABY DIAPER RASH CREAM (ZINC OXIDE) CREAM [EARTH BABY, INC]",https://dailymed.nlm.nih.gov/dailymed/drugInfo.cfm?setid=42c5cf9a-0a35-5681-e054-00144ff8d46c
f50eb422-33e1-48c1-8088-b7a8a6ea7068,include,reviewed,'Baby' in product name,2026-10-08,EARTH MAMA BABY FACE MINERAL SUNSCREEN SPF 40 (ZINC OXIDE) CREAM,https://dailymed.nlm.nih.gov/dailymed/drugInfo.cfm?setid=f50eb422-33e1-48c1-8088-b7a8a6ea7068
3a22f0b9-2d6d-6230-e063-6294a90adf31,include,reviewed,'Baby' in product name,2026-10-08,EARTH MAMA BABY FACE MINERAL SUNSCREEN STICK SPF 40 (ZINC OXIDE) STICK,https://dailymed.nlm.nih.gov/dailymed/drugInfo.cfm?setid=3a22f0b9-2d6d-6230-e063-6294a90adf31
3c443347-0134-8c87-e063-6294a90a8046,include,reviewed,'Baby' in product name,2026-10-08,EARTH MAMA BABY MINERAL SUNSCREEN SPF 40 (ZINC OXIDE) CREAM,https://dailymed.nlm.nih.gov/dailymed/drugInfo.cfm?setid=3c443347-0134-8c87-e063-6294a90a8046
74475fba-4cdd-4b27-8ea4-646f4016580c,include,reviewed,'Baby' in product name,2026-10-08,EARTH MAMA BABY MINERAL SUNSCREEN SPF 40 (ZINC OXIDE) CREAM,https://dailymed.nlm.nih.gov/dailymed/drugInfo.cfm?setid=74475fba-4cdd-4b27-8ea4-646f4016580c
bd71a814-c0b4-428b-987e-72f7f55f998f,exclude,reviewed,"""Lady Face"" adult product; baby word only in the labeler name",2026-10-08,EARTH MAMA LADY FACE MINERAL SUNSCREEN - LIGHT/MEDIUM TINT BROAD SPECTRUM SPF 40 (ZINC OXIDE) STICK [EARTH MAMA ANGEL BABY LLC],https://dailymed.nlm.nih.gov/dailymed/drugInfo.cfm?setid=bd71a814-c0b4-428b-987e-72f7f55f998f
908c41fd-0496-4237-813b-1135e10ae0c5,exclude,reviewed,"""Lady Face"" adult product; baby word only in the labeler name",2026-10-08,EARTH MAMA LADY FACE MINERAL SUNSCREEN - MEDIUM/DARK TINT BROAD SPECTRUM SPF 40 (ZINC OXIDE) STICK [EARTH MAMA ANGEL BABY LLC],https://dailymed.nlm.nih.gov/dailymed/drugInfo.cfm?setid=908c41fd-0496-4237-813b-1135e10ae0c5
e9a88a57-5733-489d-a459-dd74c04daff2,exclude,reviewed,adult line of the brand; no baby/kids word on product,2026-10-08,EARTH MAMA UBER-SENSITIVE MINERAL SUNSCREEN SPF 40 (ZINC OXIDE) LOTION,https://dailymed.nlm.nih.gov/dailymed/drugInfo.cfm?setid=e9a88a57-5733-489d-a459-dd74c04daff2
9cba5bcc-9eec-4087-bf42-33d2726490c0,exclude,reviewed,suitability claim only ('adults and children of all ages'),2026-10-08,ECO SPF 30 (ZINC OXIDE) LOTION [ECO SKIN CARE],https://dailymed.nlm.nih.gov/dailymed/drugInfo.cfm?setid=9cba5bcc-9eec-4087-bf42-33d2726490c0
eba17b7a-5e96-4462-9b71-44c2bc577dce,include,reviewed,listing includes EcoStick Sport Sunscreen 4 Kids (same formula),2026-10-08,"ECOSTICK SUNSCREEN SPF 35 (ZINC OXIDE, TITANIUM DIOXIDE) STICK [STREAM2SEA, LLC]",https://dailymed.nlm.nih.gov/dailymed/drugInfo.cfm?setid=eba17b7a-5e96-4462-9b71-44c2bc577dce
44615ae4-8206-122d-e063-6294a90a0b2c,include,auto,baby/kids word in product name,2026-10-08,ECOZINC KIDS NATURAL MINERAL SUNSCREEN SPF50 (ZINC OXIDE SUNSCREEN) CREAM,https://dailymed.nlm.nih.gov/dailymed/drugInfo.cfm?setid=44615ae4-8206-122d-e063-6294a90a0b2c
97ad9087-6171-46c3-bf9f-5efb2b7a19d4,include,reviewed,"front-panel image: Front panel: 'Eezy Pro SUNSCREEN with ALOE VERA ... Babies & Kiddies NON OILY' with teddy-bear art (OCR flag, verified on the image 2026-10-09)",2026-10-09,"EEZY PRO SPF 50 (MERADIMATE, OCTINOXATE, OCTOCRYLENE, TITANIUM DIOXIDE, ZINC OXIDE) CREAM [BIO EARTH MANUFACTURING (PTY) LTD]",https://dailymed.nlm.nih.gov/dailymed/drugInfo.cfm?setid=97ad9087-6171-46c3-bf9f-5efb2b7a19d4
8e295d3d-2748-4f93-9425-de56b5d066d2,include,auto,baby/kids word in product name,2026-10-08,"EEZYSUN SPF 50 BABY AND KIDS (TITANIUM DIOXIDE, ZINC OXIDE) CREAM",https://dailymed.nlm.nih.gov/dailymed/drugInfo.cfm?setid=8e295d3d-2748-4f93-9425-de56b5d066d2
edc89031-7071-4820-a6d1-5b0da9e069c0,include,auto,baby/kids word in product name,2026-10-08,"EEZYSUN SPF50 BABIES AND KIDS (TITANIUM DIOXIDE, ZINC OXIDE) CREAM",https://dailymed.nlm.nih.gov/dailymed/drugInfo.cfm?setid=edc89031-7071-4820-a6d1-5b0da9e069c0
bfdb266b-9920-4225-84c7-bcbad81fd1c7,exclude,reviewed,"front-panel image checked: Only 'children under 6 months of age: Ask a physician' in Drug Facts; front 'UV Daily Hydration+ Face Sunscreen' (OCR flag, verified on the image 2026-10-09)",2026-10-09,"ELTAMD UV DAILY HYDRATION (OCTISALATE, ZINC OXIDE SUNSCREEN) LOTION [CP SKIN HEALTH GROUP, INC.]",https://dailymed.nlm.nih.gov/dailymed/drugInfo.cfm?setid=bfdb266b-9920-4225-84c7-bcbad81fd1c7
e46cb6e3-ea8d-3c2d-e053-2a95a90a0bf6,include,auto,baby/kids word in product name,2026-10-08,"EQUALINE KIDS SPF 50 (AVOBENZONE, HOMOSALATE, OCTISALATE, OCTOCRYLENE) SPRAY",https://dailymed.nlm.nih.gov/dailymed/drugInfo.cfm?setid=e46cb6e3-ea8d-3c2d-e053-2a95a90a0bf6
10631036-0fa6-b3ee-e063-6294a90af7aa,include,auto,baby/kids word in product name,2026-10-08,"EQUATE KIDS SUNSCREEN BROAD SPECTRUM SPF 50 EQUATE (AVOBENZONE, HOMOSALATE, OCTISALATE, OCTOCRYLENE) LOTION",https://dailymed.nlm.nih.gov/dailymed/drugInfo.cfm?setid=10631036-0fa6-b3ee-e063-6294a90af7aa
b2083cbd-ef19-4edc-9d7d-eca3452ee0ee,include,auto,baby/kids word in product name,2026-10-08,EQUATE SUNSCREEN BABY BROAD SPECTRUM SPF 50 (AVOBENZONE HOMOSALATE OCTOCRYLENE) LOTION,https://dailymed.nlm.nih.gov/dailymed/drugInfo.cfm?setid=b2083cbd-ef19-4edc-9d7d-eca3452ee0ee
17e9bcaa-77b5-45da-ab77-5563070e0af2,include,auto,baby/kids word in product name,2026-10-08,"EQUATE SUNSCREEN KIDS SPF50 BROAD SPECTRUM (AVOBENZONE, HOMOSALATE, OCTISALATE, OCTOCRYLENE) SPRAY",https://dailymed.nlm.nih.gov/dailymed/drugInfo.cfm?setid=17e9bcaa-77b5-45da-ab77-5563070e0af2
0cdfc3a1-4bfa-474d-a4eb-4bfa1e628c89,include,auto,baby/kids word in product name,2026-10-08,"EQUATE SUNSCREEN MINERAL BASED KIDS BROAD SPECTRUM SPF 50 (HOMOSALATE , OCTOCRYLENE, ZINC OXIDE) STICK",https://dailymed.nlm.nih.gov/dailymed/drugInfo.cfm?setid=0cdfc3a1-4bfa-474d-a4eb-4bfa1e628c89
81cb6b2e-1ca3-4a83-a8df-9bfee61e79af,include,auto,baby/kids word in product name,2026-10-08,"EQUATE SUNSCREEN SPF 50 KIDS BROAD SPECTRUM (TITANIUM DIOXIDE, ZINC OXIDE) LOTION",https://dailymed.nlm.nih.gov/dailymed/drugInfo.cfm?setid=81cb6b2e-1ca3-4a83-a8df-9bfee61e79af
70a5537c-a364-4dae-8ab2-8ca0cbfd11b7,exclude,reviewed,"front-panel image checked: 'Children under 6 months' only in Drug Facts; adult CC face cream (OCR flag, verified on the image 2026-10-09)",2026-10-09,"ERBORIAN CC CREME HIGH DEFINITION SPF 25 CARAMEL (OCTINOXATE, OCTISALATE, TITANIUM DIOXIDE, ZINC OXIDE) CREAM [LABORATOIRES M&L]",https://dailymed.nlm.nih.gov/dailymed/drugInfo.cfm?setid=70a5537c-a364-4dae-8ab2-8ca0cbfd11b7
cdb19c82-9845-eabc-e053-2a95a90a31f7,include,auto,baby/kids word in product name,2026-10-08,EUCERIN BABY SENSITIVE MINERAL SPF 50 SUNSCREEN (ZINC OXIDE) LOTION,https://dailymed.nlm.nih.gov/dailymed/drugInfo.cfm?setid=cdb19c82-9845-eabc-e053-2a95a90a31f7
4af9e668-0d88-74ad-e063-6394a90a5243,exclude,reviewed,adult line of the brand; no baby/kids word on product,2026-10-08,EVEREDEN COOLING MINERAL SUNSTICK SPF 30 (ZINC OXIDE) STICK,https://dailymed.nlm.nih.gov/dailymed/drugInfo.cfm?setid=4af9e668-0d88-74ad-e063-6394a90a5243
2cb7773f-9a05-ad02-e063-6294a90af024,exclude,reviewed,adult line of the brand; no baby/kids word on product,2026-10-08,"EVEREDEN FLUID SILK MINERAL SUNSCREEN PRO SPF50 (TITANIUM DIOXIDE, ZINC OXIDE) LOTION",https://dailymed.nlm.nih.gov/dailymed/drugInfo.cfm?setid=2cb7773f-9a05-ad02-e063-6294a90af024
521afa81-737f-81d4-e063-6394a90ad307,include,auto,baby/kids word in product name,2026-10-08,EVEREDEN KIDS COOLING MINERAL SUNSTICK SPF30 (ZINC OXIDE) STICK,https://dailymed.nlm.nih.gov/dailymed/drugInfo.cfm?setid=521afa81-737f-81d4-e063-6394a90ad307
bba219a4-de83-76fd-e053-2995a90a2d69,include,auto,baby/kids word in product name,2026-10-08,EVEREDEN KIDS MINERAL SUNSCREEN SPF 30 (ZINC OXIDE) LOTION,https://dailymed.nlm.nih.gov/dailymed/drugInfo.cfm?setid=bba219a4-de83-76fd-e053-2995a90a2d69
dcedc364-3cee-d30a-e053-2995a90a7d78,exclude,reviewed,adult line of the brand; no baby/kids word on product,2026-10-08,"EVEREDEN SPF50 PREMIUM MINERAL SUNSCREEN (ZINC OXIDE, TITANIUM DIOXIDE) LOTION",https://dailymed.nlm.nih.gov/dailymed/drugInfo.cfm?setid=dcedc364-3cee-d30a-e053-2995a90a7d78
7ec4954f-7d60-405b-8bff-cb602fc44a4e,include,reviewed,listing includes Every Day Mineral Sunscreen 4 Kids (same formula),2026-10-08,"EVERY DAY MINERAL SUN SCREEN SPF 45 (ZINC OXIDE) CREAM [STREAM2SEA, LLC]",https://dailymed.nlm.nih.gov/dailymed/drugInfo.cfm?setid=7ec4954f-7d60-405b-8bff-cb602fc44a4e
506a9037-2bbe-40cc-ae0e-adb3c01b4730,include,auto,baby/kids word in product name,2026-10-08,EXCHANGE SELECT BABY SUNSCREEN SPF 50 (AVOBENZONE) LOTION,https://dailymed.nlm.nih.gov/dailymed/drugInfo.cfm?setid=506a9037-2bbe-40cc-ae0e-adb3c01b4730
e467c306-a2ed-4976-e053-2995a90a56ed,include,auto,baby/kids word in product name,2026-10-08,"EXCHANGE SELECT KIDS SPF 50 (AVOBENZONE, HOMOSALATE, OCTISALATE, OCTOCRYLENE) SPRAY",https://dailymed.nlm.nih.gov/dailymed/drugInfo.cfm?setid=e467c306-a2ed-4976-e053-2995a90a56ed
cb7ba9ca-6a02-471a-8093-442dc56d773b,include,auto,baby/kids word in product name,2026-10-08,EXCHANGE SELECT KIDS SUNSCREEN SPF 50 (AVOBENZONE) SPRAY,https://dailymed.nlm.nih.gov/dailymed/drugInfo.cfm?setid=cb7ba9ca-6a02-471a-8093-442dc56d773b
01816579-3a7b-414a-9287-7d493cc1dd05,exclude,reviewed,adult line of the brand; no baby/kids word on product,2026-10-08,"FACECOTZ (TITANIUM DIOXIDE, ZINC OXIDE) CREAM",https://dailymed.nlm.nih.gov/dailymed/drugInfo.cfm?setid=01816579-3a7b-414a-9287-7d493cc1dd05
3f33c62c-43ec-4576-a24d-bd5de07e74d2,exclude,auto,not a sunscreen (classifier product type: skin_protectant),2026-10-08,"FRESH SCENT PROTECTIVE BABY (ZINC OXIDE) POWDER [CVS PHARMACY, INC.]",https://dailymed.nlm.nih.gov/dailymed/drugInfo.cfm?setid=3f33c62c-43ec-4576-a24d-bd5de07e74d2
503a755c-5b86-37d3-e054-00144ff88e88,include,auto,baby/kids word in product name,2026-10-08,"FRUIT OF THE EARTH BLOCK UP KIDS SPF 50 MOISTURIZING SUNSCREEN (AVOBENZONE, HOMOSALATE, OCTINOXATE, OCTISALATE, OCTOCRYLENE, OXYBENZONE) LOTION",https://dailymed.nlm.nih.gov/dailymed/drugInfo.cfm?setid=503a755c-5b86-37d3-e054-00144ff88e88
fd67fa5d-f997-c607-e053-6294a90aee2b,include,auto,baby/kids word in product name,2026-10-08,"FRUIT OF THE EARTH LUV THAT SUN KIDS SUNSCREEN CONTINUOUS SPF 50 (AVOBENZONE, HOMOSALATE, OCTISALATE, OCTOCRYLENE) SPRAY",https://dailymed.nlm.nih.gov/dailymed/drugInfo.cfm?setid=fd67fa5d-f997-c607-e053-6294a90aee2b
fd786a06-88b7-fa35-e053-6394a90a84a5,include,auto,baby/kids word in product name,2026-10-08,"FRUIT OF THE EARTH LUV THAT SUN KIDS SUNSCREEN ULTRA SPF 50 (AVOBENZONE, HOMOSALATE, OCTISALATE, OCTOCRYLENE) LOTION",https://dailymed.nlm.nih.gov/dailymed/drugInfo.cfm?setid=fd786a06-88b7-fa35-e053-6394a90a84a5
f42a0b1e-038d-4fab-e053-2995a90a5364,include,auto,baby/kids word in product name,2026-10-08,"FRUIT OF THE EARTH SUN TOWN CITY BABY AND KIDS MINERAL SPF 50 SUNSCREEN (TITANIUM DIOXIDE, ZINC OXIDE) SPRAY",https://dailymed.nlm.nih.gov/dailymed/drugInfo.cfm?setid=f42a0b1e-038d-4fab-e053-2995a90a5364
c7ba72c2-ea23-0bb9-e053-2a95a90a1d90,include,auto,baby/kids word in product name,2026-10-08,"FRUIT OF THE EARTH SUN TOWN CITY BABY SPF 50 SUNSCREEN (AVOBENZONE, HOMOSALATE, OCTISALATE, OCTOCRYLENE) LOTION",https://dailymed.nlm.nih.gov/dailymed/drugInfo.cfm?setid=c7ba72c2-ea23-0bb9-e053-2a95a90a1d90
c7bdd7a3-2e88-d881-e053-2a95a90a2ef9,include,auto,baby/kids word in product name,2026-10-08,"FRUIT OF THE EARTH SUN TOWN CITY BABY SPF 50 SUNSCREEN (AVOBENZONE, HOMOSALATE, OCTISALATE, OCTOCRYLENE) STICK",https://dailymed.nlm.nih.gov/dailymed/drugInfo.cfm?setid=c7bdd7a3-2e88-d881-e053-2a95a90a2ef9
c79472ea-a367-1328-e053-2a95a90a22d5,include,auto,baby/kids word in product name,2026-10-08,"FRUIT OF THE EARTH SUN TOWN CITY KIDS SPF 50 SUNSCREEN (AVOBENZONE, HOMOSALATE, OCTISALATE, OCTOCRYLENE) SPRAY",https://dailymed.nlm.nih.gov/dailymed/drugInfo.cfm?setid=c79472ea-a367-1328-e053-2a95a90a22d5
641e891e-32c5-4977-991a-2e3a45f343b0,include,auto,baby/kids word in product name,2026-10-08,"GARNIER OMBRELLE KIDS WET N PROTECT HYPOALLERGENIC SPF 45 MEXORYL TECHNOLOGY (HOMOSALATE, OCTOCRYLENE, OXYBENZONE, OCTISALATE, AVOBENZONE AND DROMETRIZOLE TRISILOXANE) LOTION",https://dailymed.nlm.nih.gov/dailymed/drugInfo.cfm?setid=641e891e-32c5-4977-991a-2e3a45f343b0
eae9dcef-e6e1-4d3c-8c8c-53aea3b96344,include,auto,baby/kids word in product name,2026-10-08,"GARNIER OMBRELLE KIDS WET N PROTECT HYPOALLERGENIC SPF 45 MEXORYL TECHNOLOGY (HOMOSALATE, OCTOCRYLENE, OXYBENZONE, OCTISALATE, AVOBENZONE AND DROMETRIZOLE TRISILOXANE) LOTION",https://dailymed.nlm.nih.gov/dailymed/drugInfo.cfm?setid=eae9dcef-e6e1-4d3c-8c8c-53aea3b96344
e1f4208b-3f24-4e01-b53f-c1778ea5c1b3,include,auto,baby/kids word in product name,2026-10-08,"GARNIER OMBRELLE SPF 60 UVA UVB KIDS WET N PROTECT SUNSCREEN PROTECTION EVEN ON WET SKIN HYPOALLERGENIC WATER/SWEAT RESISTANT 80 MINUTES QUICK ABSORPTION (HOMOSALATE, OCTOCRYLENE, OXYBENZONE, OCTISALATE, AVOBENZONE AND DROMETRIZOLE TRISILOXANE) LOTION",https://dailymed.nlm.nih.gov/dailymed/drugInfo.cfm?setid=e1f4208b-3f24-4e01-b53f-c1778ea5c1b3
4550d552-0a10-4fb6-e054-00144ff8d46c,exclude,reviewed,no baby/kids word on the printed label text (Sea & Ski SPF 70),2026-10-08,"GENERAL PROTECTION (AVOBENZONE,HOMOSALATE,OCTISALATE,OCTOCRYLENE,OCTINOXATE) AEROSOL, SPRAY [CROSS-BRANDS MANUFACTURING LLC]",https://dailymed.nlm.nih.gov/dailymed/drugInfo.cfm?setid=4550d552-0a10-4fb6-e054-00144ff8d46c
444c1a61-41f0-2e9e-e054-00144ff88e88,include,reviewed,front panel: Sea & Ski SPF 50 Baby,2026-10-08,"GENERAL PROTECTION (AVOBENZONE,OCTISALATE,HOMOSALATE,OCTOCRYLENE,OCTINOXATE) LOTION [CROSS-BRAND MANUFACTURING, LLC]",https://dailymed.nlm.nih.gov/dailymed/drugInfo.cfm?setid=444c1a61-41f0-2e9e-e054-00144ff88e88
4b8f7a5a-2fc4-ea00-e063-6294a90ab95b,exclude,reviewed,"multi-drug baby care kit, not a sunscreen product",2026-10-08,GENTLE CARE KIT (ZINC OXIDE) KIT [KENVUE BRANDS LLC],https://dailymed.nlm.nih.gov/dailymed/drugInfo.cfm?setid=4b8f7a5a-2fc4-ea00-e063-6294a90ab95b
0d438692-cd83-ea42-e063-6394a90a862d,exclude,reviewed,"front-panel image checked: front: 'Glossier. invisible shield daily sunscreen + SPF 35'; no baby/kids wording (OCR flag, verified on the image 2026-10-09)",2026-10-09,"GLOSSIER INVISIBLE SHIELD DAILY SUNSCREEN BROAD SPECTRUM SPF 35 (AVOBENZONE, HOMOSALATE, OCTISALATE) LOTION [COSMAX USA, CORPORATION]",https://dailymed.nlm.nih.gov/dailymed/drugInfo.cfm?setid=0d438692-cd83-ea42-e063-6394a90a862d
f2f53cf9-3717-07ff-e053-2a95a90a03fb,include,auto,baby/kids word in product name,2026-10-08,"GLOW BABY BRIGHTENING SETTING MIST SPF 45 (AVOBENZONE, HOMOSALATE, OCTISALATE, OCTOCRYLENE) SPRAY",https://dailymed.nlm.nih.gov/dailymed/drugInfo.cfm?setid=f2f53cf9-3717-07ff-e053-2a95a90a03fb
f3d3eee2-a5d9-113b-e053-2995a90a7057,include,auto,baby/kids word in product name,2026-10-08,GLOW BABY SUPER LIT SPF 30 (ZINC OXIDE) SPRAY,https://dailymed.nlm.nih.gov/dailymed/drugInfo.cfm?setid=f3d3eee2-a5d9-113b-e053-2995a90a7057
3be777bd-9132-4a69-98de-12b62525ad2f,include,auto,baby/kids word in product name,2026-10-08,GOAT MILK AND LAVENDER SUN FOR BABY SPF 20 PA PLUS PLUS (OCTINOXATE) LOTION,https://dailymed.nlm.nih.gov/dailymed/drugInfo.cfm?setid=3be777bd-9132-4a69-98de-12b62525ad2f
43a6b8e3-49f7-2ac7-e054-00144ff88e88,include,auto,baby/kids word in product name,2026-10-08,"GODDESS GARDEN ORGANICS KIDS NATURAL SUNSCREEN SPF 30 (TITANIUM DIOXIDE, ZINC OXIDE) SPRAY GODDESS GARDEN ORGANICS KIDS NATURAL SUNSCREEN SPF 30 (TITANIUM DIOXIDE, ZINC OXIDE) AEROSOL, SPRAY",https://dailymed.nlm.nih.gov/dailymed/drugInfo.cfm?setid=43a6b8e3-49f7-2ac7-e054-00144ff88e88
6bd187f1-7105-48d2-b6c3-4685aa22d7c9,exclude,reviewed,"front-panel image checked: Only 'Children under 6 months: ask a doctor' in Drug Facts; front 'bareMinerals Original SPF 15 Foundation golden deep' (OCR flag, verified on the image 2026-10-09)",2026-10-09,"GOLDEN DEEP FOUNDATION SPF 15 (ZINC OXIDE, TITANIUM DIOXIDE) POWDER [BARE ESCENTUALS BEAUTY INC.]",https://dailymed.nlm.nih.gov/dailymed/drugInfo.cfm?setid=6bd187f1-7105-48d2-b6c3-4685aa22d7c9
1e86c2a9-a5c3-95cb-e063-6394a90a014d,include,auto,baby/kids word in product name,2026-10-08,GOONGBE BABY EASY WASH SUNLOTION SPF 30 (ZINC OXIDE) LOTION,https://dailymed.nlm.nih.gov/dailymed/drugInfo.cfm?setid=1e86c2a9-a5c3-95cb-e063-6394a90a014d
39bf1379-3dee-4aa0-967a-36faccca4216,include,reviewed,front panel: H-E-B Solutions Sunscreen Kids,2026-10-08,"H.E.B (SPF 50 SUNSCREEN) AEROSOL, SPRAY [H.E.B]",https://dailymed.nlm.nih.gov/dailymed/drugInfo.cfm?setid=39bf1379-3dee-4aa0-967a-36faccca4216
61273611-ab7a-4216-aebe-2c8d89660281,include,auto,baby/kids word in product name,2026-10-08,"H.E.B BABY (SPF 50 SUNSCREEN) AEROSOL, SPRAY",https://dailymed.nlm.nih.gov/dailymed/drugInfo.cfm?setid=61273611-ab7a-4216-aebe-2c8d89660281
1082111f-bf04-4a98-b6a0-5da933652f1d,include,auto,baby/kids word in product name,2026-10-08,"H.E.B SOLUTIONS SUNSCREEN (BABY SPF 50 LOTION SPRAY) AEROSOL, SPRAY",https://dailymed.nlm.nih.gov/dailymed/drugInfo.cfm?setid=1082111f-bf04-4a98-b6a0-5da933652f1d
9b43c5d5-c279-4ae3-843e-1451f7324216,include,auto,baby/kids word in product name,2026-10-08,"H.E.B SOLUTIONS SUNSCREEN (KIDS SPF 50 LOTION SPRAY) AEROSOL, SPRAY",https://dailymed.nlm.nih.gov/dailymed/drugInfo.cfm?setid=9b43c5d5-c279-4ae3-843e-1451f7324216
9f08c40e-b5c6-4ca4-8c24-0a0f98787217,include,auto,baby/kids word in product name,2026-10-08,H.E.B SOLUTIONS SUNSCREEN (KIDS SPF 70 LOTION) LOTION,https://dailymed.nlm.nih.gov/dailymed/drugInfo.cfm?setid=9f08c40e-b5c6-4ca4-8c24-0a0f98787217
f823b236-5884-41d9-bff0-65b91664aaad,include,auto,baby/kids word in product name,2026-10-08,"H.E.B SOLUTIONS SUNSCREEN (WET PROTECTION KIDS SPF 70 CONTINUOUS SPRAY) AEROSOL, SPRAY",https://dailymed.nlm.nih.gov/dailymed/drugInfo.cfm?setid=f823b236-5884-41d9-bff0-65b91664aaad
db0d6dec-d0ee-6160-e053-2a95a90a2c6e,include,reviewed,"front-panel image: Multi-variant; Habana_SPF_30_Kids_Lotion.jpg front: 'HABANA BRISA KIDS REEF FRIENDLY SUNSCREEN ... 30 LOTION' (OCR flag, verified on the image 2026-10-09)",2026-10-09,"HABANA BRISA SPF 30 SUNSCREEN (AVOBENZONE 3%, HOMOSALATE 15%, OCTISALATE 5%, OCTOCRYLENE 6%) LOTION [DERMA CARE RESEARCH LABS, LLC]",https://dailymed.nlm.nih.gov/dailymed/drugInfo.cfm?setid=db0d6dec-d0ee-6160-e053-2a95a90a2c6e
db4a0668-8edd-b1c2-e053-2995a90a02ab,include,reviewed,"front-panel image: Kids variant front: 'HABANA BRISA KIDS Reef Friendly Sunscreen' SPF 50 Lotion (OCR flag, verified on the image 2026-10-09)",2026-10-09,"HABANA BRISA SPF 50 SUNSCREEN (AVOBENZONE 3%, HOMOSALATE 15%, OCTISALATE 5%, OCTOCRYLENE 10%) LOTION [DERMA CARE RESEARCH LABS, LLC]",https://dailymed.nlm.nih.gov/dailymed/drugInfo.cfm?setid=db4a0668-8edd-b1c2-e053-2995a90a02ab
dafc5532-a7bc-5558-e053-2995a90aec68,include,reviewed,"front-panel image: Kids variant front: 'HABANA BRISA KIDS Reef Friendly Sunscreen' SPF 70 (OCR flag, verified on the image 2026-10-09)",2026-10-09,"HABANA BRISA SPF 70 SUNSCREEN (AVOBENZONE 3%, HOMOSALATE 15%, OCTISALATE 5%, OCTOCRYLENE 10%) LOTION [DERMA CARE RESEARCH LABS, LLC]",https://dailymed.nlm.nih.gov/dailymed/drugInfo.cfm?setid=dafc5532-a7bc-5558-e053-2995a90aec68
db6085a7-8416-a4bb-e053-2995a90a35dc,include,reviewed,"front-panel image: Multi-variant; Habana_SPF_30_Kids_CS.jpg front: 'HABANA BRISA KIDS REEF FRIENDLY SUNSCREEN ... 30 CONTINUOUS SPRAY' (OCR flag, verified on the image 2026-10-09)",2026-10-09,"HABANA SPF 30 SUNSCREEN (AVOBENZONE 3%, HOMOSALATE 15%, OCTISALATE 5%, OCTOCRYLENE 8%) SPRAY [DERMA CARE RESEARCH LABS, LLC]",https://dailymed.nlm.nih.gov/dailymed/drugInfo.cfm?setid=db6085a7-8416-a4bb-e053-2995a90a35dc
db6193ee-c63c-a9aa-e053-2995a90a0ee7,include,reviewed,"front-panel image: Kids variant front: 'HABANA BRISA KIDS Reef Friendly Sunscreen' SPF 50 Continuous Spray (OCR flag, verified on the image 2026-10-09)",2026-10-09,"HABANA SPF 50 SUNSCREEN (AVOBENZONE 3%, HOMOSALATE 15%, OCTISALATE 5%, OCTOCRYLENE 10%) SPRAY [DERMA CARE RESEARCH LABS, LLC]",https://dailymed.nlm.nih.gov/dailymed/drugInfo.cfm?setid=db6193ee-c63c-a9aa-e053-2995a90a0ee7
db87d5b3-221d-7e9d-e053-2a95a90a26f2,include,reviewed,"front-panel image: Multi-variant; Habana_SPF_70_Kids_CS.jpg front: 'HABANA BRISA KIDS REEF FRIENDLY SUNSCREEN ... 70 CONTINUOUS SPRAY' (OCR flag, verified on the image 2026-10-09)",2026-10-09,"HABANA SPF 70 SUNSCREEN (AVOBENZONE 3%, HOMOSALATE 15%, OCTISALATE 5%, OCTOCRYLENE 10%) SPRAY [DERMA CARE RESEARCH LABS, LLC]",https://dailymed.nlm.nih.gov/dailymed/drugInfo.cfm?setid=db87d5b3-221d-7e9d-e053-2a95a90a26f2
42037d8c-4787-4e16-93fe-0d19b6b888fd,include,auto,"auto-rule v1: baby/kids word in product name, sunscreen, not a kit",2026-10-08,HAMPTON SUN SPF 50 BABY MINERAL (ZINC OXIDE 20%) LOTION [S&C HAMPTON SUN LLC],https://dailymed.nlm.nih.gov/dailymed/drugInfo.cfm?setid=42037d8c-4787-4e16-93fe-0d19b6b888fd
7c976082-3265-4c0b-9985-277d27988895,include,auto,baby/kids word in product name,2026-10-08,"HAMPTON SUN SPF 70 KIDS (AVOBENZONE, HUMOSALATE, OCTISALATE, OCTOCRYLENE) SPRAY",https://dailymed.nlm.nih.gov/dailymed/drugInfo.cfm?setid=7c976082-3265-4c0b-9985-277d27988895
cce03183-de08-4db3-a292-127726df8182,include,auto,baby/kids word in product name,2026-10-08,HAWAIIAN TROPIC KIDS SPF 30 (AVOBENZONE AND OCTOCRYLENE AND OXYBENZONE) SPRAY,https://dailymed.nlm.nih.gov/dailymed/drugInfo.cfm?setid=cce03183-de08-4db3-a292-127726df8182
a5f02688-cb8a-4d9b-e053-2995a90ad1ba,exclude,reviewed,"front-panel image checked: 'children' only in Drug Facts warnings (OCR flag, verified on the image 2026-10-09)",2026-10-09,"HEB BROAD SPECTRUM SPF 30 BANANA SCENTED SUNSCREEN (AVOBENZONE, HOMOSALATE, OCTISALATE, OCTOCRYLENE) STICK [H.E.B]",https://dailymed.nlm.nih.gov/dailymed/drugInfo.cfm?setid=a5f02688-cb8a-4d9b-e053-2995a90ad1ba
f58d328c-8b30-b4d4-e053-2a95a90adb59,include,auto,baby/kids word in product name,2026-10-08,HEB SPF 50 KIDS BLUE MINERAL SUNSCREEN STICK BERRY SCENTED (ZINC OXIDE) STICK,https://dailymed.nlm.nih.gov/dailymed/drugInfo.cfm?setid=f58d328c-8b30-b4d4-e053-2a95a90adb59
f58ed2f9-67c3-ce91-e053-2995a90a1229,include,auto,baby/kids word in product name,2026-10-08,HEB SPF 50 KIDS PURPLE MINERAL SUNSCREEN STICK GRAPE SCENTED (ZINC OXIDE) STICK,https://dailymed.nlm.nih.gov/dailymed/drugInfo.cfm?setid=f58ed2f9-67c3-ce91-e053-2995a90a1229
f58f0199-bf22-2197-e053-2995a90ae64f,exclude,reviewed,"front-panel image checked: Front: 'Safe for Baby & Family' (suitability claim) under '50 MINERAL SUNSCREEN' (OCR flag, verified on the image 2026-10-09)",2026-10-09,HEB SPF 50 MINERAL SUNSCREEN STICK (ZINC OXIDE) STICK [H.E.B.],https://dailymed.nlm.nih.gov/dailymed/drugInfo.cfm?setid=f58f0199-bf22-2197-e053-2995a90ae64f
f5660a97-57c8-61c7-e053-2995a90a0164,include,auto,baby/kids word in product name,2026-10-08,"HEB SPF 55 BABIES AND KIDS SUNSCREEN (AVOBENZONE, HOMOSALATE, OCTISALATE, OCTOCRYLENE) STICK",https://dailymed.nlm.nih.gov/dailymed/drugInfo.cfm?setid=f5660a97-57c8-61c7-e053-2995a90a0164
e158ba31-e159-4624-a490-fe70baaf4a39,exclude,auto,not a sunscreen (classifier product type: skin_protectant),2026-10-05,"HELLO BELLO DIAPER RASH CREAM (ZINC OXIDE) CREAM [TOPIDERM, INC.]",https://dailymed.nlm.nih.gov/dailymed/drugInfo.cfm?setid=e158ba31-e159-4624-a490-fe70baaf4a39
3e7a3e8e-eacf-0a30-e063-6294a90ab7ec,include,auto,baby/kids word in product name,2026-10-08,HELLO BELLO KIDS MINERAL SUNSCREEN (ZINC OXIDE TITANIUM OXIDE) LOTION,https://dailymed.nlm.nih.gov/dailymed/drugInfo.cfm?setid=3e7a3e8e-eacf-0a30-e063-6294a90ab7ec
4127e49a-eb27-e8e2-e063-6294a90a469e,include,auto,baby/kids word in product name,2026-10-08,HELLO BELLO KIDS SPF 50 FACE AND BODY SUNSCREEN STICK (ZINC OXIDE) STICK,https://dailymed.nlm.nih.gov/dailymed/drugInfo.cfm?setid=4127e49a-eb27-e8e2-e063-6294a90a469e
34bb8560-8223-e810-e063-6394a90ad45d,exclude,reviewed,"owner policy 2026-10-08 (strict): baby brand, but no baby/kids word on this product's label",2026-10-08,HELLO BELLO MINERAL SUNSCREEN SPF 50 (ZINC OXIDE TITANIUM OXIDE) LOTION,https://dailymed.nlm.nih.gov/dailymed/drugInfo.cfm?setid=34bb8560-8223-e810-e063-6394a90ad45d
54f12764-5c37-4a05-bf96-209fedb93fd1,exclude,reviewed,"owner policy 2026-10-08 (strict): baby brand, but no baby/kids word on this product's label",2026-10-08,HELLO BELLO MINERAL SUNSCREEN SPF 50 (ZINC OXIDE) LOTION,https://dailymed.nlm.nih.gov/dailymed/drugInfo.cfm?setid=54f12764-5c37-4a05-bf96-209fedb93fd1
2deea723-32a0-da33-e063-6294a90accdd,include,auto,baby/kids word in product name,2026-10-08,HI PAPA KIDS MINERAL FACE SUNSCREEN (SUNSCREEN) CREAM,https://dailymed.nlm.nih.gov/dailymed/drugInfo.cfm?setid=2deea723-32a0-da33-e063-6294a90accdd
33119ec6-2cd8-8978-e063-6394a90afd97,include,auto,baby/kids word in product name,2026-10-08,HIYA KIDS SPF 40 MINERAL SUNSCREN (ZINC OXIDE) PASTE,https://dailymed.nlm.nih.gov/dailymed/drugInfo.cfm?setid=33119ec6-2cd8-8978-e063-6394a90afd97
83186695-f093-45d0-e053-2a91aa0a827d,include,auto,baby/kids word in product name,2026-10-08,IM SAFE FOR BABY AND SILVER (TITANIUM DIOXIDE) LOTION,https://dailymed.nlm.nih.gov/dailymed/drugInfo.cfm?setid=83186695-f093-45d0-e053-2a91aa0a827d
4567d413-d8cc-677b-e063-6294a90a1a42,exclude,reviewed,"front-panel image checked: front: 'inBlair ELEVATE Collagen Peptides + B3 + SPF15'; 'children' only in Drug Facts (OCR flag, verified on the image 2026-10-09)",2026-10-09,"INBLAIR ELEVATE SPF15 MOISTURIZER CREAM [GUANGZHOU FANTESY BIOTECHNOLOGY CO.,LTD]",https://dailymed.nlm.nih.gov/dailymed/drugInfo.cfm?setid=4567d413-d8cc-677b-e063-6294a90a1a42
61fc5ec4-094c-f4c9-e053-2a91aa0aab29,include,auto,baby/kids word in product name,2026-10-08,"J0832212 JASON KIDS SUNSCREEN SPF45 (HOMOSALATE, OCTYL SALICYLATE, OCTOCRYLENE, AVOBENZONE) LOTION",https://dailymed.nlm.nih.gov/dailymed/drugInfo.cfm?setid=61fc5ec4-094c-f4c9-e053-2a91aa0aab29
63e078a3-d5df-4458-a745-e306d734e6be,exclude,reviewed,"front-panel image checked: Only 'children under 6 months of age: Ask a doctor' / 'Keep out of reach of children' in Drug Facts; front 'Facial Fluid Broad Spectrum SPF 50+ Sunscreen' (OCR flag, verified on the image 2026-10-09)",2026-10-09,"JAFRA BIOLAB FACIAL FLUID BROAD SPECTRUM SPF 50 SUNSCREEN (AVOBENZONE,HOMOSALATE,OCTISALATE,OCTOCRYLENE) LIQUID [DISTRIBUIDORA COMERCIAL JAFRA, S.A. DE C.V.]",https://dailymed.nlm.nih.gov/dailymed/drugInfo.cfm?setid=63e078a3-d5df-4458-a745-e306d734e6be
a5bed94b-2f62-476c-a4b1-aa7c7f093723,include,auto,baby/kids word in product name,2026-10-08,"JASON PURE NATURAL SUN KIDS NATURAL SUNSCREN BROAD SPECTRUM SPF45 (HOMOSALATE, OCTOCRYLENE, ETHYLHEXYL METHOXYCINNAMATE, ETHYLHEXYL SALICYLATE, TITANIUM DIOXIDE) LOTION",https://dailymed.nlm.nih.gov/dailymed/drugInfo.cfm?setid=a5bed94b-2f62-476c-a4b1-aa7c7f093723
0c2dc068-ad7d-6a28-e054-00144ff88e88,include,auto,baby/kids word in product name,2026-10-08,"JASON SUN KIDS SUNSCREEN BROAD SPECTRUM SPF45 (HOMOSALATE, OCTINOXATE, ETHYLHEXYL SALICYLATE, OCTOCRYLENE, BUTUL METHOXYDIBENZOYLMETHANE, TITANIUM DIOXIDE) LOTION",https://dailymed.nlm.nih.gov/dailymed/drugInfo.cfm?setid=0c2dc068-ad7d-6a28-e054-00144ff88e88
1ac59efd-9efd-09d9-e063-6394a90a5e40,exclude,reviewed,"gift set / kit, not a single sunscreen",2026-10-08,JOHNSONS BABY CARE ESSENTIALS GIFT SET (ZINC OXIDE) KIT,https://dailymed.nlm.nih.gov/dailymed/drugInfo.cfm?setid=1ac59efd-9efd-09d9-e063-6394a90a5e40
43edc287-57e1-d96e-e063-6294a90ac5a1,exclude,reviewed,"gift set / kit, not a single sunscreen",2026-10-08,JOHNSONS BABY CARE ESSENTIALS GIFT SET (ZINC OXIDE) KIT,https://dailymed.nlm.nih.gov/dailymed/drugInfo.cfm?setid=43edc287-57e1-d96e-e063-6294a90ac5a1
afa1ba48-b504-4af0-a9c7-cd2c9a2e6e59,exclude,reviewed,"gift set / kit, not a single sunscreen",2026-10-08,JOHNSONS BABY CARE ESSENTIALS GIFT SET (ZINC OXIDE) KIT,https://dailymed.nlm.nih.gov/dailymed/drugInfo.cfm?setid=afa1ba48-b504-4af0-a9c7-cd2c9a2e6e59
ed08b690-f907-6d2f-e053-2a95a90af51c,exclude,reviewed,"gift set / kit, not a single sunscreen",2026-10-08,JOHNSONS BABY CARE ESSENTIALS GIFT SET (ZINC OXIDE) KIT,https://dailymed.nlm.nih.gov/dailymed/drugInfo.cfm?setid=ed08b690-f907-6d2f-e053-2a95a90af51c
3f838eb7-42a3-c96b-e063-6294a90a7491,exclude,reviewed,"gift set / kit, not a single sunscreen",2026-10-08,JOHNSONS BABY FIRST TOUCH GIFT SET (ZINC OXIDE) KIT,https://dailymed.nlm.nih.gov/dailymed/drugInfo.cfm?setid=3f838eb7-42a3-c96b-e063-6294a90a7491
4fe04c4b-2751-0561-e063-6394a90af768,include,auto,baby/kids word in product name,2026-10-08,"JOHNSONS BABY MINERAL SUNSCREEN SPF 30 (TITANIUM DIOXIDE, ZINC OXIDE) LOTION",https://dailymed.nlm.nih.gov/dailymed/drugInfo.cfm?setid=4fe04c4b-2751-0561-e063-6394a90af768
4fe1d3c6-7748-d966-e063-6394a90a97ff,include,auto,baby/kids word in product name,2026-10-08,JOHNSONS BABY MINERAL SUNSCREEN STICK SPF 50 (ZINC OXIDE) STICK,https://dailymed.nlm.nih.gov/dailymed/drugInfo.cfm?setid=4fe1d3c6-7748-d966-e063-6394a90a97ff
2c2337cf-4507-7232-e063-6294a90a79c3,exclude,reviewed,"gift set / kit, not a single sunscreen",2026-10-08,JOHNSONS FIRST TOUCH BABY GIFT SET (ZINC OXIDE) KIT,https://dailymed.nlm.nih.gov/dailymed/drugInfo.cfm?setid=2c2337cf-4507-7232-e063-6294a90a79c3
da5469ea-3330-4f04-e053-2a95a90aff41,exclude,reviewed,"gift set / kit, not a single sunscreen",2026-10-08,JOHNSONS FIRST TOUCH BABY GIFT SET (ZINC OXIDE) KIT,https://dailymed.nlm.nih.gov/dailymed/drugInfo.cfm?setid=da5469ea-3330-4f04-e053-2a95a90aff41
72ac88cf-9f20-44ea-b3a2-12c922eec2b3,include,auto,"auto-rule v1: baby/kids word in product name, sunscreen, not a kit",2026-10-08,"JORDAN FAT KIDS TALLOW SUNSCREEN SPF 30 (MENTHOL, METHYL SALICYLATE) OINTMENT [JORDAN FAT KIDS LLC]",https://dailymed.nlm.nih.gov/dailymed/drugInfo.cfm?setid=72ac88cf-9f20-44ea-b3a2-12c922eec2b3
76613a3d-f4a8-4961-b36a-d84b4e10dea0,include,auto,"auto-rule v1: baby/kids word in product name, sunscreen, not a kit",2026-10-08,JOY SPRING KIDS MINERAL SUNSCREEN SPF-30 (ZINC OXIDE) LOTION [JOYSPRING HOLDINGS LLC],https://dailymed.nlm.nih.gov/dailymed/drugInfo.cfm?setid=76613a3d-f4a8-4961-b36a-d84b4e10dea0
3ca50033-5bcb-4a6d-8aba-a797c5b8d0e9,include,auto,"auto-rule v1: baby/kids word in product name, sunscreen, not a kit",2026-10-08,JOYSPRING KIDS MINERAL SUNSCREEN SPF-30 (ZINC OXIDE) CREAM [JOYSPRING HOLDINGS LLC],https://dailymed.nlm.nih.gov/dailymed/drugInfo.cfm?setid=3ca50033-5bcb-4a6d-8aba-a797c5b8d0e9
1f41f64b-d707-08e2-e063-6294a90aa924,include,auto,baby/kids word in product name,2026-10-08,KAWAKIDS KAWASUN - PREMIUM MINERAL SUNSCREEN SPF 50 (ZINC OXIDE) LOTION,https://dailymed.nlm.nih.gov/dailymed/drugInfo.cfm?setid=1f41f64b-d707-08e2-e063-6294a90aa924
1f4341f7-b499-3b73-e063-6394a90a75b8,include,auto,baby/kids word in product name,2026-10-08,KAWAKIDS KAWASUN - PREMIUM ON-THE-GO MINERAL SUNSCREEN SPF 50 (ZINC OXIDE) STICK,https://dailymed.nlm.nih.gov/dailymed/drugInfo.cfm?setid=1f4341f7-b499-3b73-e063-6394a90a75b8
44c469fb-c959-4390-9c52-c858be537fa2,include,auto,baby/kids word in product name,2026-10-08,KID SAFE SCREEN (ZINC OXIDE) CREAM,https://dailymed.nlm.nih.gov/dailymed/drugInfo.cfm?setid=44c469fb-c959-4390-9c52-c858be537fa2
4f0bf232-645a-4f69-b386-3a138a5c9964,include,auto,baby/kids word in product name,2026-10-08,KIDCREME MINERAL BROAD SPECTRUM SPF 40 SUNSCREEN UVA-UVB SUNCREEN (TITANIUM DIOXIDE AND ZINC OXIDE) CREAM,https://dailymed.nlm.nih.gov/dailymed/drugInfo.cfm?setid=4f0bf232-645a-4f69-b386-3a138a5c9964
6a0f2536-6498-1dc7-e053-2a91aa0a57ab,include,auto,baby/kids word in product name,2026-10-08,"KIDS 50 SPF50 (TITANIUM DIOXIDE, ZINC OXIDE) LOTION",https://dailymed.nlm.nih.gov/dailymed/drugInfo.cfm?setid=6a0f2536-6498-1dc7-e053-2a91aa0a57ab
b72caf9b-46df-f30c-e053-2995a90a9b6d,include,auto,baby/kids word in product name,2026-10-08,KIDS BROAD SPECTRUM SPF 35 (ZINC OXIDE) CREAM,https://dailymed.nlm.nih.gov/dailymed/drugInfo.cfm?setid=b72caf9b-46df-f30c-e053-2995a90a9b6d
5b177115-9f0c-48a4-9fea-1f547436a2c9,include,auto,baby/kids word in product name,2026-10-08,"KIDS DISAPPEARING COLOR SPF50 BROAD SPECTRUM SUNCREEN GREEN APPLE SCENTED (AVOBENZONE, HOMOSALATE, OCTISALATE, OCTOCRYLENE, OXYBENZONE) SPRAY",https://dailymed.nlm.nih.gov/dailymed/drugInfo.cfm?setid=5b177115-9f0c-48a4-9fea-1f547436a2c9
6d373e47-f918-444a-b3bb-bce99b42d502,include,auto,baby/kids word in product name,2026-10-08,"KIDS DISAPPEARING COLOR SPF50 BROAD SPECTRUM SUNCREEN PINK STRAWBERRY SCENTED (AVOBENZONE, HOMOSALATE, OCTISALATE, OCTOCRYLENE, OXYBENZONE) SPRAY",https://dailymed.nlm.nih.gov/dailymed/drugInfo.cfm?setid=6d373e47-f918-444a-b3bb-bce99b42d502
01cc4ea0-e3de-32f1-e063-6394a90a1375,include,auto,baby/kids word in product name,2026-10-08,KIDS FACE AND BODY SUNSCREEN SPF 50 (ZINC OXIDE) STICK,https://dailymed.nlm.nih.gov/dailymed/drugInfo.cfm?setid=01cc4ea0-e3de-32f1-e063-6394a90a1375
fbfccb0c-e459-3282-e053-6394a90ad95d,include,auto,baby/kids word in product name,2026-10-08,KIDS MINERAL FACE CREAM SPF20 (ZINC OXIDE) CREAM,https://dailymed.nlm.nih.gov/dailymed/drugInfo.cfm?setid=fbfccb0c-e459-3282-e053-6394a90ad95d
5b19f2ae-c7e5-c44c-e063-6394a90a0e68,include,auto,baby/kids word in product name,2026-10-08,KIDS MINERAL SUNSCREEN SPF 50 (ZINC OXIDE) SPRAY,https://dailymed.nlm.nih.gov/dailymed/drugInfo.cfm?setid=5b19f2ae-c7e5-c44c-e063-6394a90a0e68
01cc554b-9241-d891-e063-6394a90a8450,include,auto,baby/kids word in product name,2026-10-08,KIDS MINERAL SUNSCREEN SPF50 (SUNSCREEN) SPRAY,https://dailymed.nlm.nih.gov/dailymed/drugInfo.cfm?setid=01cc554b-9241-d891-e063-6394a90a8450
4c37855b-08c0-0aa7-e063-6394a90a8842,include,auto,baby/kids word in product name,2026-10-08,KIDS MINERAL SUNSCREEN STICK SPF 50 (ZINC OXIDE) STICK,https://dailymed.nlm.nih.gov/dailymed/drugInfo.cfm?setid=4c37855b-08c0-0aa7-e063-6394a90a8842
5bccb774-b3f7-47e0-956c-e6d37c6a7d92,include,auto,baby/kids word in product name,2026-10-08,"KIDS NATURAL MINERAL SUNSCREEN BROAD SPECTRUM SPF 30 (TITANIUM DIOXIDE, ZINC OXIDE) LOTION",https://dailymed.nlm.nih.gov/dailymed/drugInfo.cfm?setid=5bccb774-b3f7-47e0-956c-e6d37c6a7d92
ca29aefd-9662-4d2e-b9ac-fa4b67f7b463,include,auto,baby/kids word in product name,2026-10-08,"KIDS NATURAL MINERAL SUNSCREEN BROAD SPECTRUM SPF 30 (TITANIUM DIOXIDE, ZINC OXIDE) SPRAY",https://dailymed.nlm.nih.gov/dailymed/drugInfo.cfm?setid=ca29aefd-9662-4d2e-b9ac-fa4b67f7b463
298b2aa5-de4a-4507-a304-6e63dbb957f9,include,auto,baby/kids word in product name,2026-10-08,KIDS SPF 50 (AVOBENZONE 3% HOMOSALATE 10% OCTISALATE 5% OCTOCRYLENE 4% OXYBENZONE 5%) SPRAY,https://dailymed.nlm.nih.gov/dailymed/drugInfo.cfm?setid=298b2aa5-de4a-4507-a304-6e63dbb957f9
7c2cc232-61fb-431e-8aff-2369f6d92930,include,auto,baby/kids word in product name,2026-10-08,KIDS SPF 50 (AVOBENZONE 3% HOMOSALATE 10% OCTISALATE 5% OCTOCRYLENE 4% OXYBENZONE 5%) SPRAY,https://dailymed.nlm.nih.gov/dailymed/drugInfo.cfm?setid=7c2cc232-61fb-431e-8aff-2369f6d92930
fc64e2a9-d75e-4b54-a31a-785dcecac069,include,auto,baby/kids word in product name,2026-10-08,"KIDS SPF 50 SUNSCREEN (AVOBENZONE, HOMOSALATE, OCTISALATE, OCTOCRYLENE) LOTION",https://dailymed.nlm.nih.gov/dailymed/drugInfo.cfm?setid=fc64e2a9-d75e-4b54-a31a-785dcecac069
20ebe264-2f79-4eef-b83d-3f09a3ca2898,include,auto,baby/kids word in product name,2026-10-08,KIDS SPF30 SUPER SENSITIVE PLUS C111 SUNSCREEN (TITANIUM DIOXIDE) LOTION,https://dailymed.nlm.nih.gov/dailymed/drugInfo.cfm?setid=20ebe264-2f79-4eef-b83d-3f09a3ca2898
d5ffe993-de8f-4623-a010-9cb8dd70de07,include,auto,baby/kids word in product name,2026-10-08,KIDS SPF50 PLUS MINERAL SUNSCREEN CONTINUOUS TOTALLY TROPICAL (ZINC OXIDE AND TITANIUM DIOXIDE) SPRAY,https://dailymed.nlm.nih.gov/dailymed/drugInfo.cfm?setid=d5ffe993-de8f-4623-a010-9cb8dd70de07
d3bdda65-bcb4-42d9-84af-d14c7f4421bd,include,auto,baby/kids word in product name,2026-10-08,KIDS SPF50PLUS MINERAL SUNSCREEN ROLLERBALL TOTALLY TROPICAL (ZINC OXIDE AND TITANIUM DIOXIDE) SPRAY,https://dailymed.nlm.nih.gov/dailymed/drugInfo.cfm?setid=d3bdda65-bcb4-42d9-84af-d14c7f4421bd
6a98b4f6-098b-4f3a-b6b0-ba93203a33a8,include,auto,baby/kids word in product name,2026-10-08,"KIDS SPORT NATURAL MINERAL SUNSCREEN BROAD SPECTRUM SPF 30 (TITANIUM DIOXIDE, ZINC OXIDE) AEROSOL, SPRAY",https://dailymed.nlm.nih.gov/dailymed/drugInfo.cfm?setid=6a98b4f6-098b-4f3a-b6b0-ba93203a33a8
2e2db5b7-0752-42ad-a11b-792eb1f954ae,include,auto,baby/kids word in product name,2026-10-08,"KIDS SPORT NATURAL MINERAL SUNSCREEN BROAD SPECTRUM SPF 30 (TITANIUM DIOXIDE, ZINC OXIDE) LOTION",https://dailymed.nlm.nih.gov/dailymed/drugInfo.cfm?setid=2e2db5b7-0752-42ad-a11b-792eb1f954ae
6d99a7c2-7c49-410f-9c36-fe83213c8a76,include,auto,baby/kids word in product name,2026-10-08,KIDS SUNSCREEN (OCTINOXATE AND TITANIUM DIOXIDE) LOTION,https://dailymed.nlm.nih.gov/dailymed/drugInfo.cfm?setid=6d99a7c2-7c49-410f-9c36-fe83213c8a76
34891204-3485-44ac-aaf1-80d57593128c,include,auto,baby/kids word in product name,2026-10-08,"KIDS SUNSCREEN SPF 50 (AVOBENZONE 3% , HOMOSALATE 10%,OCTISALATE 5%) SPRAY",https://dailymed.nlm.nih.gov/dailymed/drugInfo.cfm?setid=34891204-3485-44ac-aaf1-80d57593128c
0c596b1d-8c23-4598-8b6f-95e1679069b9,include,auto,baby/kids word in product name,2026-10-08,KIDS SUNSCREEN SPF 50 (AVOBENZONE 3.0% HOMOSALATE 15.0% OCTISALATE 5.0% OCTOCRYLENE 10.0%) SPRAY,https://dailymed.nlm.nih.gov/dailymed/drugInfo.cfm?setid=0c596b1d-8c23-4598-8b6f-95e1679069b9
5205fcfb-069d-4745-8372-8fccb738cc58,include,auto,baby/kids word in product name,2026-10-08,KIDS SUNSCREEN SPF 50 (AVOBENZONE 3.00% HOMOSALATE 15.00% OCTISALATE 5.00% OCTOCRYLENE 10.00%) LOTION,https://dailymed.nlm.nih.gov/dailymed/drugInfo.cfm?setid=5205fcfb-069d-4745-8372-8fccb738cc58
1b91aa24-1321-4584-a245-b362c927a8b1,include,auto,baby/kids word in product name,2026-10-08,KIDS SUNSCREEN SPF 50 WEGMANS (HOMOSALATE - 6.00% OCTINOXATE - 7.50% OCTISALATE - 5.00% OCTOCRYLENE - 10.00% ZINC OXIDE - 8.00%) STICK,https://dailymed.nlm.nih.gov/dailymed/drugInfo.cfm?setid=1b91aa24-1321-4584-a245-b362c927a8b1
fb2fe6d5-4876-4012-9ef9-bb9eb0503b0c,include,auto,baby/kids word in product name,2026-10-08,KIDS SUNSCREEN SPF 70 MEIJER (AVOBENZONE 3.00% HOMOSALATE 15.00% OCTISALATE 5.00% OCTOCRYLENE 10.00% OXYBENZONE 6.00%) SPRAY,https://dailymed.nlm.nih.gov/dailymed/drugInfo.cfm?setid=fb2fe6d5-4876-4012-9ef9-bb9eb0503b0c
3b4eca91-965f-66c6-e063-6394a90a78ca,include,auto,baby/kids word in product name,2026-10-08,KIDS TALLOW SUNSCREEN SPF50 (NON-NANO ZINC OXIDE 25%) CREAM,https://dailymed.nlm.nih.gov/dailymed/drugInfo.cfm?setid=3b4eca91-965f-66c6-e063-6394a90a78ca
2dfa236f-128b-17bb-e063-6294a90aa29c,include,auto,baby/kids word in product name,2026-10-08,KIDSBLISS BABY AND KIDS MINERAL SUNSCREEN SPF50 (ZINC OXIDE) CREAM,https://dailymed.nlm.nih.gov/dailymed/drugInfo.cfm?setid=2dfa236f-128b-17bb-e063-6294a90aa29c
36df811b-35d2-261d-e063-6394a90aa91e,include,auto,baby/kids word in product name,2026-10-08,"KIDSPRAY BROAD SPECTRUM SUNSCREEN SPF 40 (AVOBENZONE, OCTISALATE, AND OCTOCRYLENE) SPRAY",https://dailymed.nlm.nih.gov/dailymed/drugInfo.cfm?setid=36df811b-35d2-261d-e063-6394a90aa91e
9a81efaf-9765-4991-81a4-706d204545b3,include,auto,baby/kids word in product name,2026-10-08,KIDSTICK MINERAL BROAD SPECTRUM SPF 40 SUNSCREEN UVA-UVB SUNSCREEN (TITANIUM DIOXIDE AND ZINC OXIDE) STICK,https://dailymed.nlm.nih.gov/dailymed/drugInfo.cfm?setid=9a81efaf-9765-4991-81a4-706d204545b3
c8c251e1-ab0b-edba-e053-2995a90abfd4,include,auto,baby/kids word in product name,2026-10-08,KIDZGOO NATURAL SUNSCREEN (ZINC OXIDE) LOTION,https://dailymed.nlm.nih.gov/dailymed/drugInfo.cfm?setid=c8c251e1-ab0b-edba-e053-2995a90abfd4
38ea04f6-ebb7-46b3-a157-7ce1271deb1f,exclude,reviewed,"front-panel image checked: front: 'Activated Sun Protector Sunscreen SPF 30 For Face and Body'; 'Suitable for Family Use', 'Pediatrician-Tested' are claims; 'children' in directions (OCR flag, verified on the image 2026-10-09)",2026-10-09,"KIEHLS ACTIVATED SUN PROTECTOR SUNSCREEN SPF 30 FOR FACE AND BODY FOR ALL SKIN TYPES (ETHYLHEXYL TRIAZONE, DROMETRIZOLE TRISILOXANE, HOMOSALATE, TEREPHTHALYLIDENE DICAMPHOR SULFONIC ACID, ETHYLHEXYL SALICYLATE, BIS-ETHYLHEXYLOXYPHENOL METHOXYPHENYL TRIAZINE AND DIETHYLAMINO HYDROXYBENZOYL HEXYL BENZOATE) LOTION [L'OREAL USA PRODUCTS INC]",https://dailymed.nlm.nih.gov/dailymed/drugInfo.cfm?setid=38ea04f6-ebb7-46b3-a157-7ce1271deb1f
9adea1a4-efa6-4fe1-85e8-ed69fa098a87,include,auto,baby/kids word in product name,2026-10-08,"KINESYS BROAD SPECTRUM SPF 30 KIDS ALCOHOL-FREE SUNSCREEN (OCTINOXATE, OCTOCRYLENE, OCTISALATE, AND AVOBENZONE) SPRAY",https://dailymed.nlm.nih.gov/dailymed/drugInfo.cfm?setid=9adea1a4-efa6-4fe1-85e8-ed69fa098a87
9b41d15a-b0c3-4e97-9c43-6a445b88fe94,exclude,reviewed,"front-panel image checked: 'children'/'infants less than six months' only in Drug Facts (OCR flag, verified on the image 2026-10-09)",2026-10-09,KINESYS EARTHKIND SPF 30 SUNSCREEN (ZINC OXIDE) OINTMENT [KINESYS PHARMACEUTICAL INC.],https://dailymed.nlm.nih.gov/dailymed/drugInfo.cfm?setid=9b41d15a-b0c3-4e97-9c43-6a445b88fe94
f843ddfe-1a5f-4b9d-bf2f-378187c1f6ec,include,auto,baby/kids word in product name,2026-10-08,KISS MY FACE KIDS 30 MINERAL SUNSCREEN (TITANIUM DIOXIDE) SPRAY,https://dailymed.nlm.nih.gov/dailymed/drugInfo.cfm?setid=f843ddfe-1a5f-4b9d-bf2f-378187c1f6ec
ac66ad82-a01f-4e44-92a7-b5ab5bd30922,include,auto,"auto-rule v1: baby/kids word in product name, sunscreen, not a kit",2026-10-08,KISS MY FACE SPF-50 BABY MINERAL SUNSCREEN (ZINC OXIDE) CREAM [WINDMILL HEALTH PRODUCTS LLC],https://dailymed.nlm.nih.gov/dailymed/drugInfo.cfm?setid=ac66ad82-a01f-4e44-92a7-b5ab5bd30922
2e394662-dd0a-4d0d-b4b0-568ecf7e2555,include,auto,baby/kids word in product name,2026-10-08,"KLENSKIN KIDS SHOWERON SUNSCREEN SPF-30 (AVOBENZONE, OCTOCRYLENE, OCTINOXATE) GEL",https://dailymed.nlm.nih.gov/dailymed/drugInfo.cfm?setid=2e394662-dd0a-4d0d-b4b0-568ecf7e2555
0d3673da-822b-09e2-e063-6394a90a348e,exclude,reviewed,"front-panel image checked: front: 'Sun Shield Soft Glow Daily Face SPF 30'; 'children' only in Drug Facts (OCR flag, verified on the image 2026-10-09)",2026-10-09,"KOPARI SUN SHIELD SOFT GLOW DAILY FACE SPF30 (OCTISALATE, OCTOCRYLENE, AVOBENZONE, HOMOSALATE) SPRAY [COSMAX USA, CORPORATION]",https://dailymed.nlm.nih.gov/dailymed/drugInfo.cfm?setid=0d3673da-822b-09e2-e063-6394a90a348e
46a03b24-5ce3-402c-a110-7553f73298aa,include,auto,baby/kids word in product name,2026-10-08,KROGER BABY SPF 50 (AVOBENZONE HOMOSALATE OCTISALATE OCTOCRYLENE OXYBENZONE) LOTION,https://dailymed.nlm.nih.gov/dailymed/drugInfo.cfm?setid=46a03b24-5ce3-402c-a110-7553f73298aa
01a50047-0d07-41c5-b35b-129aab5b4afd,include,auto,baby/kids word in product name,2026-10-08,KROGER BABY SUNSCREEN SPF 70 (AVOBENZONE HOMOSALATE OCTISALATE OCTOCRYLENE OXYBENZONE) LOTION,https://dailymed.nlm.nih.gov/dailymed/drugInfo.cfm?setid=01a50047-0d07-41c5-b35b-129aab5b4afd
ca9df950-d581-4bad-9431-aff5f00bdc98,include,auto,baby/kids word in product name,2026-10-08,"KROGER KIDS SPF 50 SUNSTICK (AVOBENZONE, HOMOSALATE, OCTINOXATE, OCTISALATE, OCTOCRYLENE, OXYBENZONE) STICK",https://dailymed.nlm.nih.gov/dailymed/drugInfo.cfm?setid=ca9df950-d581-4bad-9431-aff5f00bdc98
2fe3c77a-8cbb-4b3a-8756-8dd7c73a3c8a,include,auto,baby/kids word in product name,2026-10-08,KROGER KIDS SUNSCREEN SPF 70 (AVOBENZONE HOMOSALATE OCTISALATE OCTOCRYLENE OXYBENZONE) LOTION,https://dailymed.nlm.nih.gov/dailymed/drugInfo.cfm?setid=2fe3c77a-8cbb-4b3a-8756-8dd7c73a3c8a
85524d39-732f-4123-adf5-83efb2bfd928,include,auto,baby/kids word in product name,2026-10-08,"KROGER KIDS TEAR FREE SPF50 (AVOBENZONE, HOMOSALATE, OCTISALATE, OCTOCRYLENE) SPRAY",https://dailymed.nlm.nih.gov/dailymed/drugInfo.cfm?setid=85524d39-732f-4123-adf5-83efb2bfd928
723a1829-4b12-475d-be07-272c72f78a97,include,auto,baby/kids word in product name,2026-10-08,KROGER KROGER KIDS SUNSCREEN SPF 50 (AVOBENZONE HOMOSALATE OCTISALATE OCTOCRYLENE OXYBENZONE) SPRAY,https://dailymed.nlm.nih.gov/dailymed/drugInfo.cfm?setid=723a1829-4b12-475d-be07-272c72f78a97
f296e5ef-728a-4d57-8d65-7d88b1f90f88,include,auto,baby/kids word in product name,2026-10-08,"LA ROCHE POSAY LABORATOIRE DERMATOLOGIQUE ANTHELIOS DERMO KIDS GENTLE FACE AND BODY BROAD SPECTRUM SPF 60 SUNSCREEN WATER RESISTANT 80 MINUTES (AVOBENZONE, HOMOSALATE, OCTISALATE AND OCTOCRYLENE) LOTION",https://dailymed.nlm.nih.gov/dailymed/drugInfo.cfm?setid=f296e5ef-728a-4d57-8d65-7d88b1f90f88
8a2fd46c-5767-4621-8e69-dd291f9fe5b1,include,auto,baby/kids word in product name,2026-10-08,"LA ROCHE POSAY LABORATOIRE DERMATOLOGIQUE ANTHELIOS KIDS GENTLE BROAD SPECTRUM SPF 50 SUNSCREEN FOR FACE AND BODY WATER RESISTANT 80 MINUTES (AVOBENZONE, HOMOSALATE, OCTISALATE AND OCTOCRYLENE) LOTION",https://dailymed.nlm.nih.gov/dailymed/drugInfo.cfm?setid=8a2fd46c-5767-4621-8e69-dd291f9fe5b1
e299e5c6-86f5-4233-bdd1-53c8306e9cca,exclude,auto,not a sunscreen (classifier product type: skin_protectant),2026-10-05,"LANSINOH BABY (DIMETHICONE) OINTMENT [LANSINOH LABORATORIES, INC.]",https://dailymed.nlm.nih.gov/dailymed/drugInfo.cfm?setid=e299e5c6-86f5-4233-bdd1-53c8306e9cca
3636693a-ba81-5d49-e063-6394a90a3006,include,auto,baby/kids word in product name,2026-10-08,"LEADER KIDS SPORT SUNSCREEN SPF 50 (AVOBENZONE, HOMOSALATE, OCTISALATE, OCTOCRYLENE) SPRAY",https://dailymed.nlm.nih.gov/dailymed/drugInfo.cfm?setid=3636693a-ba81-5d49-e063-6394a90a3006
74adbca3-450d-f54a-e053-2a91aa0acb45,exclude,reviewed,suitability text only,2026-10-08,LINEA JOSE IGNACIO FOR FACE SUNSCREEN BROAD SPECTRUM SPF 30 (SUNSCREEN BROAD SPECTRUM SPF 30) LOTION [LINEA JOSE IGNACIO LLC],https://dailymed.nlm.nih.gov/dailymed/drugInfo.cfm?setid=74adbca3-450d-f54a-e053-2a91aa0acb45
9a66107c-5d5d-4b87-e053-2a95a90a6765,exclude,reviewed,"front-panel image checked: Only Warnings 'Keep out of reach of children' and 'before applying sunscreen to infants younger than 6 months'; front 'Natural Sunscreen Lip Balm Everyday 15' (OCR flag, verified on the image 2026-10-09)",2026-10-09,LIP BALM (SPF15 NATURAL LIP BALM) STICK [PRIVATE LABEL SELECT LTD CO],https://dailymed.nlm.nih.gov/dailymed/drugInfo.cfm?setid=9a66107c-5d5d-4b87-e053-2a95a90a6765
0d0bd849-3f96-4d7a-9ca9-7cf93f4e001b,exclude,reviewed,adult line of the brand; no baby/kids word on product,2026-10-08,"LIPCOTZ (TITANIUM DIOXIDE, ZINC OXIDE) LIPSTICK",https://dailymed.nlm.nih.gov/dailymed/drugInfo.cfm?setid=0d0bd849-3f96-4d7a-9ca9-7cf93f4e001b
4b1b7294-aca6-45fa-a008-c1869131b2a3,exclude,auto,not a sunscreen (classifier product type: skin_protectant),2026-10-05,"LITTLE REMEDIES NEW BABY ESSENTIALS (ACETAMINOPHEN, SIMETHICONE, ZINC OXIDE) KIT [MEDTECH PRODUCTS INC.]",https://dailymed.nlm.nih.gov/dailymed/drugInfo.cfm?setid=4b1b7294-aca6-45fa-a008-c1869131b2a3
1a97169e-67be-3d25-e063-6294a90a3b88,exclude,reviewed,"front-panel image checked: front name 'ECO-ZINC Hydrating Mineral Sunscreen for Body & Face'; 'BABY & PREGNANCY SAFE' is a suitability claim only (OCR flag, verified on the image 2026-10-09)",2026-10-09,LIVE SUNNY ECO-ZINC HYDRATING MINERAL SUNSCREEN FOR BODY AND FACE (ZINC OXIDE) CREAM [VEGANIC SKN LIMITED],https://dailymed.nlm.nih.gov/dailymed/drugInfo.cfm?setid=1a97169e-67be-3d25-e063-6294a90a3b88
5877736b-2953-56ce-e053-2991aa0a456e,exclude,reviewed,'pediatrician tested' claim only,2026-10-08,"MADE OF BROAD SPECTRUM SPF 30 NON-NANO ZINC OXIDE SUNSCREEN (ZINC OXIDE) LOTION [MADEOF, LLC]",https://dailymed.nlm.nih.gov/dailymed/drugInfo.cfm?setid=5877736b-2953-56ce-e053-2991aa0a456e
5876e61c-12d6-2313-e053-2a91aa0ab75a,exclude,auto,not a sunscreen (classifier product type: skin_protectant),2026-10-08,"MADE OF DIAPER RASH CREAM (ZINC OXIDE) CREAM [MADEOF, LLC]",https://dailymed.nlm.nih.gov/dailymed/drugInfo.cfm?setid=5876e61c-12d6-2313-e053-2a91aa0ab75a
a6a381da-6e34-bffe-e053-2a95a90a46f2,include,auto,baby/kids word in product name,2026-10-08,"MARKET BASKET KIDS SPF 50 SUNSCREEN (AVOBENZONE, HOMOSALATE, OCTISALATE, OCTOCRYLENE) AEROSOL, SPRAY",https://dailymed.nlm.nih.gov/dailymed/drugInfo.cfm?setid=a6a381da-6e34-bffe-e053-2a95a90a46f2
f214db72-bf4f-46d7-8ffc-6333185a69d5,exclude,auto,not a sunscreen (classifier product type: skin_protectant),2026-10-05,MATYS BABY DIAPER RASH RELIEF (ZINC OXIDE) OINTMENT [MATYS HEALTHY PRODUCTS LLC],https://dailymed.nlm.nih.gov/dailymed/drugInfo.cfm?setid=f214db72-bf4f-46d7-8ffc-6333185a69d5
cd539300-2278-45c6-bcd3-8282cd850ca7,exclude,auto,not a sunscreen (classifier product type: skin_protectant),2026-10-08,MAXIMUM STRENGTH ORIGINAL DIAPER RASH (ZINC OXIDE) CREAM [AMERICAN SALES COMPANY],https://dailymed.nlm.nih.gov/dailymed/drugInfo.cfm?setid=cd539300-2278-45c6-bcd3-8282cd850ca7
bb0f601b-4a5e-4ab5-8255-4a3f3e25ebc3,exclude,auto,not a sunscreen (classifier product type: skin_protectant),2026-10-08,MAXIMUM STRENGTH ORIGINAL DIAPER RASH (ZINC OXIDE) CREAM [KMART CORPORATION],https://dailymed.nlm.nih.gov/dailymed/drugInfo.cfm?setid=bb0f601b-4a5e-4ab5-8255-4a3f3e25ebc3
69660bdd-6a57-40e9-9dfd-d4ea6020b9a0,exclude,auto,not a sunscreen (classifier product type: skin_protectant),2026-10-08,MAXIMUM STRENGTH ORIGINAL DIAPER RASH (ZINC OXIDE) CREAM [RITE AID CORPORATION],https://dailymed.nlm.nih.gov/dailymed/drugInfo.cfm?setid=69660bdd-6a57-40e9-9dfd-d4ea6020b9a0
e39032d1-c8cd-4a41-af10-126970b8ad38,exclude,auto,not a sunscreen (classifier product type: skin_protectant),2026-10-05,"MEDICATED CORNSTARCH BABY POWDER (ACTIVE CORN STARCH) POWDER [DAVION, INC.]",https://dailymed.nlm.nih.gov/dailymed/drugInfo.cfm?setid=e39032d1-c8cd-4a41-af10-126970b8ad38
e4a621d1-5687-413f-b0f6-a14ca4a21104,exclude,auto,not a sunscreen (classifier product type: skin_protectant),2026-10-05,"MEDICATED CORNSTARCH BABY POWDER (ACTIVE CORN STARCH, ZINC OXIDE, KAOLIN) POWDER [CVS]",https://dailymed.nlm.nih.gov/dailymed/drugInfo.cfm?setid=e4a621d1-5687-413f-b0f6-a14ca4a21104
bd50475d-f9ad-470b-bbb1-a52f8ff069d6,exclude,reviewed,"front-panel image checked: Only 'Children under 6 months: ask a doctor' in Drug Facts (OCR flag, verified on the image 2026-10-09)",2026-10-09,"MEDIUM TAN FOUNDATION SPF 15 (TITANIUM DIOXIDE, ZINC OXIDE) POWDER [BARE ESCENTUALS BEAUTY INC.]",https://dailymed.nlm.nih.gov/dailymed/drugInfo.cfm?setid=bd50475d-f9ad-470b-bbb1-a52f8ff069d6
c9483d15-193a-4c5b-8ddd-5df78943627e,exclude,auto,not a sunscreen (classifier product type: skin_protectant),2026-10-05,MEIJER BABY QUICK RELIEF DIAPER RASH (ZINC OXIDE) CREAM [MEIJER DISTRIBUTION INC.],https://dailymed.nlm.nih.gov/dailymed/drugInfo.cfm?setid=c9483d15-193a-4c5b-8ddd-5df78943627e
6d7d6d4e-29c6-4c36-9884-5432f6ceca0e,include,auto,baby/kids word in product name,2026-10-08,"MEIJER BABY SPF 50 (AVOBENZONE, HOMOSALATE, OCTISALATE, OCTOCRYLENE) LOTION",https://dailymed.nlm.nih.gov/dailymed/drugInfo.cfm?setid=6d7d6d4e-29c6-4c36-9884-5432f6ceca0e
2434de23-bcc9-4a83-9945-16fc3f2b8c61,include,auto,baby/kids word in product name,2026-10-08,"MEIJER BABY TEAR FREE SPF 50 (TITANIUM DIOXIDE, ZINC OXIDE) LOTION",https://dailymed.nlm.nih.gov/dailymed/drugInfo.cfm?setid=2434de23-bcc9-4a83-9945-16fc3f2b8c61
b00bc346-ffcf-4a23-b46b-69c84988e004,include,auto,baby/kids word in product name,2026-10-08,"MEIJER BABY TEAR FREE SPF 50 CS (AVOBENZONE, HOMOSALATE, OCTISALATE, OCTOCRYLENE) SPRAY",https://dailymed.nlm.nih.gov/dailymed/drugInfo.cfm?setid=b00bc346-ffcf-4a23-b46b-69c84988e004
c92092d7-7b2a-4fde-9cbc-72b8db5dc539,exclude,auto,not a sunscreen (classifier product type: skin_protectant),2026-10-08,MEIJER ELEMENTS MAXIMUM STRENGTH FOR DIAPER RASH (ZINC OXIDE) PASTE [MEIJER DISTRIBUTION INC.],https://dailymed.nlm.nih.gov/dailymed/drugInfo.cfm?setid=c92092d7-7b2a-4fde-9cbc-72b8db5dc539
a9f4fd45-3bbb-14a7-e053-2995a90ab28f,include,auto,baby/kids word in product name,2026-10-08,"MEIJER KIDS BROAD SPECTRUM SPF 50 MINERAL BASED SUNSCREEN (OCTINOXATE, OCTISALATE, ZINC OXIDE) LOTION",https://dailymed.nlm.nih.gov/dailymed/drugInfo.cfm?setid=a9f4fd45-3bbb-14a7-e053-2995a90ab28f
f7a3f518-20ef-4c5f-89a1-0ee7200386bb,include,auto,baby/kids word in product name,2026-10-08,"MEIJER KIDS TEAR FREE SPF 50 (AVOBENZONE, HOMOSALATE, OCTISALATE, OCTOCRYLENE) SPRAY",https://dailymed.nlm.nih.gov/dailymed/drugInfo.cfm?setid=f7a3f518-20ef-4c5f-89a1-0ee7200386bb
7415511e-1ecf-4646-b64b-267fbf7d116b,include,auto,baby/kids word in product name,2026-10-08,"MEIJER KIDS TEAR FREE SPF 50 (TITANIUM DIOXIDE, ZINC OXIDE) LOTION",https://dailymed.nlm.nih.gov/dailymed/drugInfo.cfm?setid=7415511e-1ecf-4646-b64b-267fbf7d116b
075dddd5-46ea-282a-e063-6294a90a28fd,include,reviewed,"front-panel image: front panel: 'meijer kids suncreen lotion SPF 50' (other variant adult 'sunscreen lotion') (OCR flag, verified on the image 2026-10-09)",2026-10-09,"MEIJER SPF 50 SUNSCREEN (AVOBENZONE 3%, HOMOSALATE 10%, OCTISALATE 5%, OCTOCRYLENE 10%) LOTION [MEIJER]",https://dailymed.nlm.nih.gov/dailymed/drugInfo.cfm?setid=075dddd5-46ea-282a-e063-6294a90a28fd
075eacbb-3eb9-3ef5-e063-6394a90a4390,include,reviewed,"front-panel image: front panel: 'meijer kids sunscreen continuous spray' and 'meijer KIDS sunscreen spray' (also an adult 'sunscreen spray' variant) (OCR flag, verified on the image 2026-10-09)",2026-10-09,"MEIJER SPF 50 SUNSCREEN (AVOBENZONE, HOMOSALATE, OCTISALATE, OCTOCRYLENE) LIQUID [MEIJER]",https://dailymed.nlm.nih.gov/dailymed/drugInfo.cfm?setid=075eacbb-3eb9-3ef5-e063-6394a90a4390
678b9575-3271-9c42-e053-2a91aa0a5c91,include,auto,baby/kids word in product name,2026-10-08,"MIAMI BEACH KIDS SUNSCREEN BROAD SPECTRUM SPF 50 (AVOBENZONE, HOMOSALATE, OCTISALATE, OCTOCRYLENE) LOTION",https://dailymed.nlm.nih.gov/dailymed/drugInfo.cfm?setid=678b9575-3271-9c42-e053-2a91aa0a5c91
2bd66d7a-b542-03c3-e054-00144ff88e88,include,auto,baby/kids word in product name,2026-10-08,"MIAMI BEACH SPF 50 KIDS C/S SUNSCREEN (AVOBENZONE, HOMOSALATE, OCTISALATE, AND OCTOCRYLENE) SPRAY",https://dailymed.nlm.nih.gov/dailymed/drugInfo.cfm?setid=2bd66d7a-b542-03c3-e054-00144ff88e88
2bd8159f-c381-36b3-e054-00144ff88e88,include,auto,baby/kids word in product name,2026-10-08,"MIAMI BEACH SPF 50 KIDS C/S SUNSCREEN (AVOBENZONE, HOMOSALATE, OCTISALATE, AND OCTOCRYLENE) SPRAY",https://dailymed.nlm.nih.gov/dailymed/drugInfo.cfm?setid=2bd8159f-c381-36b3-e054-00144ff88e88
98a2906d-61e2-4627-a695-a20f10872f9a,exclude,reviewed,"front-panel image checked: Miffy is a licensed character; 'children' only in Drug Facts; cosmetic cushion (OCR flag, verified on the image 2026-10-09)",2026-10-09,"MIFFY TONE PERFECTING SPF CUSHION (HOMOSALATE, OCTISALATE, OCTOCRYLENE, ZINC OXIDE) CREAM [RBGROUP CO., LTD]",https://dailymed.nlm.nih.gov/dailymed/drugInfo.cfm?setid=98a2906d-61e2-4627-a695-a20f10872f9a
a4e6936d-a76c-e8fd-e053-2995a90a965f,include,reviewed,front panel: Simple Truth Kids' Mineral Based Stick,2026-10-08,"MINERAL BASED SPF 50 SUNSCREEN (ZINC OXIDE, TITANIUM DIOXIDE) STICK [THE KROGER COMPANY]",https://dailymed.nlm.nih.gov/dailymed/drugInfo.cfm?setid=a4e6936d-a76c-e8fd-e053-2995a90a965f
9ec56c68-6fea-444b-aeed-0b5d60c42e75,include,auto,baby/kids word in product name,2026-10-08,MINERAL KIDCREME SPF 50 (TITANIUM DIOXIDE AND ZINC OXIDE) CREAM,https://dailymed.nlm.nih.gov/dailymed/drugInfo.cfm?setid=9ec56c68-6fea-444b-aeed-0b5d60c42e75
4c7f0257-fa12-40d6-9516-824b0e3a182c,include,auto,baby/kids word in product name,2026-10-08,MINERAL KIDSTICK SPF 40 MINERAL BROAD SPECTRUM SPF 40 SUNSCREEN UVA-UVB SUNCREEN (TITANIUM DIOXIDE AND ZINC OXIDE) STICK,https://dailymed.nlm.nih.gov/dailymed/drugInfo.cfm?setid=4c7f0257-fa12-40d6-9516-824b0e3a182c
4d938672-5302-4e47-a582-c3e6467008cb,exclude,reviewed,"baby-care brand, but a lip balm (lip products are outside the sunscreen population)",2026-10-08,MINERAL LIP BALM SPF-15 (ZINC OXIDE) LIPSTICK [TUBBY TODD],https://dailymed.nlm.nih.gov/dailymed/drugInfo.cfm?setid=4d938672-5302-4e47-a582-c3e6467008cb
dca54a19-af25-ce47-e053-2a95a90a22db,include,auto,baby-care brand: Tubby Todd (https://tubbytodd.com/pages/the-tubby-todd-promise),2026-10-08,"MINERAL MIST SPF-50 (TITANIUM DIOXIDE, ZINC OXIDE) SPRAY [TUBBY TODD]",https://dailymed.nlm.nih.gov/dailymed/drugInfo.cfm?setid=dca54a19-af25-ce47-e053-2a95a90a22db
686b5788-c6a0-03d8-e053-2991aa0ade26,include,reviewed,"front-panel image: Front panel tagline under product block: 'NO CHEMICAL SUNSCREEN • BABY & FAMILY' (: baby named as user group on front, but paired with family; no 'safe for' wording) (OCR flag, verified on the image 2026-10-09)",2026-10-09,MINERAL SUNSCREEN (ZINC OXIDE 20%) OINTMENT [PRIVATE LABEL SELECT LTD CO],https://dailymed.nlm.nih.gov/dailymed/drugInfo.cfm?setid=686b5788-c6a0-03d8-e053-2991aa0ade26
29e487da-5312-8192-e063-6294a90ad809,include,reviewed,baby-care brand: Tubby Todd (owner decision 2026-10-08; previously excluded: baby brand (Tubby Todd) but no baby/kids word in the product name or front-panel),2026-10-08,MINERAL SUNSCREEN (ZINC OXIDE SPF 50) CREAM [TUBBY TODD],https://dailymed.nlm.nih.gov/dailymed/drugInfo.cfm?setid=29e487da-5312-8192-e063-6294a90ad809
01cc205b-a345-262a-e063-6394a90a955c,exclude,reviewed,"owner policy 2026-10-08 (strict): baby brand, but no baby/kids word on this product's label",2026-10-08,MINERAL SUNSCREEN SPF 50 (ZINC OXIDE) LOTION,https://dailymed.nlm.nih.gov/dailymed/drugInfo.cfm?setid=01cc205b-a345-262a-e063-6394a90a955c
01cc4ea0-e3e0-32f1-e063-6394a90a1375,exclude,reviewed,"owner policy 2026-10-08 (strict): baby brand, but no baby/kids word on this product's label",2026-10-08,MINERAL SUNSCREEN SPF30 (ZINC OXIDE) SPRAY,https://dailymed.nlm.nih.gov/dailymed/drugInfo.cfm?setid=01cc4ea0-e3e0-32f1-e063-6394a90a1375
29e41fe8-4e17-dbaa-e063-6294a90a4a10,include,reviewed,baby-care brand: Tubby Todd (owner decision 2026-10-08; previously excluded: baby brand (Tubby Todd) but no baby/kids word in the product name or front-panel),2026-10-08,MINERAL SUNSTICK (ZINC SPF STICK) STICK [TUBBY TODD],https://dailymed.nlm.nih.gov/dailymed/drugInfo.cfm?setid=29e41fe8-4e17-dbaa-e063-6294a90a4a10
13c6e626-c1ac-4710-8ddb-b52fa1c23dc1,exclude,reviewed,"front-panel image checked: 'Tonymoly Mini Berry Lip Balm Blueberry'; 'babies and children' only in Keep out of reach warning (OCR flag, verified on the image 2026-10-09)",2026-10-09,"MINI BERRY LIP BALM BLUEBERRY (OCTINOXATE, TITANIUM DIOXIDE) CREAM [TONYMOLY CO., LTD.]",https://dailymed.nlm.nih.gov/dailymed/drugInfo.cfm?setid=13c6e626-c1ac-4710-8ddb-b52fa1c23dc1
c1d76049-a036-48f7-bf3a-0aab5ddfff7c,exclude,reviewed,"veterinary injection, not a sunscreen",2026-10-08,"MULTIMIN 90 (ZINC OXIDE, MANGANESE CARBONATE, SODIUM SELENITE, COPPER CARBONATE) INJECTION, SOLUTION [MULTIMIN NORTH AMERICA, INC.]",https://dailymed.nlm.nih.gov/dailymed/drugInfo.cfm?setid=c1d76049-a036-48f7-bf3a-0aab5ddfff7c
163f388e-849d-4b7e-93c1-9045d77a9ec2,exclude,auto,not a sunscreen (classifier product type: skin_protectant),2026-10-05,MUSTELA DIAPER RASH 1 2 3 (ZINC OXIDE) CREAM [EXPANSCIENCE LABORATORIES D/B/A MUSTELA],https://dailymed.nlm.nih.gov/dailymed/drugInfo.cfm?setid=163f388e-849d-4b7e-93c1-9045d77a9ec2
59cf1d1e-e951-9d58-e063-6394a90af0f3,exclude,auto,not a sunscreen (classifier product type: skin_protectant),2026-10-05,MUSTELA DIAPER RASH 1 2 3 (ZINC OXIDE) CREAM [EXPANSCIENCE LABORATORIES D/B/A MUSTELA],https://dailymed.nlm.nih.gov/dailymed/drugInfo.cfm?setid=59cf1d1e-e951-9d58-e063-6394a90af0f3
d9a2aaf6-ab71-97a3-e053-2a95a90a3498,exclude,auto,not a sunscreen (classifier product type: skin_protectant),2026-10-05,MUSTELA DIAPER RASH SPRAYABLE (ZINC OXIDE) CREAM [EXPANSCIENCE LABORATORIES D/B/A MUSTELA],https://dailymed.nlm.nih.gov/dailymed/drugInfo.cfm?setid=d9a2aaf6-ab71-97a3-e053-2a95a90a3498
95ea5442-a7ca-0c7d-e053-2a95a90ad247,include,reviewed,"baby-care brand: Mustela (owner decision 2026-10-08; previously excluded: owner policy 2026-10-08 (strict): baby brand, but no baby/kids word on this prod)",2026-10-08,MUSTELA MINERAL SUNSCREEN BROAD SPECTRUM SPF 50 (ZINC OXIDE) LOTION,https://dailymed.nlm.nih.gov/dailymed/drugInfo.cfm?setid=95ea5442-a7ca-0c7d-e053-2a95a90ad247
beec926c-35a5-1901-e053-2a95a90ad043,include,reviewed,"baby-care brand: Mustela (owner decision 2026-10-08; previously excluded: owner policy 2026-10-08 (strict): baby brand, but no baby/kids word on this prod)",2026-10-08,"MUSTELA MINERAL SUNSCREEN BROAD SPECTRUM SPF 50 (ZINC OXIDE, TITANIUM DIOXIDE) SPRAY",https://dailymed.nlm.nih.gov/dailymed/drugInfo.cfm?setid=beec926c-35a5-1901-e053-2a95a90ad043
b850f68e-4f52-6902-e053-2995a90aaa91,include,reviewed,"baby-care brand: Mustela (owner decision 2026-10-08; previously excluded: owner policy 2026-10-08 (strict): baby brand, but no baby/kids word on this prod)",2026-10-08,MUSTELA MINERAL SUNSCREEN SPF 50 (ZINC OXIDE) STICK,https://dailymed.nlm.nih.gov/dailymed/drugInfo.cfm?setid=b850f68e-4f52-6902-e053-2995a90aaa91
b6e209c8-09be-eac2-e053-2a95a90a4751,exclude,auto,not a sunscreen (classifier product type: skin_protectant),2026-10-05,MY FAIR BABY DIAPER RASH (ZINC OXIDE) CREAM [ANICARE PHARMACEUTICALS PVT. LTD.],https://dailymed.nlm.nih.gov/dailymed/drugInfo.cfm?setid=b6e209c8-09be-eac2-e053-2a95a90a4751
d608a8d3-1303-a7b3-e053-2a95a90acd6c,exclude,reviewed,"front-panel image checked: Only 'For use on children 6 months and older' in side-panel directions (suitability); front 'MyCHELLE PROTECT Sun Shield Liquid SPF 50 Medium/Dark' (OCR flag, verified on the image 2026-10-09)",2026-10-09,"MYCHELLE SUN SHIELD LIQUID SPF 50 MEDIUM/DARK (ZINC OXIDE) LIQUID [BELL INTERNATIONAL LABORATORIES, INC]",https://dailymed.nlm.nih.gov/dailymed/drugInfo.cfm?setid=d608a8d3-1303-a7b3-e053-2a95a90acd6c
29b494f7-ec52-68cc-e054-00144ff8d46c,exclude,reviewed,"front-panel image checked: front: 'A bit Hippy Vegan Natural Sunscreen SPF 30'; 'Perfect for Children & Adults' and 'Made for children as well as adults' are suitability claims (OCR flag, verified on the image 2026-10-09)",2026-10-09,NATURAL SUNSCREEN (ZINC OXIDE) CREAM [A BIT HIPPY],https://dailymed.nlm.nih.gov/dailymed/drugInfo.cfm?setid=29b494f7-ec52-68cc-e054-00144ff8d46c
183c6b92-33dd-4b45-8681-0e7af70015c0,exclude,auto,not a sunscreen (classifier product type: skin_protectant),2026-10-08,NATURALS BY SAFETY 1ST (ZINC OXIDE) OINTMENT [DOREL JUVENILE GROUP],https://dailymed.nlm.nih.gov/dailymed/drugInfo.cfm?setid=183c6b92-33dd-4b45-8681-0e7af70015c0
41fe8db3-727c-4bbe-a5ea-62efee4b97b0,exclude,auto,not a sunscreen (classifier product type: skin_protectant),2026-10-08,NATUREPLEX DIAPER RASH (ZINC OXIDE) CREAM [NATUREPLEX LLC],https://dailymed.nlm.nih.gov/dailymed/drugInfo.cfm?setid=41fe8db3-727c-4bbe-a5ea-62efee4b97b0
3727c403-2a8e-4f99-89d8-57439d7bf477,exclude,auto,baby word is part of another phrase (classifier false-positive list),2026-10-05,"NEUROSODE (GLANDULA SUPRARENALIS SUIS, BRAIN (SUIS), KIDNEY (SUIS), UBIQUINONE, AGARICUS MUSCARIUS, COCCUS CACTI, CONIUM MACULATUM, PHOSPHORUS, RHUS TOX, NAJA TRIPUDIANS, LATRODECTUS MACTANS, TARENTULA CUBENSIS, GELSEMIUM SEMPERVIRENS, EPSTEIN BARR NOSODES, HERPES ZOSTER NOSODES, MORBILLINUM, POLIOMYELITIS NOSODES, HEPATITIS B NOSODES, COXSACKIE B1 NOSODES, COXSACKIE B4 NOSODES, ASPARTAME, BENZALKONIUM CHLORIDE, FORMALINUM, METHYLENE CHLORIDE, METHYL PARABEN, PROPYL PARABEN, SODIUM BENZOATE,) LIQUID [SYNERGY FORMULAS, INC]",https://dailymed.nlm.nih.gov/dailymed/drugInfo.cfm?setid=3727c403-2a8e-4f99-89d8-57439d7bf477
fea50c84-0567-8547-e053-6394a90aafb7,include,auto,baby/kids word in product name,2026-10-08,"NEUTROGENA BEACH DEFENSE KIDS SUNSCREEN SPF 60 PLUS (AVOBENZONE, HOMOSALATE, OCTISALATE, OCTOCRYLENE) STICK",https://dailymed.nlm.nih.gov/dailymed/drugInfo.cfm?setid=fea50c84-0567-8547-e053-6394a90aafb7
eafc00ce-12e7-921f-e053-2995a90a241a,include,auto,baby/kids word in product name,2026-10-08,"NEUTROGENA BEACH DEFENSE KIDS SUNSCREEN SPF 70 (AVOBENZONE, HOMOSALATE, OCTISALATE, OCTOCRYLENE) AEROSOL, SPRAY",https://dailymed.nlm.nih.gov/dailymed/drugInfo.cfm?setid=eafc00ce-12e7-921f-e053-2995a90a241a
2d2c58e2-0d15-4383-adae-12fc17b8ea50,include,auto,baby/kids word in product name,2026-10-08,NEUTROGENA PURE AND FREE BABY SUNSCREEN BROAD SPECTRUM SPF 50 (ZINC OXIDE) LOTION,https://dailymed.nlm.nih.gov/dailymed/drugInfo.cfm?setid=2d2c58e2-0d15-4383-adae-12fc17b8ea50
41ff1a98-69ff-4d7a-bc89-d986a803cee3,include,reviewed,front panel: Neutrogena Pure & Free baby,2026-10-08,NEUTROGENA PURE AND FREE SUNSCREEN BROAD SPECTRUM SPF 50 (ZINC OXIDE) STICK [KENVUE BRANDS LLC],https://dailymed.nlm.nih.gov/dailymed/drugInfo.cfm?setid=41ff1a98-69ff-4d7a-bc89-d986a803cee3
c914c4cd-99a2-4d9f-8f04-8af2ace3c345,include,auto,baby/kids word in product name,2026-10-08,NEUTROGENA SHEER ZINC KIDS MINERAL SUNSCREEN BROAD SPECTRUM SPF 50 PLUS (ZINC OXIDE) LOTION,https://dailymed.nlm.nih.gov/dailymed/drugInfo.cfm?setid=c914c4cd-99a2-4d9f-8f04-8af2ace3c345
4504a10d-6130-4ec5-823a-ab970709e6d7,include,auto,baby/kids word in product name,2026-10-08,NEUTROGENA SHEER ZINC KIDS MINERAL SUNSCREEN BROAD SPECTRUM SPF 50 PLUS (ZINC OXIDE) STICK,https://dailymed.nlm.nih.gov/dailymed/drugInfo.cfm?setid=4504a10d-6130-4ec5-823a-ab970709e6d7
26f85758-820f-3f73-e063-6294a90a289d,exclude,auto,baby word is part of another phrase (classifier false-positive list),2026-10-05,NEW KID ON THE BLOCK (ZINC OXIDE) LOTION [DIMPLES BATH CO. LLC],https://dailymed.nlm.nih.gov/dailymed/drugInfo.cfm?setid=26f85758-820f-3f73-e063-6294a90a289d
26fec959-c234-6692-e063-6394a90a6600,exclude,auto,baby word is part of another phrase (classifier false-positive list),2026-10-05,NEW KID ON THE BLOCK (ZINC OXIDE) LOTION [DIMPLES BATH CO. LLC],https://dailymed.nlm.nih.gov/dailymed/drugInfo.cfm?setid=26fec959-c234-6692-e063-6394a90a6600
83ca8297-bf11-4ee6-a918-d007fbc74b00,include,auto,baby/kids word in product name,2026-10-08,"NO-AD KIDS 50 SUNSCREEN (AVOBENZONE, HOMOSALATE, OCTISALATE, OCTOCRYLENE AND OXYBENZONE) LOTION",https://dailymed.nlm.nih.gov/dailymed/drugInfo.cfm?setid=83ca8297-bf11-4ee6-a918-d007fbc74b00
2b443e72-9011-4ea0-8834-a2c11552aec0,include,auto,baby/kids word in product name,2026-10-08,"NO-AD KIDS 50 SUNSCREEN (AVOBENZONE, HOMOSALATE, OCTISALATE, OXYBENZONE) LOTION",https://dailymed.nlm.nih.gov/dailymed/drugInfo.cfm?setid=2b443e72-9011-4ea0-8834-a2c11552aec0
c77dc89f-e2f5-48c7-ae5a-f0c361d02854,include,auto,baby/kids word in product name,2026-10-08,"NO-AD KIDS SPF50 CONTINUOUS MIST SUNSCREEN (AVOBENZONE, HOMOSALATE, OCTISALATE, OXYBENZONE, OCTOCRYLENE) SPRAY",https://dailymed.nlm.nih.gov/dailymed/drugInfo.cfm?setid=c77dc89f-e2f5-48c7-ae5a-f0c361d02854
10f1c4fa-d319-40da-9758-36c8585b9fc0,include,reviewed,front panel: NO-AD Sun care 50 Baby,2026-10-08,"NO-AD SUNCARE LTN SPF 50 (AVOBENZONE, HOMOSALATE, OCTISALATE, OCTOCRYLENE AND OXYBENZONE) LOTION [SOLSKYN PERSONAL CARE LLC]",https://dailymed.nlm.nih.gov/dailymed/drugInfo.cfm?setid=10f1c4fa-d319-40da-9758-36c8585b9fc0
3e64804b-6c14-49ab-b8f0-6b7f34a4ce3b,include,reviewed,front panel: NO-AD Sun care 50 Baby,2026-10-08,"NO-AD SUNCARE LTN SPF 50 (AVOBENZONE, HOMOSALATE, OCTISALATE, OCTOCRYLENE AND OXYBENZONE) LOTION [SOLSKYN PERSONAL CARE LLC]",https://dailymed.nlm.nih.gov/dailymed/drugInfo.cfm?setid=3e64804b-6c14-49ab-b8f0-6b7f34a4ce3b
36d6141c-6967-d779-e063-6294a90af0a7,exclude,reviewed,"front-panel image checked: 'BABYFACE' adult brand; front 'Non-Tinted Mineral Sunscreen SPF 40'; 'children' only in Drug Facts (OCR flag, verified on the image 2026-10-09)",2026-10-09,"NON TINTED MINERAL SUNSCREEN (TITANIUM DIOXIDE, ZINC OXIDE) CREAM [BABYFACE LLC]",https://dailymed.nlm.nih.gov/dailymed/drugInfo.cfm?setid=36d6141c-6967-d779-e063-6294a90af0a7
36d7c8b3-554f-78d9-e063-6394a90a80f3,exclude,reviewed,"front-panel image checked: 'BABYFACE' is adult brand ('Superior Quality Skin & Hair Care'); front 'Non-Tinted Mineral Sunscreen Stick SPF 45' (OCR flag, verified on the image 2026-10-09)",2026-10-09,"NON TINTED MINERAL SUNSCREEN STICK (TITANIUM DIOXIDE, ZINC OXIDE) CREAM [BABYFACE LLC]",https://dailymed.nlm.nih.gov/dailymed/drugInfo.cfm?setid=36d7c8b3-554f-78d9-e063-6394a90a80f3
ac29da76-f638-4947-8d25-055f1f442dbe,include,auto,baby/kids word in product name,2026-10-08,"OCEAN POTION 50 INSTANT DRY KID SPOTSTICK (AVOBENZONE, HOMOSALATE, OCTISALATE, OCTOCRYLENE) LIQUID",https://dailymed.nlm.nih.gov/dailymed/drugInfo.cfm?setid=ac29da76-f638-4947-8d25-055f1f442dbe
dd2decbd-969e-4763-933c-f19d870c3ec2,include,reviewed,"front-panel image: Front: 'BABIES & SENSITIVE 50 Sunscreen Lotion' (OCR flag, verified on the image 2026-10-09)",2026-10-09,"OCEAN POTION GENTLE AND SENSITIVE 50 SUNSCREEN (AVOBENZONE, HOMOSALATE, OCTISALATE, OCTOCRYLENE) LOTION [SUN & SKIN CARE RESEARCH, LLC]",https://dailymed.nlm.nih.gov/dailymed/drugInfo.cfm?setid=dd2decbd-969e-4763-933c-f19d870c3ec2
382247c7-77c0-488b-ad98-be15e153c85b,include,auto,baby/kids word in product name,2026-10-08,"OCEAN POTION INSTANT DRY 50 MIST KIDS SUNSCREEN (AVOBENZONE, HOMOSALATE, OCTISALATE, OCTOCRYLENE) SPRAY",https://dailymed.nlm.nih.gov/dailymed/drugInfo.cfm?setid=382247c7-77c0-488b-ad98-be15e153c85b
abf207bc-ca6c-47c4-8e93-04d5be3e47d1,include,auto,baby/kids word in product name,2026-10-08,"OCEAN POTION INTELL MIST 50 KIDS SUNSCREEN (AVOBENZONE, HOMOSALATE, OCTISALATE, OCTOCRYLENE) SPRAY",https://dailymed.nlm.nih.gov/dailymed/drugInfo.cfm?setid=abf207bc-ca6c-47c4-8e93-04d5be3e47d1
88706da6-b1d4-4256-9852-7d39349d56d7,include,auto,baby/kids word in product name,2026-10-08,"OCEAN POTION QUICK DRY KIDS 50 SUNSCREEN (AVOBENZONE, HOMOSALATE, OCTISALATE, OCTOCRYLENE) LOTION",https://dailymed.nlm.nih.gov/dailymed/drugInfo.cfm?setid=88706da6-b1d4-4256-9852-7d39349d56d7
3bba29ab-0e08-b751-e063-6294a90adb7b,include,reviewed,"front-panel image: front panel of one variant: 'Ocean Potion Mineral 50 KIDS Zinc Oxide Continuous Spray Sunscreen' (other variant: Mineral 50 Sport) (OCR flag, verified on the image 2026-10-09)",2026-10-09,"OCEAN POTION SUNCARE MINERAL 50 ZINC OXIDE CONTINUOUS SUNSCREEN (ZINC OXIDE) SPRAY [GNL BRANDS INTERNATIONAL, LLC]",https://dailymed.nlm.nih.gov/dailymed/drugInfo.cfm?setid=3bba29ab-0e08-b751-e063-6294a90adb7b
4378730e-da7b-401b-bd24-b8e853bd8d2d,exclude,auto,not a sunscreen (classifier product type: skin_protectant),2026-10-08,OLIVENE DIAPER RASH (ZINC OXIDE) OINTMENT [FISCHER PHARMACEUTICLAS LTD.],https://dailymed.nlm.nih.gov/dailymed/drugInfo.cfm?setid=4378730e-da7b-401b-bd24-b8e853bd8d2d
c7938795-685b-4b7c-84ce-0ea66b64576e,include,auto,baby/kids word in product name,2026-10-08,"OP PROTECT AND NOURISH BABIES AND SENSITIVE SPF 50 (AVOBENZONE, HOMOSALATE, OCTISALATE, OCTOCRYLENE) LOTION",https://dailymed.nlm.nih.gov/dailymed/drugInfo.cfm?setid=c7938795-685b-4b7c-84ce-0ea66b64576e
32794f16-2c4c-454d-aeae-aacf4ebd5792,include,auto,baby/kids word in product name,2026-10-08,"OP PROTECT AND NOURISH KIDS SPF 50 (AVOBENZONE, HOMOSALATE, OCTISALATE, OCTOCRYLENE) LOTION",https://dailymed.nlm.nih.gov/dailymed/drugInfo.cfm?setid=32794f16-2c4c-454d-aeae-aacf4ebd5792
dc8f21a7-3014-4e78-be64-ded63bea4ba4,include,auto,baby/kids word in product name,2026-10-08,"OP PROTECT AND NOURISH KIDS SPF 50 (AVOBENZONE, HOMOSALATE, OCTISALATE, OCTOCRYLENE) LOTION",https://dailymed.nlm.nih.gov/dailymed/drugInfo.cfm?setid=dc8f21a7-3014-4e78-be64-ded63bea4ba4
a6044f0f-eb86-684d-e053-2995a90a0921,include,auto,"auto-rule v1: baby/kids word in product name, sunscreen, not a kit",2026-10-08,"OPEN NATURE CHILDREN SPF 50 MINERAL SUNSCREEN (ZINC OXIDE) LOTION [SAFEWAY, INC.]",https://dailymed.nlm.nih.gov/dailymed/drugInfo.cfm?setid=a6044f0f-eb86-684d-e053-2995a90a0921
8f0f2707-7fd6-491d-a928-7d420b17da80,exclude,reviewed,"gift set / kit, not a single sunscreen",2026-10-08,"OUTDOOR ADVENTURE SET (ZINC OXIDE, TITANIUM DIOXIDE, AND OCTISALATE) KIT",https://dailymed.nlm.nih.gov/dailymed/drugInfo.cfm?setid=8f0f2707-7fd6-491d-a928-7d420b17da80
93ef5b1b-e4f4-4c86-a395-c19861866c3e,exclude,reviewed,"gift set / kit, not a single sunscreen",2026-10-08,"OUTDOOR ESSENTIALS (ZINC OXIDE, OCTOCRYLENE, AND OCTISALATE) KIT",https://dailymed.nlm.nih.gov/dailymed/drugInfo.cfm?setid=93ef5b1b-e4f4-4c86-a395-c19861866c3e
726096c2-514a-439a-9697-346ca684c493,exclude,reviewed,"gift set / kit, not a single sunscreen",2026-10-08,"OUTDOOR EXPLORER SET (TITANIUM DIOXIDE, OCTISALATE, AND ZINC OXIDE) KIT",https://dailymed.nlm.nih.gov/dailymed/drugInfo.cfm?setid=726096c2-514a-439a-9697-346ca684c493
25155d5e-1b79-419a-a71b-1a243f43519e,include,auto,baby/kids word in product name,2026-10-08,"PARROT HEAD PARAKEET KIDS 50 (AVOBENZONE, HOMOSALATE, OCTISALATE, OCTOCRYLENE) LOTION",https://dailymed.nlm.nih.gov/dailymed/drugInfo.cfm?setid=25155d5e-1b79-419a-a71b-1a243f43519e
2d33112e-7c23-46a9-bb64-a5c3bd9bfb59,include,auto,baby/kids word in product name,2026-10-08,"PARROT HEAD PARAKEET KIDS 50 MIST SUNSCREEN (AVOBENZONE, HOMOSALATE, OCTISALATE, OCTOCRYLENE) SPRAY",https://dailymed.nlm.nih.gov/dailymed/drugInfo.cfm?setid=2d33112e-7c23-46a9-bb64-a5c3bd9bfb59
d95e1c1e-01c6-46f7-8068-b3b3a85127ee,include,auto,baby/kids word in product name,2026-10-08,"PETER ISLAND BABY SUNSCREEN SPF 50 (HOMOSALATE, OXYBENZONE, OCTISALATE, AVOBENZONE, OCTOCRYLENE) LOTION",https://dailymed.nlm.nih.gov/dailymed/drugInfo.cfm?setid=d95e1c1e-01c6-46f7-8068-b3b3a85127ee
f989b18a-1e0e-40fe-bb43-1e3805905656,include,auto,baby/kids word in product name,2026-10-08,"PETER ISLAND BABY SUNSCREEN SPF 50 (HOMOSALATE, OXYBENZONE, OCTISALATE, AVOBENZONE, OCTOCRYLENE) LOTION",https://dailymed.nlm.nih.gov/dailymed/drugInfo.cfm?setid=f989b18a-1e0e-40fe-bb43-1e3805905656
2db243d3-3b59-4be9-967c-0d4aea4d0066,include,auto,baby/kids word in product name,2026-10-08,"PETER ISLAND CONTINOUS SUNSCREEN KIDS SPF 50 (OXYBENZONE, AVOBENZONE, OCTOCRYLENE) SPRAY",https://dailymed.nlm.nih.gov/dailymed/drugInfo.cfm?setid=2db243d3-3b59-4be9-967c-0d4aea4d0066
d8cbed4c-c461-4d16-8f21-5354de6e22cd,include,auto,baby/kids word in product name,2026-10-08,"PETER ISLAND KIDS SUNSCREEN SPF 65 (HOMOSALATE, OXYBENZONE, OCTISALATE, AVOBENZONE, OCTOCRYLENE) LOTION",https://dailymed.nlm.nih.gov/dailymed/drugInfo.cfm?setid=d8cbed4c-c461-4d16-8f21-5354de6e22cd
ef5ea6f5-0126-47de-9bee-9070c5f6112b,exclude,reviewed,"diaper rash cream, not a sunscreen",2026-10-08,"PIPETTE DIAPER RASH (ZINC OXIDE) CREAM [AMYRIS, INC]",https://dailymed.nlm.nih.gov/dailymed/drugInfo.cfm?setid=ef5ea6f5-0126-47de-9bee-9070c5f6112b
2a93998c-1855-9207-e063-6294a90ab0e9,exclude,reviewed,"diaper rash cream, not a sunscreen",2026-10-08,PIPETTE DIAPER RASH (ZINC OXIDE) CREAM [PIPETTE LLC],https://dailymed.nlm.nih.gov/dailymed/drugInfo.cfm?setid=2a93998c-1855-9207-e063-6294a90ab0e9
b08f641b-49a2-5a90-e053-2a95a90aa860,include,reviewed,"baby-care brand: Pipette (owner decision 2026-10-08; previously excluded: owner policy 2026-10-08 (strict): baby brand, but no baby/kids word on this prod)",2026-10-08,PIPETTE MINERAL SUNSCREEN BROAD SPECTRUM SPF 50 (ZINC OXIDE) LOTION,https://dailymed.nlm.nih.gov/dailymed/drugInfo.cfm?setid=b08f641b-49a2-5a90-e053-2a95a90aa860
3491a921-44c3-ced9-e063-6294a90ac12c,include,reviewed,"baby-care brand: Pipette (owner decision 2026-10-08; previously excluded: owner policy 2026-10-08 (strict): baby brand, but no baby/kids word on this prod)",2026-10-08,PIPETTE MINERAL SUNSCREEN BROAD SPECTRUM SPF 50 WATER RESISTANT 80 MINUTES (ZINC OXIDE) LOTION,https://dailymed.nlm.nih.gov/dailymed/drugInfo.cfm?setid=3491a921-44c3-ced9-e063-6294a90ac12c
a93cd61a-ae83-4c45-8fca-f904b5cf706d,include,reviewed,baby-care brand: Pipette (owner decision 2026-10-08; previously excluded: no baby/kids word on the label; brand only),2026-10-08,"PIPETTE MINERAL SUNSCREEN BROAD SPECTRUM SPF50 (ZINC OXIDE) LOTION [AMYRIS, INC]",https://dailymed.nlm.nih.gov/dailymed/drugInfo.cfm?setid=a93cd61a-ae83-4c45-8fca-f904b5cf706d
3a10657a-bc16-181d-e063-6294a90a485b,include,reviewed,"baby-care brand: Pipette (owner decision 2026-10-08; previously excluded: owner policy 2026-10-08 (strict): baby brand, but no baby/kids word on this prod)",2026-10-08,"PIPETTE MINERAL SUNSCREEN SPF 50 (ZINC OXIDE	) AEROSOL, SPRAY",https://dailymed.nlm.nih.gov/dailymed/drugInfo.cfm?setid=3a10657a-bc16-181d-e063-6294a90a485b
329918f2-5d77-494b-975d-597bbaab43e3,include,auto,baby/kids word in product name,2026-10-08,"PLAGENTRA BABY SUNCITY (OCTINOXATE, OCTISALATE, TITANIUM DIOXIDE) CREAM",https://dailymed.nlm.nih.gov/dailymed/drugInfo.cfm?setid=329918f2-5d77-494b-975d-597bbaab43e3
452bcb25-848c-e8a7-e063-6394a90ace0f,exclude,auto,baby word is part of another phrase (classifier false-positive list),2026-10-05,"POOLSIDE NOT YOUR BABYS OIL. SPF 30 SUNSCREEN BODY OIL. (HOMOSALATE,OCTOCRYLENE,OCTISALATE,AVOBENZONE) OIL [LONGWAY TECHNOLOGY(GUANGZHOU)CO.,LTD.]",https://dailymed.nlm.nih.gov/dailymed/drugInfo.cfm?setid=452bcb25-848c-e8a7-e063-6394a90ace0f
205ca3c3-61ce-59e7-e054-00144ff88e88,exclude,reviewed,"front-panel image checked: front: 'Nude Protect 70 SPF/FPS Protector Solar Sunscreen Spray'; 'niños/children' only in directions/warnings (OCR flag, verified on the image 2026-10-09)",2026-10-09,"PREBEL NUDE PROTECT SPF 70 SUNSCREEN (AVOBENZONE, HOMOSALATE, OCTISALATE, OXYBENZONE AND OCTOCRYLENE) SPRAY [PRIME PACKAGING INC.]",https://dailymed.nlm.nih.gov/dailymed/drugInfo.cfm?setid=205ca3c3-61ce-59e7-e054-00144ff88e88
3a87d88e-3cb7-499c-9d04-d172f7f6bde7,include,auto,"auto-rule v1: baby/kids word in product name, sunscreen, not a kit",2026-10-08,PREMIUM NATURAL SUNSCREEN BROAD SPECTRUM SPF 30 BABY BUM (ZINC OXIDE) STICK [BAXTER LABERATORIES],https://dailymed.nlm.nih.gov/dailymed/drugInfo.cfm?setid=3a87d88e-3cb7-499c-9d04-d172f7f6bde7
c5d52f13-a649-9579-e053-2a95a90a062c,include,auto,baby/kids word in product name,2026-10-08,PROPOLIS NASAL PLUS (PLUS NASAL) LIQUID PROPOLIS NASAL (NASAL) LIQUID SUNSCREEN SPF50 (NON NANO ZINC OXIDE) CREAM SUNSCREEN FOR FACE SPF50 (NON NANO ZINC OXIDE) CREAM AFTERSUN (NON NANO ZINC OXIDE) CREAM DIAPER RASH CREAM (NON NANO ZINC OXIDE) CREAM SUNSCREEN FOR KIDS SPF50 (NON NANO ZINC OXIDE) CREAM S.O.S CREAM INTENSIVE MOISTURIZING SKIN PROTECTANT (NON NANO ZINC OXIDE) CREAM ACNE CONTROL SERUM (SALICYLIC ACID) LIQUID,https://dailymed.nlm.nih.gov/dailymed/drugInfo.cfm?setid=c5d52f13-a649-9579-e053-2a95a90a062c
e72e328e-5ccb-4dd3-b20d-09e47df80e0e,include,auto,baby/kids word in product name,2026-10-08,"PUBLIX BABY SPF 50 (AVOBENZONE, HOMOSALATE, OCTISALATE, OCTOCRYLENE, OXYBENZONE) LOTION",https://dailymed.nlm.nih.gov/dailymed/drugInfo.cfm?setid=e72e328e-5ccb-4dd3-b20d-09e47df80e0e
5cfd7a7e-ce9d-40de-9424-6b0c653dc1b7,include,auto,baby/kids word in product name,2026-10-08,"PUBLIX KIDS (AVOBENZONE, HOMOSALATE, OCTISALATE, OCTOCRYLENE, OXYBENZONE) SPRAY",https://dailymed.nlm.nih.gov/dailymed/drugInfo.cfm?setid=5cfd7a7e-ce9d-40de-9424-6b0c653dc1b7
ce8adbfa-07af-4984-8e3b-7b5b93dc2886,include,auto,baby/kids word in product name,2026-10-08,"PUBLIX KIDS SPF 50 (AVOBENZONE, HOMOSALATE, OCTISALATE, OCTOCRYLENE, OXYBENZONE) LOTION",https://dailymed.nlm.nih.gov/dailymed/drugInfo.cfm?setid=ce8adbfa-07af-4984-8e3b-7b5b93dc2886
8c0cbb66-38aa-4429-a6a0-6c063131296a,exclude,auto,not a sunscreen (classifier product type: skin_protectant),2026-10-05,PURE BABY DIAPER RASH (ZINC OXIDE) CREAM [FISCHER PHARMACEUTICALS LTD],https://dailymed.nlm.nih.gov/dailymed/drugInfo.cfm?setid=8c0cbb66-38aa-4429-a6a0-6c063131296a
a6cb4d79-3276-a01d-6d5f-ef624cbeb016,exclude,auto,not a sunscreen (classifier product type: skin_protectant),2026-10-05,"PURISTICS BABY ZINC OXIDE DIAPER RASH (ZINC OXIDE) CREAM [SCERENE HEALTHCARE, INC.]",https://dailymed.nlm.nih.gov/dailymed/drugInfo.cfm?setid=a6cb4d79-3276-a01d-6d5f-ef624cbeb016
a032331a-6724-d2cd-e053-2995a90ac15a,include,reviewed,"front-panel image: Front panel product name 'SAFE BABY MILD SUN CUSHION SUNSCREEN' and 'PHYSICAL SUNSCREEN FOR CHILD'S DELICATE SKIN' (box and refill) (OCR flag, verified on the image 2026-10-09)",2026-10-09,"PUTTISU (TITANIUM DIOXIDE, ZINC OXIDE) LIQUID [JELLYCUP, INC.]",https://dailymed.nlm.nih.gov/dailymed/drugInfo.cfm?setid=a032331a-6724-d2cd-e053-2995a90ac15a
eaf411f4-4332-4868-b10c-b084b555c3b8,include,reviewed,"front-panel image: baby-care brand on pack: Putto by Agabang & Company (Korean baby-care company); Front panel copy: 'Putto makes your baby's skin stay smooth and bright like Angel's magic' (Agabang & Company); back mentions 'if the child scratches'. Product  (OCR flag, verified on the image 2026-10-09)",2026-10-09,PUTTO ATO SECRET UV FACE SPF 6 (ZINC OXIDE) CREAM [AGABANG & COMPANY],https://dailymed.nlm.nih.gov/dailymed/drugInfo.cfm?setid=eaf411f4-4332-4868-b10c-b084b555c3b8
b2c02c98-83f2-4a68-b008-be315b4846b1,include,reviewed,"front-panel image: baby-care brand on pack: Putto by Agabang & Company (Korean baby-care company); Front panel copy under product name: 'Putto makes your baby's skin stay smooth and bright like Angel's magic' (Agabang & Company); back also 'available to use f (OCR flag, verified on the image 2026-10-09)",2026-10-09,PUTTO SECRET SUN SCREEN (TITANIUM DIOXIDE) CREAM [AGABANG & COMPANY ],https://dailymed.nlm.nih.gov/dailymed/drugInfo.cfm?setid=b2c02c98-83f2-4a68-b008-be315b4846b1
f82080b1-ef90-a027-e053-6294a90a19f2,include,reviewed,"front-panel image: Baby variant front: 'Baby Sunscreen Lotion Broad Spectrum SPF 50'; other variant Sport Lotion (OCR flag, verified on the image 2026-10-09)",2026-10-09,"QC SPF 50 SUNSCREEN (AVOBENZONE 3%, HOMOSALATE 15%, OCTISALATE 5%, OCTOCRYLENE 10%) LOTION [CDMA]",https://dailymed.nlm.nih.gov/dailymed/drugInfo.cfm?setid=f82080b1-ef90-a027-e053-6294a90a19f2
5bec85c7-d69c-4ca7-a345-950cc030f41e,exclude,auto,not a sunscreen (classifier product type: skin_protectant),2026-10-08,QUALITY CHOICE MAXIMUM STRENGTH DIAPER RASH (ZINC OXIDE) CREAM [CHAIN DRUG MARKETING ASSOCIATION],https://dailymed.nlm.nih.gov/dailymed/drugInfo.cfm?setid=5bec85c7-d69c-4ca7-a345-950cc030f41e
edf9e143-c2cc-4877-a7b3-cda18aa6a7b9,exclude,auto,not a sunscreen (classifier product type: skin_protectant),2026-10-08,QUALITY CHOICE QUICK RELIEF DIAPER RASH (ZINC OXIDE) CREAM [CHAIN DRUG MARKETING ASSOCIATION],https://dailymed.nlm.nih.gov/dailymed/drugInfo.cfm?setid=edf9e143-c2cc-4877-a7b3-cda18aa6a7b9
7ae805e1-e41e-4414-9a1c-1d55298fca5b,exclude,auto,not a sunscreen (classifier product type: skin_protectant),2026-10-08,QUICK RELIEF CREAMY DIAPER RASH (ZINC OXIDE) CREAM [AMERICAN SALES COMPANY],https://dailymed.nlm.nih.gov/dailymed/drugInfo.cfm?setid=7ae805e1-e41e-4414-9a1c-1d55298fca5b
a8272cdf-665e-4e94-87b6-2a128b950510,exclude,auto,not a sunscreen (classifier product type: skin_protectant),2026-10-08,QUICK RELIEF CREAMY DIAPER RASH (ZINC OXIDE) CREAM [RITE AID CORPORATION],https://dailymed.nlm.nih.gov/dailymed/drugInfo.cfm?setid=a8272cdf-665e-4e94-87b6-2a128b950510
fda8fce8-a164-45b5-b6ca-b1efce474089,include,auto,baby/kids word in product name,2026-10-08,RAW ELEMENTS BABY KIDS BROAD SPECTRUM SPF30 (ZINC OXIDE) LOTION,https://dailymed.nlm.nih.gov/dailymed/drugInfo.cfm?setid=fda8fce8-a164-45b5-b6ca-b1efce474089
a6e5f808-65c7-4810-a15c-413111216dae,include,auto,baby/kids word in product name,2026-10-08,RAW ELEMENTS BABY KIDS BROAD SPECTRUM SPF30 SUNSCREEN (ZINC OXIDE) STICK,https://dailymed.nlm.nih.gov/dailymed/drugInfo.cfm?setid=a6e5f808-65c7-4810-a15c-413111216dae
8cd68b09-2578-4519-b00e-e83e0e440815,include,auto,baby/kids word in product name,2026-10-08,"REEF BABIES SPF 50 OXYBENZONE FREE (OCTOCRYLENE, OCTISALATE, AND AVOBENZONE) LOTION",https://dailymed.nlm.nih.gov/dailymed/drugInfo.cfm?setid=8cd68b09-2578-4519-b00e-e83e0e440815
d5ed3488-aa32-4a63-9996-12c6532c3a4d,include,auto,baby/kids word in product name,2026-10-08,"REEF BABIES SPF 50 OXYBENZONE FREE (OCTOCRYLENE, OCTISALATE, AND AVOBENZONE) SPRAY",https://dailymed.nlm.nih.gov/dailymed/drugInfo.cfm?setid=d5ed3488-aa32-4a63-9996-12c6532c3a4d
e226b07a-9f44-4b17-8f26-c86dcfa5dcda,include,auto,baby/kids word in product name,2026-10-08,"REEF KIDS SPF 30 OXYBENZONE FREE (OCTOCRYLENE, OCTISALATE, AND AVOBENZONE) LOTION",https://dailymed.nlm.nih.gov/dailymed/drugInfo.cfm?setid=e226b07a-9f44-4b17-8f26-c86dcfa5dcda
005a9e7c-e392-4b9a-911f-d7586f7ae94e,include,auto,baby/kids word in product name,2026-10-08,"REEF KIDS SPF 30 OXYBENZONE FREE (OCTOCRYLENE, OCTISALATE, AND AVOBENZONE) SPRAY",https://dailymed.nlm.nih.gov/dailymed/drugInfo.cfm?setid=005a9e7c-e392-4b9a-911f-d7586f7ae94e
385f320c-9144-78b8-e063-6394a90a2e9d,include,auto,baby/kids word in product name,2026-10-08,REEF SAFE - BABY ZINC SUNSCREEN SPF50 (ZINC OXIDE SUNSCREEN) CREAM,https://dailymed.nlm.nih.gov/dailymed/drugInfo.cfm?setid=385f320c-9144-78b8-e063-6394a90a2e9d
44dd513e-ebaa-0d6a-e063-6394a90a78b7,include,auto,baby/kids word in product name,2026-10-08,REEFSAFE BABY AND TODDLERS SUNSCREEN SPF50 (ZINC OXIDE SUNSCREEN) CREAM,https://dailymed.nlm.nih.gov/dailymed/drugInfo.cfm?setid=44dd513e-ebaa-0d6a-e063-6394a90a78b7
36d773d7-349d-68c1-e063-6394a90aff1e,exclude,reviewed,"front-panel image checked: 'BABYFACE' adult brand; front 'Replenishing Daily Sunscreen SPF 40' (OCR flag, verified on the image 2026-10-09)",2026-10-09,REPLENISHING DAILY SUNSCREEN (ZINC OXIDE) CREAM [BABYFACE LLC],https://dailymed.nlm.nih.gov/dailymed/drugInfo.cfm?setid=36d773d7-349d-68c1-e063-6394a90aff1e
08e31964-612b-48fb-b3a8-77922aa1c7b8,include,auto,baby/kids word in product name,2026-10-08,RITE AID BABY SUNSCREEN (AVOBENZONE HOMOSALATE OCTISALATE OCTOCRYLENE OXYBENZONE) LOTION,https://dailymed.nlm.nih.gov/dailymed/drugInfo.cfm?setid=08e31964-612b-48fb-b3a8-77922aa1c7b8
ef238f0d-f889-4869-b24b-73f22c724a00,include,auto,baby/kids word in product name,2026-10-08,RITE AID KIDS SUNSCREEN SPF 50 (AVOBENZONE HOMOSALATE OCTISALATE OCTOCRYLENE OXYBENZONE) SPRAY,https://dailymed.nlm.nih.gov/dailymed/drugInfo.cfm?setid=ef238f0d-f889-4869-b24b-73f22c724a00
416b804d-bebf-4c5c-9990-4e830dd37153,include,auto,baby/kids word in product name,2026-10-08,RITE AID RENEWAL BABY SUNSCREEN SPF 60 (TITANIUM DIOXIDE ZINC OXIDE) LOTION,https://dailymed.nlm.nih.gov/dailymed/drugInfo.cfm?setid=416b804d-bebf-4c5c-9990-4e830dd37153
04d0a26b-5004-435c-81ba-87847c1dd2d9,include,auto,baby/kids word in product name,2026-10-08,RITE AID RENEWAL KIDS SPF 50 (AVOBENZONE HOMOSALATE OCTISALATE OCTOCRYLENE OXYBENZONE) LOTION,https://dailymed.nlm.nih.gov/dailymed/drugInfo.cfm?setid=04d0a26b-5004-435c-81ba-87847c1dd2d9
50576262-1161-4f5b-9532-81bf1954256a,include,auto,baby/kids word in product name,2026-10-08,"SAFE HARBOR - NATURAL SUNSCREEN - BABY AND KIDS SPF50 BROAD SPECTRUM SUNSCREEN (TITANIUM DIOXIDE, ZINC OXIDE) CREAM",https://dailymed.nlm.nih.gov/dailymed/drugInfo.cfm?setid=50576262-1161-4f5b-9532-81bf1954256a
ae98d652-b2c8-4c81-a126-e054d6b8eb88,include,reviewed,"front-panel image: Front: 'BABY & KIDS natural moisturizing sunscreen lotion' (OCR flag, verified on the image 2026-10-09)",2026-10-09,"SAFE HARBOR NATURAL SUNCARE BROAD SPECTRUM (TITANIUM DIOXIDE, ZINC OXIDE) LOTION [EMILIA PERSONAL CARE INC]",https://dailymed.nlm.nih.gov/dailymed/drugInfo.cfm?setid=ae98d652-b2c8-4c81-a126-e054d6b8eb88
a2ac325f-6760-41fa-a635-11852fd70209,include,auto,baby/kids word in product name,2026-10-08,"SAFE SEA FOR KIDS SUNSCREEN WITH JELLYFISH STING PROTECTIVE SPF 30 PLUS (OCTINOXATE, OCTISALATE, OXYBENZONE, TITANIUM DIOXIDE) LOTION",https://dailymed.nlm.nih.gov/dailymed/drugInfo.cfm?setid=a2ac325f-6760-41fa-a635-11852fd70209
3fa04557-2bc1-4eb4-aed8-eacc79189613,include,auto,baby/kids word in product name,2026-10-08,"SAFE SEA SPF 50 KIDS (HOMOSALATE, OCTOCRYLENE, OCTISALATE, AVOBENZONE) LOTION",https://dailymed.nlm.nih.gov/dailymed/drugInfo.cfm?setid=3fa04557-2bc1-4eb4-aed8-eacc79189613
ccbbe9d1-bf67-4507-bd8e-d865ac592df7,include,auto,baby/kids word in product name,2026-10-08,"SAFE SEA SPF 50 KIDS (HOMOSALATE, OCTOCRYLENE, OCTISALATE, AVOBENZONE) LOTION",https://dailymed.nlm.nih.gov/dailymed/drugInfo.cfm?setid=ccbbe9d1-bf67-4507-bd8e-d865ac592df7
b02ac130-d0ed-4850-8aa3-4660eca88150,include,auto,baby/kids word in product name,2026-10-08,"SAFE SEA SPF 50 KIDS (OCTINOXATE, OCTISALATE, ZINC OXIDE, TITANIUM DIOXIDE) LOTION",https://dailymed.nlm.nih.gov/dailymed/drugInfo.cfm?setid=b02ac130-d0ed-4850-8aa3-4660eca88150
44ddc4d8-3f3b-5d11-e063-6294a90ae88a,include,auto,baby/kids word in product name,2026-10-08,SAFE4KIDZ BABY ZINC SUNSCREEN SPF50 (ZINC OXIDE SUNSCREEN) CREAM,https://dailymed.nlm.nih.gov/dailymed/drugInfo.cfm?setid=44ddc4d8-3f3b-5d11-e063-6294a90ae88a
44ddc0ae-a977-3adf-e063-6294a90a0898,include,auto,baby/kids word in product name,2026-10-08,SAFE4KIDZ NATURAL MINERAL SUNSCREEN SPF50 (ZINC OXIDE SUNSCREEN) CREAM,https://dailymed.nlm.nih.gov/dailymed/drugInfo.cfm?setid=44ddc0ae-a977-3adf-e063-6294a90a0898
c6a0ae3e-d68a-b838-e053-2a95a90a77f7,exclude,reviewed,"front-panel image checked: Only 'children under 6 months of age: Ask a doctor' in Drug Facts; front 'Signature Care SPORT Sunscreen Lotion 50' (OCR flag, verified on the image 2026-10-09)",2026-10-09,"SAFEWAY SIGNATURE CARE SPORT SUNSCREEN SPF 50 (AVOBENZONE, HOMOSALATE, OCTOCRYLENE) LOTION [SAFEWAY, INC.]",https://dailymed.nlm.nih.gov/dailymed/drugInfo.cfm?setid=c6a0ae3e-d68a-b838-e053-2a95a90a77f7
9dda43f4-9e36-3570-e053-2995a90a2c99,include,auto,baby/kids word in product name,2026-10-08,"SEA AND SKI KIDS SPF 70 C-SPRAY (AVOBENZONE, HOMOSALATE, OCTINOXATE, OCTISALATE, OCTOCRYLENE) AEROSOL, SPRAY",https://dailymed.nlm.nih.gov/dailymed/drugInfo.cfm?setid=9dda43f4-9e36-3570-e053-2995a90a2c99
a0212bed-a7d4-d1db-e053-2995a90a32e7,include,auto,baby/kids word in product name,2026-10-08,"SEA AND SKI SPF 70 KIDS (AVOBENZONE, HOMOSALATE, OCTINOXATE, OCTISALATE, OCTOCRYLENE) LOTION",https://dailymed.nlm.nih.gov/dailymed/drugInfo.cfm?setid=a0212bed-a7d4-d1db-e053-2995a90a32e7
a0220f60-e094-76de-e053-2a95a90ad09d,include,auto,baby/kids word in product name,2026-10-08,"SEA AND SKI SPF 70 KIDS (AVOBENZONE, HOMOSALATE, OCTINOXATE, OCTISALATE, OCTOCRYLENE) LOTION",https://dailymed.nlm.nih.gov/dailymed/drugInfo.cfm?setid=a0220f60-e094-76de-e053-2a95a90ad09d
65c9c131-2545-4d88-aa9a-85197b654d74,include,auto,"auto-rule v1: baby/kids word in product name, sunscreen, not a kit",2026-10-08,SEAWEED BATH CO PLAYFUL PAPAYA KIDS SUNSCREEN SPF 50 (ZINC OXIDE) LIQUID [THE SEAWEED BATH CO.],https://dailymed.nlm.nih.gov/dailymed/drugInfo.cfm?setid=65c9c131-2545-4d88-aa9a-85197b654d74
499a1944-1682-4798-9058-3748a5eaa420,exclude,auto,not a sunscreen (classifier product type: skin_protectant),2026-10-08,SECURA EXTRA PROTECTIVE (ZINC OXIDE) CREAM SECURA EXTRA PROTECTIVE CREAM (ZINC OXIDE) CREAM [SMITH & NEPHEW MEDICAL LTD],https://dailymed.nlm.nih.gov/dailymed/drugInfo.cfm?setid=499a1944-1682-4798-9058-3748a5eaa420
b077aa64-49a3-42ee-abb3-88f833635b93,exclude,reviewed,"skin protectant, 'pediatric tested' claim",2026-10-08,SECURA PROTECTIVE (ZINC OXIDE) CREAM [SMITH & NEPHEW MEDICAL LTD],https://dailymed.nlm.nih.gov/dailymed/drugInfo.cfm?setid=b077aa64-49a3-42ee-abb3-88f833635b93
a5f27b24-e9ac-43f5-ad66-3f9e42d8cf70,include,auto,baby/kids word in product name,2026-10-08,"SELECT BRAND BABY SUNSCREEN (AVOBENZONE, HOMOSALATE, OCTISALATE, OCTOCRYLENE, OXYBENZONE) LOTION",https://dailymed.nlm.nih.gov/dailymed/drugInfo.cfm?setid=a5f27b24-e9ac-43f5-ad66-3f9e42d8cf70
b2fae1ba-67fe-48ef-b31f-62db34349961,exclude,reviewed,suitability claim only ('for sensitive skin & children'),2026-10-08,SHISEIDO ULTIMATE SUN PROTECTION S (TITANIUM DIOXIDE AND ZINC OXIDE) LOTION [SHISEIDO AMERICAS CORPORATION],https://dailymed.nlm.nih.gov/dailymed/drugInfo.cfm?setid=b2fae1ba-67fe-48ef-b31f-62db34349961
28c365af-c8d0-4e39-ace1-58eb04f862a5,exclude,auto,not a sunscreen (classifier product type: skin_protectant),2026-10-08,"SHOPKO DIAPER RASH MAXIMUM STRENGTH (ZINC OXIDE) CREAM [SHOPKO STORES OPERATING CO., LLC]",https://dailymed.nlm.nih.gov/dailymed/drugInfo.cfm?setid=28c365af-c8d0-4e39-ace1-58eb04f862a5
1c415f40-7462-c66f-e063-6294a90ae9ea,exclude,reviewed,"front-panel image checked: 'Shuihuanji Aqua Base Facial Sunscreen SPF 50+'; 'children/Kindern/enfants' only in warnings and bag suffocation warning (OCR flag, verified on the image 2026-10-09)",2026-10-09,"SHUIHUANJI SUNSCREEN (SUNSCREEN) CREAM [RUIAN INFORMATION TECHNOLOGY (GUANGDONG) CO., LTD.]",https://dailymed.nlm.nih.gov/dailymed/drugInfo.cfm?setid=1c415f40-7462-c66f-e063-6294a90ae9ea
14c78e8a-eb3e-496b-9cb0-7f8b47b3fb2a,exclude,reviewed,Drug Facts age text only,2026-10-08,"SK1N NATURAL SUNSCREEN SPF 20 (ZINC OXIDE) LOTION [TRUE NATURE GROUP, INC.]",https://dailymed.nlm.nih.gov/dailymed/drugInfo.cfm?setid=14c78e8a-eb3e-496b-9cb0-7f8b47b3fb2a
9491e9fa-508b-487c-a325-c50a5a151d6d,exclude,reviewed,Drug Facts age text only,2026-10-08,"SK1N NATURAL SUNSCREEN SPF 40 (ZINC OXIDE) LOTION [TRUE NATURE GROUP, INC.]",https://dailymed.nlm.nih.gov/dailymed/drugInfo.cfm?setid=9491e9fa-508b-487c-a325-c50a5a151d6d
4de67653-ab31-c6b2-e063-6394a90a7e8c,include,auto,baby/kids word in product name,2026-10-08,SKY AND SOL KIDS AND BABIES SUNSCREEN (ZINC OXIDE) CREAM,https://dailymed.nlm.nih.gov/dailymed/drugInfo.cfm?setid=4de67653-ab31-c6b2-e063-6394a90a7e8c
d810b762-9020-4028-a04b-187533a07676,include,auto,baby/kids word in product name,2026-10-08,"SMART CARE BARBIE KIDS SUNSCREEN SPF 50 (AVOBENZONE, HOMOSALATE, OCTISALATE, OCTOCRYLENE) SPRAY",https://dailymed.nlm.nih.gov/dailymed/drugInfo.cfm?setid=d810b762-9020-4028-a04b-187533a07676
4244cd1c-2a90-4a24-a373-a681a21f52d4,include,auto,baby/kids word in product name,2026-10-08,"SMART CARE SPIDER-MAN KIDS SUNSCREEN SPF 50 (AVOBENZONE, HOMOSALATE, OCTISALATE, OCTOCRYLENE) SPRAY",https://dailymed.nlm.nih.gov/dailymed/drugInfo.cfm?setid=4244cd1c-2a90-4a24-a373-a681a21f52d4
6055ba25-c346-4a18-bc72-ceac753f8a35,include,auto,baby/kids word in product name,2026-10-08,"SOLMATE BABY BROAD SPECTRUM SPF50 (AVOBENZONE, HOMOSALATE, OCTISALATE, OCTOCRYLENE, AND OXYBENZONE) LOTION",https://dailymed.nlm.nih.gov/dailymed/drugInfo.cfm?setid=6055ba25-c346-4a18-bc72-ceac753f8a35
c3e3db90-8244-4c26-a1da-5f52b867c2d8,include,auto,baby/kids word in product name,2026-10-08,"SOLMATE BABY BROAD SPECTRUM SPF50 (AVOBENZONE, HOMOSALATE, OCTISALATE, OCTOCRYLENE, AND OXYBENZONE) LOTION",https://dailymed.nlm.nih.gov/dailymed/drugInfo.cfm?setid=c3e3db90-8244-4c26-a1da-5f52b867c2d8
acb1e9cd-3c98-4ff8-9ea0-94b1288d0fd3,include,reviewed,front panel: Sol Mate Baby,2026-10-08,"SOLMATE BROAD SPECTRUM SPF 50 (AVOBENZONE, HOMOSALATE, OCTISALATE, OCTOCRYLENE AND OXYBENZONE) SPRAY [PRIME PACKAGING, INC.]",https://dailymed.nlm.nih.gov/dailymed/drugInfo.cfm?setid=acb1e9cd-3c98-4ff8-9ea0-94b1288d0fd3
ec855600-e03e-424e-88b3-6faed6e51be8,include,reviewed,front panel: Sol Mate Kid's,2026-10-08,"SOLMATE BROAD SPECTRUM SPF 50 (AVOBENZONE, HOMOSALATE, OCTISALATE, OCTOCRYLENE AND OXYBENZONE) SPRAY [PRIME PACKAGING, INC.]",https://dailymed.nlm.nih.gov/dailymed/drugInfo.cfm?setid=ec855600-e03e-424e-88b3-6faed6e51be8
4665c6dc-7519-4218-97b3-8148e58931fb,include,auto,baby/kids word in product name,2026-10-08,"SOLMATE KIDS BROAD SPECTRUM SPF 50 (AVOBENZONE, HOMOSALATE, OCTISALATE, OCTOCRYLENE, AND OXYBENZONE) LOTION",https://dailymed.nlm.nih.gov/dailymed/drugInfo.cfm?setid=4665c6dc-7519-4218-97b3-8148e58931fb
9e507750-0950-5c2a-e053-2995a90ac4a4,include,auto,baby/kids word in product name,2026-10-08,"SOLRX KIDS SPF 60 C-SPRAY (AVOBENZONE, HOMOSALATE, OCTISALATE, OCTOCRYLENE) AEROSOL, SPRAY",https://dailymed.nlm.nih.gov/dailymed/drugInfo.cfm?setid=9e507750-0950-5c2a-e053-2995a90ac4a4
a276836b-876d-56fe-e053-2a95a90a939c,include,reviewed,"front-panel image: Baby variant front: 'mambino naturals fresh baby', 'ages 0+', 'for babies, kids & whole family' (borderline: also whole-family); Face Sunscreen variant has no kid naming (OCR flag, verified on the image 2026-10-09)",2026-10-09,"SPF 30 PURE MINERAL FACE BODY SUNSCREEN (ZINC OXIDE) LOTION [MI AMORE SKINCARE, LLC]",https://dailymed.nlm.nih.gov/dailymed/drugInfo.cfm?setid=a276836b-876d-56fe-e053-2a95a90a939c
4690d89b-ae61-2ed5-e063-6294a90a743f,include,auto,baby/kids word in product name,2026-10-08,"SPF 50 BABY SUNSCREEN EQUATE (AVOBENZONE, HOMOSALATE, OCTOCRYLENE) LOTION",https://dailymed.nlm.nih.gov/dailymed/drugInfo.cfm?setid=4690d89b-ae61-2ed5-e063-6294a90a743f
9839570f-eeef-4140-a6ca-9fd2c9767a5b,include,auto,baby/kids word in product name,2026-10-08,SPF 50 KIDS SUNSCREEN (HOMOSALATE 10% OCTISALATE 5% AVOBENZONE 3%) SPRAY,https://dailymed.nlm.nih.gov/dailymed/drugInfo.cfm?setid=9839570f-eeef-4140-a6ca-9fd2c9767a5b
46919f43-2dee-57b1-e063-6294a90a15eb,include,auto,baby/kids word in product name,2026-10-08,"SPF 50 KIDS SUNSCREEN EQUATE (AVOBENZONE, HOMOSALATE, OCTOCRYLENE) LOTION",https://dailymed.nlm.nih.gov/dailymed/drugInfo.cfm?setid=46919f43-2dee-57b1-e063-6294a90a15eb
f717cd89-194b-42e3-a079-24b2903deb29,include,auto,baby/kids word in product name,2026-10-08,SPF 50 MINERAL SUNSCREEN BKIDS (ZINC OXIDE) STICK,https://dailymed.nlm.nih.gov/dailymed/drugInfo.cfm?setid=f717cd89-194b-42e3-a079-24b2903deb29
0bdb7d15-dc52-4e23-9417-fe73f17f6110,include,auto,"auto-rule v1: baby/kids word in product name, sunscreen, not a kit",2026-10-08,SPF 50 MINERAL SUNSCREEN KIDS (ZINC OXIDE 14.69%) STICK [S&C HAMPTON SUN LLC],https://dailymed.nlm.nih.gov/dailymed/drugInfo.cfm?setid=0bdb7d15-dc52-4e23-9417-fe73f17f6110
5a4c71fc-aa6f-47f7-8d1d-2af2e726cf9b,include,reviewed,"brand name on pack (Babyganics), single product",2026-10-08,"SPF 50 PLUS SUNSCREEN (TITANIUM DIOXIDE, OCTISALATE, AND ZINC OXIDE) LOTION",https://dailymed.nlm.nih.gov/dailymed/drugInfo.cfm?setid=5a4c71fc-aa6f-47f7-8d1d-2af2e726cf9b
247aae3d-1845-4dd8-b774-b9e8214809a2,include,auto,baby/kids word in product name,2026-10-08,SPF 50 PLUS SUNSCREEN ALL MINERAL ACTIVE INGREDIENTS (TITANIUM DIOXIDE AND ZINC OXIDE) STICK KIDS SPF 50 PLUS SUNSCREEN ALL MINERAL ACTIVE INGREDIENTS (TITANIUM DIOXIDE AND ZINC OXIDE) STICK,https://dailymed.nlm.nih.gov/dailymed/drugInfo.cfm?setid=247aae3d-1845-4dd8-b774-b9e8214809a2
a216d48f-4ed4-6008-e053-2a95a90a8c9a,include,reviewed,"front-panel image: Multi-variant listing; RMS_SPF50_KIDS_Quart3.jpg front: 'BONDING BASE SUNSCREEN LOTION 50 KIDS Rocky Mountain Sunscreen' (OCR flag, verified on the image 2026-10-09)",2026-10-09,"SPF 50 SUNSCREEN ROCKY MOUNTAIN (AVOBENZONE 3%, HOMOSALATE 10%, OCTOCRYLENE 6%) LOTION [DERMA CARE RESEARCH LABS, LLC]",https://dailymed.nlm.nih.gov/dailymed/drugInfo.cfm?setid=a216d48f-4ed4-6008-e053-2a95a90a8c9a
a1c9066c-4801-5aee-e053-2995a90a75d2,include,reviewed,"front-panel image: Variants 'RMS 16-oz SPF50 KIDS Spray' and 'Quart KIDS-SPRAY' show large 'KIDS' on front; other variants are adult (OCR flag, verified on the image 2026-10-09)",2026-10-09,"SPF 50 SUNSCREEN ROCKY MOUNTAIN (AVOBENZONE 3%, HOMOSALATE 15%, OCTISALATE 5%, OCTOCRYLENE 10%) SPRAY [DERMA CARE RESEARCH LABS, LLC]",https://dailymed.nlm.nih.gov/dailymed/drugInfo.cfm?setid=a1c9066c-4801-5aee-e053-2995a90a75d2
b3e4900f-5e45-6e24-e053-2a95a90ae53a,include,auto,baby-care brand: Babo Botanicals (https://cosmeticsbusiness.com/laboratoires-expanscience-taps-natural-baby-care-brand-babo-botanicals-148696),2026-10-08,"SPF 50 SUPER SHIELD SPORT SUNSCREEN (MINERAL SUNSCREEN) STICK [BABO BOTANICALS, INC.]",https://dailymed.nlm.nih.gov/dailymed/drugInfo.cfm?setid=b3e4900f-5e45-6e24-e053-2a95a90ae53a
b20d4019-643b-60fe-e053-2a95a90a8729,exclude,reviewed,"baby-care brand, but a tinted face product (cosmetic, outside the sunscreen population)",2026-10-08,"SPF 50 TINTED FACE MINERAL FRAGRANCE FREE SUNSCREEN (MINERAL SUNSCREEN) STICK [BABO BOTANICALS, INC.]",https://dailymed.nlm.nih.gov/dailymed/drugInfo.cfm?setid=b20d4019-643b-60fe-e053-2a95a90a8729
0aadc378-dc34-9a37-e063-6294a90ad49e,include,auto,baby/kids word in product name,2026-10-08,"SPF 70 KIDS SUNSCREEN (AVOBENZONE, HOMOSALATE, OCTISALATE, OCTOCRYLENE) SPRAY",https://dailymed.nlm.nih.gov/dailymed/drugInfo.cfm?setid=0aadc378-dc34-9a37-e063-6294a90ad49e
c8acdd4d-6889-6b1e-e053-2a95a90a655f,exclude,reviewed,"front-panel image checked: 'children' only in Drug Facts (OCR flag, verified on the image 2026-10-09)",2026-10-09,"SPF30 (ZINC OXIDE) LOTION [COSMETIC SPECIALTY LABS, INC.]",https://dailymed.nlm.nih.gov/dailymed/drugInfo.cfm?setid=c8acdd4d-6889-6b1e-e053-2a95a90a655f
cffd82fe-c05a-58df-e053-2995a90acd21,exclude,reviewed,"front-panel image checked: 'children under 6 months' only in Drug Facts (OCR flag, verified on the image 2026-10-09)",2026-10-09,"SPF30 (ZINC OXIDE) LOTION [COSMETIC SPECIALTY LABS, INC.]",https://dailymed.nlm.nih.gov/dailymed/drugInfo.cfm?setid=cffd82fe-c05a-58df-e053-2995a90acd21
64580be7-868c-40fb-b7b8-840b417b25d3,include,reviewed,brand on pack: California Baby,2026-10-08,SPF30 CALENDULA SUNSCREEN (TITANIUM DIOXIDE) LOTION [ORGANIC & SUSTAINABLE BEAUTY],https://dailymed.nlm.nih.gov/dailymed/drugInfo.cfm?setid=64580be7-868c-40fb-b7b8-840b417b25d3
547388c6-378b-488b-89d1-c77ebc5d2ed8,include,reviewed,brand on pack: California Baby,2026-10-08,SPF30 EVERYDAY/YEAR-ROUND SUNSCREEN (TITANIUM DIOXIDE) LOTION/SHAMPOO [ORGANIC & SUSTAINABLE BEAUTY],https://dailymed.nlm.nih.gov/dailymed/drugInfo.cfm?setid=547388c6-378b-488b-89d1-c77ebc5d2ed8
d4f30d95-4a3f-49ad-817e-faa86fca5018,include,reviewed,brand on pack: California Baby,2026-10-08,SPF30 EVERYDAY/YEAR-ROUND SUNSCREEN (TITANIUM DIOXIDE) STICK [ORGANIC & SUSTAINABLE BEAUTY],https://dailymed.nlm.nih.gov/dailymed/drugInfo.cfm?setid=d4f30d95-4a3f-49ad-817e-faa86fca5018
9641b71a-81f2-4157-801b-162188392a91,include,reviewed,brand on pack: California Baby,2026-10-08,SPF30 SUMMER BLEND SUNSCREEN (TITANIUM DIOXIDE) LOTION/SHAMPOO [ORGANIC & SUSTAINABLE BEAUTY],https://dailymed.nlm.nih.gov/dailymed/drugInfo.cfm?setid=9641b71a-81f2-4157-801b-162188392a91
d79cf2d9-4923-452a-bb44-67e059ee37ee,include,reviewed,brand on pack: California Baby,2026-10-08,SPF30 SUPER SENSITIVE SUNSCREEN (TITANIUM DIOXIDE) LOTION/SHAMPOO [ORGANIC & SUSTAINABLE BEAUTY],https://dailymed.nlm.nih.gov/dailymed/drugInfo.cfm?setid=d79cf2d9-4923-452a-bb44-67e059ee37ee
fef47045-1d3c-4f08-acec-e96abefbc261,include,reviewed,brand on pack: California Baby,2026-10-08,SPF30 SUPER SENSITIVE SUNSCREEN (TITANIUM DIOXIDE) STICK [ORGANIC & SUSTAINABLE BEAUTY],https://dailymed.nlm.nih.gov/dailymed/drugInfo.cfm?setid=fef47045-1d3c-4f08-acec-e96abefbc261
08e8bc10-85d8-4215-8351-7ec12029416c,include,reviewed,"brand name on pack (Babyganics), single product",2026-10-08,SPF50 PLUS MINERAL SUNSCREEN (ZINC OXIDE AND TITANIUM DIOXIDE) SPRAY,https://dailymed.nlm.nih.gov/dailymed/drugInfo.cfm?setid=08e8bc10-85d8-4215-8351-7ec12029416c
6af12cd5-246b-4b91-9748-e7b7a5daf298,include,reviewed,"front-panel image: Front of tube: 'Paint-on sun protection for independent kids' (OCR flag, verified on the image 2026-10-09)",2026-10-09,"SQWEEN MINERAL SUNSCREEN BROAD SPECTRUM SPF 30 BLUE (ZINC OXIDE) CREAM [ATLANTIS LABORATORIES, INC.]",https://dailymed.nlm.nih.gov/dailymed/drugInfo.cfm?setid=6af12cd5-246b-4b91-9748-e7b7a5daf298
d4085917-7090-45e2-8356-77698f78c195,include,reviewed,"front-panel image: Sqween line 'paint-on sun protection for independent kids' (same line as the other Sqween labels; OCR flag, verified 2026-10-09)",2026-10-09,SQWEEN MINERAL SUNSCREEN BROAD SPECTRUM SPF 30 BLUE (ZINC OXIDE) CREAM [SQWEEN LLC],https://dailymed.nlm.nih.gov/dailymed/drugInfo.cfm?setid=d4085917-7090-45e2-8356-77698f78c195
e8332aa8-d2c5-4b74-9b61-612c2328edfa,include,reviewed,"front-panel image: Front of tube: 'Paint-on sun protection for independent kids' (tinted variant) (OCR flag, verified on the image 2026-10-09)",2026-10-09,SQWEEN MINERAL SUNSCREEN BROAD SPECTRUM SPF 30 GOLD (ZINC OXIDE) CREAM [SQWEEN LLC],https://dailymed.nlm.nih.gov/dailymed/drugInfo.cfm?setid=e8332aa8-d2c5-4b74-9b61-612c2328edfa
b7c79f32-84cf-4059-9418-e142b5710014,include,reviewed,"front-panel image: Tube front: 'Paint-on sun protection for independent kids' above Sqween logo (OCR flag, verified on the image 2026-10-09)",2026-10-09,SQWEEN MINERAL SUNSCREEN BROAD SPECTRUM SPF 30 LIGHT GREEN (ZINC OXIDE) CREAM [SQWEEN LLC],https://dailymed.nlm.nih.gov/dailymed/drugInfo.cfm?setid=b7c79f32-84cf-4059-9418-e142b5710014
192892b0-5632-40c5-a9b8-dcecdbcf2553,include,reviewed,"front-panel image: front panel tagline: 'Paint-on sun protection for independent kids' (squeen tinted 30 SPF) (OCR flag, verified on the image 2026-10-09)",2026-10-09,SQWEEN MINERAL SUNSCREEN BROAD SPECTRUM SPF 30 PINK (ZINC OXIDE) CREAM [SQWEEN LLC],https://dailymed.nlm.nih.gov/dailymed/drugInfo.cfm?setid=192892b0-5632-40c5-a9b8-dcecdbcf2553
1ad346a8-4468-4cc4-a1fe-045b11ae6659,include,reviewed,"front-panel image: front panel tagline above brand: 'Paint-on sun protection for independent kids' (squeen 100% Mineral Sunscreen SPF 30) (OCR flag, verified on the image 2026-10-09)",2026-10-09,SQWEEN MINERAL SUNSCREEN BROAD SPECTRUM SPF 30 ROSE GOLD (ZINC OXIDE) CREAM [SQWEEN LLC],https://dailymed.nlm.nih.gov/dailymed/drugInfo.cfm?setid=1ad346a8-4468-4cc4-a1fe-045b11ae6659
9c3cf35b-4bde-46e3-8abd-5f4d1ad6e486,include,auto,"auto-rule v1: baby/kids word in product name, sunscreen, not a kit",2026-10-08,SQWEEN PAINT-ON SUN PROTECTION FOR INDEPENDENT KIDS MINERAL SUNSCREEN SPF 30 (ZINC OXIDE) CREAM [SQWEEN LLC],https://dailymed.nlm.nih.gov/dailymed/drugInfo.cfm?setid=9c3cf35b-4bde-46e3-8abd-5f4d1ad6e486
5866e026-a652-3300-e063-6394a90acff0,include,reviewed,"front-panel image: front panel of one variant: 'Stream2Sea EcoStick SPF 40 Kids for face & body' (other variants SPORT, TINT) (OCR flag, verified on the image 2026-10-09)",2026-10-09,"STREAM2SEA ECOSTOCK SPF 40 SUNSCREEN (ZINC OXIDE) STICK [STREAM2SEA, LLC]",https://dailymed.nlm.nih.gov/dailymed/drugInfo.cfm?setid=5866e026-a652-3300-e063-6394a90acff0
3350f28e-22b4-904c-e063-6394a90a1c81,exclude,reviewed,"front-panel image checked: front: 'Sulwhasoo Perfecting Cushion Broad Spectrum SPF 46'; 'children' only in Drug Facts (OCR flag, verified on the image 2026-10-09)",2026-10-09,"SULWHASOO PERFECTING CUSHION NO.37W1 MAPLE (OCTINOXATE, TITANIUM DIOXIDE, AND HOMOSALATE) LOTION SULWHASOO PERFECTING CUSHION NO.33C1 WALNUT (OCTINOXATE, TITANIUM DIOXIDE, AND HOMOSALATE) LOTION SULWHASOO PERFECTING CUSHION NO.23N1 SAND (OCTINOXATE, TITANIUM DIOXIDE, AND HOMOSALATE) LOTION SULWHASOO PERFECTING CUSHION NO.17N1 VANILLA (OCTINOXATE, TITANIUM DIOXIDE, AND HOMOSALATE) LOTION SULWHASOO PERFECTING CUSHION NO.31W1 ALMOND (OCTINOXATE, TITANIUM DIOXIDE, AND HOMOSALATE) LOTION SULWHASOO PERFECTING CUSHION NO.21N1 BEIGE (OCTINOXATE, TITANIUM DIOXIDE, AND HOMOSALATE) LOTION SULWHASOO PERFECTING CUSHION NO.25N1 AMBER (OCTINOXATE, TITANIUM DIOXIDE, AND HOMOSALATE) LOTION [AMOREPACIFIC CORPORATION]",https://dailymed.nlm.nih.gov/dailymed/drugInfo.cfm?setid=3350f28e-22b4-904c-e063-6394a90a1c81
49fcf429-332f-43b3-aab0-d2a5b95f4571,exclude,reviewed,no label images or front-panel text in DailyMed; no baby/kids word in title or labeler (checked 2026-10-09),2026-10-09,SUN AND HONEY (ZINC OXIDE) CREAM [AMARA VENTURES],https://dailymed.nlm.nih.gov/dailymed/drugInfo.cfm?setid=49fcf429-332f-43b3-aab0-d2a5b95f4571
e4825f96-0ca8-40ed-a0ad-b2281919181e,exclude,reviewed,"soap, not a leave-on sunscreen",2026-10-08,"SUN BATHE SUNSCREEN SPF 20 (AVOBENZONE, OCTINOXATE, OCTOCRYLENE) SOAP",https://dailymed.nlm.nih.gov/dailymed/drugInfo.cfm?setid=e4825f96-0ca8-40ed-a0ad-b2281919181e
3b058b74-27d0-8f8a-e063-6294a90aa02c,include,auto,baby/kids word in product name,2026-10-08,"SUN BUM KIDS 50 CLEAR SUNSCREEN (AVOBENZONE, HOMOSALATE, OCTISALATE, OCTOCRYLENE) SPRAY",https://dailymed.nlm.nih.gov/dailymed/drugInfo.cfm?setid=3b058b74-27d0-8f8a-e063-6294a90aa02c
3c1f619e-dd4e-ab62-e063-6294a90a10d4,include,auto,baby/kids word in product name,2026-10-08,"SUN BUM KIDS 50 CLEAR SUNSCREEN (AVOBENZONE, HOMOSALATE, OCTISALATE, OCTOCRYLENE) SPRAY",https://dailymed.nlm.nih.gov/dailymed/drugInfo.cfm?setid=3c1f619e-dd4e-ab62-e063-6294a90a10d4
3b162348-0222-490e-e063-6394a90ad494,include,auto,baby/kids word in product name,2026-10-08,"SUN BUM KIDS 50 CLEAR SUNSCREEN 6 OZ (AVOBENZONE, HOMOSALATE, OCTISALATE, OCTOCRYLENE) LOTION",https://dailymed.nlm.nih.gov/dailymed/drugInfo.cfm?setid=3b162348-0222-490e-e063-6394a90ad494
3a147fe1-0dda-5433-e063-6394a90a1a59,include,auto,baby/kids word in product name,2026-10-08,"SUN BUM KIDS 50 CLEAR SUNSCREEN FACE STICK (AVOBENZONE, HOMOSALATE, OCTISALATE, OCTOCRYLENE) STICK",https://dailymed.nlm.nih.gov/dailymed/drugInfo.cfm?setid=3a147fe1-0dda-5433-e063-6394a90a1a59
90ae5bb0-d199-485e-9d36-c3db28289357,include,auto,baby/kids word in product name,2026-10-08,"SUN BUM KIDS FACE SPF 50 (AVOBENZONE, HOMOSALATE, OCTISALATE, OCTOCRYLENE) STICK",https://dailymed.nlm.nih.gov/dailymed/drugInfo.cfm?setid=90ae5bb0-d199-485e-9d36-c3db28289357
6fcec9f9-bee0-4884-8c72-be273426f916,include,auto,baby/kids word in product name,2026-10-08,"SUN BUM KIDS SUNSCREEN SPF 50 (AVOBENZONE, HOMOSALATE, OCTISALATE, OCTOCRYLENE) SPRAY",https://dailymed.nlm.nih.gov/dailymed/drugInfo.cfm?setid=6fcec9f9-bee0-4884-8c72-be273426f916
3c1c8b83-f37d-a29d-e063-6294a90a20a8,exclude,reviewed,"front-panel image checked: front: 'Sun Bum Mist 45 Refreshing Sunscreen Spray'; 'children' only in Drug Facts (OCR flag, verified on the image 2026-10-09)",2026-10-09,"SUN BUM MIST 45 REFRESHING SUNSCREEN 1.35 OZ (AVOBENZONE, HOMOSALATE, OCTISALATE, OCTOCRYLENE) SPRAY SUN BUM MIST 45 REFRESHING SUNSCREEN 3.4 OZ (AVOBENZONE, HOMOSALATE, OCTISALATE, OCTOCRYLENE) SPRAY [SUN BUM, LLC]",https://dailymed.nlm.nih.gov/dailymed/drugInfo.cfm?setid=3c1c8b83-f37d-a29d-e063-6294a90a20a8
40945805-6f2e-74a1-e063-6394a90a04a3,include,auto,baby/kids word in product name,2026-10-08,SUN KIDS MINERAL BLUEBERRY SUNSCREEN BROAD SPECTRUM SPF 50 (ZINC OXIDE) CREAM,https://dailymed.nlm.nih.gov/dailymed/drugInfo.cfm?setid=40945805-6f2e-74a1-e063-6394a90a04a3
400c67aa-55a6-67ea-e063-6294a90a0213,include,auto,baby/kids word in product name,2026-10-08,SUN KIDS MINERAL STRAWBERRY SUNSCREEN BROAD SPECTRUM SPF 50 (ZINC OXIDE) CREAM,https://dailymed.nlm.nih.gov/dailymed/drugInfo.cfm?setid=400c67aa-55a6-67ea-e063-6294a90a0213
5c2a5ca3-e9eb-48ba-8698-592d2c7aa241,include,auto,baby/kids word in product name,2026-10-08,"SUN WAVE KIDS INSTA DRY SPF 50 (AVOBENZONE, HOMOSALATE, OCTISALATE, OCTOCRYLENE) SPRAY",https://dailymed.nlm.nih.gov/dailymed/drugInfo.cfm?setid=5c2a5ca3-e9eb-48ba-8698-592d2c7aa241
3ee52faa-64a8-4bdf-e063-6294a90a65cf,include,auto,baby/kids word in product name,2026-10-08,SUN ZAPPER - BABY PURE ZINC SUNSCREEN SPF30 (ZINC OXIDE SUNSCREEN) CREAM,https://dailymed.nlm.nih.gov/dailymed/drugInfo.cfm?setid=3ee52faa-64a8-4bdf-e063-6294a90a65cf
3ee4410b-46d8-1059-e063-6394a90a7f96,include,auto,baby/kids word in product name,2026-10-08,SUN ZAPPER - KIDS PURE ZINC SUNSCREEN SPF50 (ZINC OXIDE SUNSCREEN) CREAM,https://dailymed.nlm.nih.gov/dailymed/drugInfo.cfm?setid=3ee4410b-46d8-1059-e063-6394a90a7f96
42c74ddf-70a3-f2b1-e063-6294a90a91a9,include,auto,baby/kids word in product name,2026-10-08,"SUNBEAT PROCARE FPS 50 KIDS (HOMOSALATE, OCTOCRYLENE, OCTISALATE, AVOBENZONE, ENSULIZOLE) LOTION",https://dailymed.nlm.nih.gov/dailymed/drugInfo.cfm?setid=42c74ddf-70a3-f2b1-e063-6294a90a91a9
35cbb9d5-639c-207a-e054-00144ff88e88,include,auto,"auto-rule v1: baby/kids word in product name, sunscreen, not a kit",2026-10-08,SUNBLOCZ BABY AND KIDS (ZINC OXIDE) CREAM [OLEN SKIN CARE CORPORATION],https://dailymed.nlm.nih.gov/dailymed/drugInfo.cfm?setid=35cbb9d5-639c-207a-e054-00144ff88e88
ac77cd6d-de01-44eb-8f5d-cf172ec1b53b,include,auto,baby/kids word in product name,2026-10-08,"SUNBRELLAS KIDS SUNBLOCK SPF 45 (HOMOSALATE, OCTOCRYLENE, ETHYLHEXYL METHOXYCINNAMATE, ETHYLHEXYL SALICILATE, TITANIUM DIOXIDE) CREAM",https://dailymed.nlm.nih.gov/dailymed/drugInfo.cfm?setid=ac77cd6d-de01-44eb-8f5d-cf172ec1b53b
8ef7e0c8-e76b-4e84-ac9d-169f85e5e36e,exclude,reviewed,"front-panel image checked: Front/side 'Safe for babies. Made for all.' is a suitability claim; product name 'First Mate Face Stick' (OCR flag, verified on the image 2026-10-09)",2026-10-09,SUNNY SAILOR FIRST MATE FACE STICK SPF 30 (ZINC OXIDE) STICK [SUNNY SAILOR LLC],https://dailymed.nlm.nih.gov/dailymed/drugInfo.cfm?setid=8ef7e0c8-e76b-4e84-ac9d-169f85e5e36e
857ef2e1-31da-7647-e053-2991aa0a94f5,include,reviewed,front panel: Sunnyscreen SPF 50 Lotion for babies + kiddos,2026-10-08,"SUNNYSCREEN SPF 50 (TITANIUM DIOXIDE, ZINC OXIDE) LOTION [SUPERGOOP, LLC]",https://dailymed.nlm.nih.gov/dailymed/drugInfo.cfm?setid=857ef2e1-31da-7647-e053-2991aa0a94f5
859461ea-582e-8185-e053-2991aa0a954a,include,reviewed,front panel: Sunnyscreen spray for babies + kiddos,2026-10-08,"SUNNYSCREEN SPF 50 (TITANIUM DIOXIDE, ZINC OXIDE) SPRAY [SUPERGOOP, LLC]",https://dailymed.nlm.nih.gov/dailymed/drugInfo.cfm?setid=859461ea-582e-8185-e053-2991aa0a954a
857f7b28-3161-f66b-e053-2991aa0a391b,include,reviewed,front panel: Sunnyscreen Stick for babies + kiddos,2026-10-08,"SUNNYSCREEN SPF 50 STICK (ZINC OXIDE) STICK [SUPERGOOP, LLC]",https://dailymed.nlm.nih.gov/dailymed/drugInfo.cfm?setid=857f7b28-3161-f66b-e053-2991aa0a391b
4f0cdf07-59be-4e1c-e054-00144ff8d46c,include,reviewed,"front-panel image: front panel: 'Promise Organic baby' and 'SPF30 Sunscreen Baby Lotion' (OCR flag, verified on the image 2026-10-09)",2026-10-09,SUNSCREEN (ZINC OXIDE SUNSCREEN) OINTMENT [PRIVATE LABEL SELECT LTD CO],https://dailymed.nlm.nih.gov/dailymed/drugInfo.cfm?setid=4f0cdf07-59be-4e1c-e054-00144ff8d46c
7a306c7b-e142-735c-e053-2991aa0a4e21,include,reviewed,front panel: earth mama Baby Sunscreen,2026-10-08,SUNSCREEN (ZINC OXIDE SUNSCREEN) OINTMENT [PRIVATE LABEL SELECT LTD CO],https://dailymed.nlm.nih.gov/dailymed/drugInfo.cfm?setid=7a306c7b-e142-735c-e053-2991aa0a4e21
7a311b40-be73-bad0-e053-2991aa0aef96,include,reviewed,front panel: earth mama Kids Mineral Sunscreen,2026-10-08,SUNSCREEN (ZINC OXIDE SUNSCREEN) OINTMENT [PRIVATE LABEL SELECT LTD CO],https://dailymed.nlm.nih.gov/dailymed/drugInfo.cfm?setid=7a311b40-be73-bad0-e053-2991aa0aef96
7a42707a-9a8d-6f85-e053-2a91aa0ac8b9,include,reviewed,front panel: earth mama Kids Uber-Sensitive Sunscreen,2026-10-08,SUNSCREEN (ZINC OXIDE SUNSCREEN) OINTMENT [PRIVATE LABEL SELECT LTD CO],https://dailymed.nlm.nih.gov/dailymed/drugInfo.cfm?setid=7a42707a-9a8d-6f85-e053-2a91aa0ac8b9
b7c8798b-56f7-b808-e053-2a95a90ad3e8,include,reviewed,"front-panel image: Front: 'BABY & FAMILY' line under Mineral Sunscreen SPF 50 (borderline: names baby as user, plus family) (OCR flag, verified on the image 2026-10-09)",2026-10-09,SUNSCREEN (ZINC OXIDE SUNSCREEN) OINTMENT [PRIVATE LABEL SELECT LTD CO],https://dailymed.nlm.nih.gov/dailymed/drugInfo.cfm?setid=b7c8798b-56f7-b808-e053-2a95a90ad3e8
4f1da47d-8adb-00c0-e054-00144ff88e88,include,reviewed,brand on pack: Thinkbaby (package images 'Think Baby carton/label'; confirmed by owner 2026-10-08),2026-10-08,SUNSCREEN (ZINC OXIDE SUNSCREEN) STICK [PRIVATE LABEL SELECT LTD CO],https://dailymed.nlm.nih.gov/dailymed/drugInfo.cfm?setid=4f1da47d-8adb-00c0-e054-00144ff88e88
4fa7a2c1-8e56-3ff9-e054-00144ff8d46c,exclude,reviewed,"front-panel image checked: front: 'thinksport body & face sunscreen SPF30' / 'Face & Body Stick mineral sunscreen'; 'children' only in Drug Facts (OCR flag, verified on the image 2026-10-09)",2026-10-09,SUNSCREEN (ZINC OXIDE SUNSCREEN) STICK [PRIVATE LABEL SELECT LTD CO],https://dailymed.nlm.nih.gov/dailymed/drugInfo.cfm?setid=4fa7a2c1-8e56-3ff9-e054-00144ff8d46c
4fa7bffa-2585-5212-e054-00144ff88e88,include,reviewed,brand on pack: Thinkkids (package images 'Think kids carton/label'; confirmed by owner 2026-10-08),2026-10-08,SUNSCREEN (ZINC OXIDE SUNSCREEN) STICK [PRIVATE LABEL SELECT LTD CO],https://dailymed.nlm.nih.gov/dailymed/drugInfo.cfm?setid=4fa7bffa-2585-5212-e054-00144ff88e88
b7a000e4-2008-949b-e053-2995a90aed92,include,reviewed,"front-panel image: Front: 'baby sun stick lavender chamomile spf 30' (OCR flag, verified on the image 2026-10-09)",2026-10-09,SUNSCREEN (ZINC OXIDE SUNSCREEN) STICK [PRIVATE LABEL SELECT LTD CO],https://dailymed.nlm.nih.gov/dailymed/drugInfo.cfm?setid=b7a000e4-2008-949b-e053-2995a90aed92
0c285349-62e0-40a4-93c8-11abb65e6f4d,include,auto,baby/kids word in product name,2026-10-08,SUNSCREEN BABY SPF30 PLUS BROAD SPECTRUM (ZINC OXIDE ) LOTION,https://dailymed.nlm.nih.gov/dailymed/drugInfo.cfm?setid=0c285349-62e0-40a4-93c8-11abb65e6f4d
64766ed9-bd47-498d-bf59-fb30a7bf7e89,include,auto,baby/kids word in product name,2026-10-08,"SUNSCREEN FOR BABIES SPF 50 (AVOBENZONE, HOMOSALATE, OCTISALATE) LOTION",https://dailymed.nlm.nih.gov/dailymed/drugInfo.cfm?setid=64766ed9-bd47-498d-bf59-fb30a7bf7e89
a4b9d7c0-dc09-4f0e-8b65-90ba180552bf,include,auto,baby/kids word in product name,2026-10-08,"SUNSCREEN FOR BABIES SPF 50 (AVOBENZONE, HOMOSALATE, OCTISALATE) LOTION",https://dailymed.nlm.nih.gov/dailymed/drugInfo.cfm?setid=a4b9d7c0-dc09-4f0e-8b65-90ba180552bf
1cb7fbca-0874-ae53-e063-6294a90ab42a,include,auto,baby/kids word in product name,2026-10-08,"SUNSCREEN FOR BABY SPF50PLUS (OCTOCRYLENE,ETHYLHEXYL METHOXYCINNAMATE,TITANIUM DIOXIDE,ETHYLHEXYL SALICYLATE) LOTION",https://dailymed.nlm.nih.gov/dailymed/drugInfo.cfm?setid=1cb7fbca-0874-ae53-e063-6294a90ab42a
d7215a32-00a9-4b70-8597-8ea91f546c1e,include,auto,baby/kids word in product name,2026-10-08,"SUNSCREEN FOR KIDS SPF 50 (AVEBONZONE, HOMOSALATE, OCTISALATE) SPRAY",https://dailymed.nlm.nih.gov/dailymed/drugInfo.cfm?setid=d7215a32-00a9-4b70-8597-8ea91f546c1e
1c7cd904-ffff-48aa-91bd-cc978946b36a,include,auto,baby/kids word in product name,2026-10-08,"SUNSCREEN FOR KIDS SPF 50 (AVOBENZONE, HOMOSALATE, OCTISALATE) SPRAY",https://dailymed.nlm.nih.gov/dailymed/drugInfo.cfm?setid=1c7cd904-ffff-48aa-91bd-cc978946b36a
6a455f1a-4285-44c3-820a-85a50d1bbc5b,include,auto,baby/kids word in product name,2026-10-08,"SUNSCREEN FOR KIDS SPF 50 (AVOBENZONE, HOMOSALATE, OCTISALATE) SPRAY",https://dailymed.nlm.nih.gov/dailymed/drugInfo.cfm?setid=6a455f1a-4285-44c3-820a-85a50d1bbc5b
cfc3b202-6511-450a-b3c1-2d8e8ebc070d,include,auto,baby/kids word in product name,2026-10-08,"SUNSCREEN FOR KIDS SPF 50 (AVOBENZONE, HOMOSALATE, OCTISALATE) SPRAY",https://dailymed.nlm.nih.gov/dailymed/drugInfo.cfm?setid=cfc3b202-6511-450a-b3c1-2d8e8ebc070d
6e65bbab-954a-30ee-e053-2a91aa0a18ac,include,reviewed,"front-panel image: Front panel brand/product line 'HAMILTON BABIES SANTA MONICA ... SPF 30 SUNSCREEN' (giraffe 'Lively Levi') (OCR flag, verified on the image 2026-10-09)",2026-10-09,SUNSCREEN SPF 30 (ZINC OXIDE) CREAM [HAMILTON THERAPEUTICS],https://dailymed.nlm.nih.gov/dailymed/drugInfo.cfm?setid=6e65bbab-954a-30ee-e053-2a91aa0a18ac
3312d786-1a83-4bba-8b57-077df75293fd,exclude,reviewed,suitability claim only ('for children and adults'),2026-10-08,SUNSCREEN SPF 30 (ZINC OXIDE) LOTION [ERBAVIVA INC.],https://dailymed.nlm.nih.gov/dailymed/drugInfo.cfm?setid=3312d786-1a83-4bba-8b57-077df75293fd
d0d494f0-da15-482b-ac7d-2626764c06ef,exclude,reviewed,suitability claim only ('for children and adults'),2026-10-08,SUNSCREEN SPF 30 (ZINC OXIDE) LOTION [ERBAVIVA INC.],https://dailymed.nlm.nih.gov/dailymed/drugInfo.cfm?setid=d0d494f0-da15-482b-ac7d-2626764c06ef
7462a04f-12cf-4c65-a1c7-03b9d1af9d05,exclude,reviewed,"front-panel image checked: 'children' only in Drug Facts (OCR flag, verified on the image 2026-10-09)",2026-10-09,SUNSCREEN SPF 50 (AVOBENZONE 3% HOMOSALATE 13% OCTISALATE 5% OCTOCRYLENE 7% OXYBENZONE 4%) LOTION [TOP CARE],https://dailymed.nlm.nih.gov/dailymed/drugInfo.cfm?setid=7462a04f-12cf-4c65-a1c7-03b9d1af9d05
9819e603-8a87-408a-839d-e325493590aa,exclude,reviewed,no baby/kids word on product; brand not baby-only,2026-10-08,"SUNSCREEN SPF50 (AVOBENZONE , HOMOSALATE , OCTISALATE , OXYBENZONE , OCTOCRYLENE) LOTION",https://dailymed.nlm.nih.gov/dailymed/drugInfo.cfm?setid=9819e603-8a87-408a-839d-e325493590aa
460ead6c-dd44-e320-e063-6294a90a2b64,include,reviewed,"front-panel image: front panel large 'KIDS Sunscreen Spray SPF 100' and 'Uber mild for kids' (OCR flag, verified on the image 2026-10-09)",2026-10-09,"SUNSCREEN SPRAY150ML (ZINC OXIDE 15%, TITANIUM DIOXIDE 6%, HOMOSALATE 5%, OCTISALATE 4%) LIQUID [FOSHAN SUGAR MAX COSMETICS CO.,LTD]",https://dailymed.nlm.nih.gov/dailymed/drugInfo.cfm?setid=460ead6c-dd44-e320-e063-6294a90a2b64
c649a9be-5e7a-4436-aea1-017e36b07d08,exclude,reviewed,"front-panel image checked: 'children under 6 months' only in Drug Facts (OCR flag, verified on the image 2026-10-09)",2026-10-09,"SUNSCREEN WIPE KGP (HOMOSALATE OCTINOXATE OCTISALATE OXYBENZONE ) CLOTH [KGP PRODUCTS, INC. (DBA PREMIER)]",https://dailymed.nlm.nih.gov/dailymed/drugInfo.cfm?setid=c649a9be-5e7a-4436-aea1-017e36b07d08
2b86fb9f-3eac-533b-e054-00144ff8d46c,include,auto,baby/kids word in product name,2026-10-08,"SUNTONE KIDS BROAD SPECTRUM SPF 50 SUNSCREEN (AVOBENZONE, HOMOSALATE, OCTISALATE, OCTOCRYLENE, AND OXYBENZONE) LOTION",https://dailymed.nlm.nih.gov/dailymed/drugInfo.cfm?setid=2b86fb9f-3eac-533b-e054-00144ff8d46c
d954b873-decf-47cf-b600-4dadb4e2ba1d,include,auto,baby/kids word in product name,2026-10-08,SUNZONE BABY SUNSCREEN SPF-60 BROAD SPECTRUM (AVOBENZONE AND OCTINOXATE) LOTION,https://dailymed.nlm.nih.gov/dailymed/drugInfo.cfm?setid=d954b873-decf-47cf-b600-4dadb4e2ba1d
b0de2a9b-7854-4caf-b7ff-632c1d4a382e,exclude,auto,not a sunscreen (classifier product type: skin_protectant),2026-10-08,SUPER SENSITIVE DIAPER RASH (ZINC OXIDE) CREAM [ORGANIC & SUSTAINABLE BEAUTY],https://dailymed.nlm.nih.gov/dailymed/drugInfo.cfm?setid=b0de2a9b-7854-4caf-b7ff-632c1d4a382e
f5cb3794-1f8e-4440-a002-f242b4e09413,exclude,auto,not a sunscreen (classifier product type: skin_protectant),2026-10-08,SUPER SENSITIVE DIAPER RASH (ZINC OXIDE) CREAM [ORGANIC & SUSTAINABLE BEAUTY],https://dailymed.nlm.nih.gov/dailymed/drugInfo.cfm?setid=f5cb3794-1f8e-4440-a002-f242b4e09413
861dd490-aba5-eb84-e053-2a91aa0ac5ec,exclude,reviewed,marketing phrase ('who said tricks are for kids?'),2026-10-08,"SUPERNATURAL PORELESS TINT SPF 15 (OCTISALATE, TITANIUM DIOXIDE) CREAM [PHILOSOPHY INC.]",https://dailymed.nlm.nih.gov/dailymed/drugInfo.cfm?setid=861dd490-aba5-eb84-e053-2a91aa0ac5ec
4ed0afe1-c893-453e-b4d5-f32561360ec1,exclude,auto,not a sunscreen (classifier product type: skin_protectant),2026-10-08,SWEET CHEEKS DIAPER (ZINC OXIDE) PASTE [TUBBY TODD],https://dailymed.nlm.nih.gov/dailymed/drugInfo.cfm?setid=4ed0afe1-c893-453e-b4d5-f32561360ec1
29f4aa3c-d10e-52a5-e063-6294a90acc4b,exclude,auto,not a sunscreen (classifier product type: skin_protectant),2026-10-08,SWEET CHEEKS DIAPER SPRAYER (ZINC OXIDE DIAPER PASTE SPRAY) SPRAY [TUBBY TODD],https://dailymed.nlm.nih.gov/dailymed/drugInfo.cfm?setid=29f4aa3c-d10e-52a5-e063-6294a90acc4b
b82b6d0d-616d-f041-e053-2995a90ae6a3,include,auto,baby/kids word in product name,2026-10-08,"TARGET UP AND UP KIDS SPF 50 (AVOBENZONE, HOMOSALATE, OCTISALATE, OCTOCRYLENE) SPRAY",https://dailymed.nlm.nih.gov/dailymed/drugInfo.cfm?setid=b82b6d0d-616d-f041-e053-2995a90ae6a3
22f7c376-7289-04bf-e063-6394a90a1459,include,reviewed,"front-panel image: front panel: 'up&up SPF 50 Baby Mineral Zinc Oxide Sunscreen Stick' (82086EF/82086K); 82943EF is non-baby Mineral Zinc Oxide stick (OCR flag, verified on the image 2026-10-09)",2026-10-09,TARGET UP AND UP SPF 50 MINERAL ZINC OXIDE SUNSCREEN STICK (ZINC OXIDE) STICK [TARGET CORPORATION],https://dailymed.nlm.nih.gov/dailymed/drugInfo.cfm?setid=22f7c376-7289-04bf-e063-6394a90a1459
cfd6dd4c-21f6-7cef-e053-2a95a90a50e2,include,reviewed,"front-panel image: Multi-variant listing; 82409K2/82456E1/82918EF/82918K/82919K fronts: 'kids' sunscreen stick broad spectrum SPF 55' (others are 'sport sunscreen stick') (OCR flag, verified on the image 2026-10-09)",2026-10-09,"TARGET UP AND UP SPF55 SUNSCREEN REEF-CONSCIOUS FORMULA (AVOBENZONE, HOMOSALATE, OCTISALATE, OCTOCRYLENE) STICK [TARGET CORPORATION]",https://dailymed.nlm.nih.gov/dailymed/drugInfo.cfm?setid=cfd6dd4c-21f6-7cef-e053-2a95a90a50e2
23a51d1b-6930-45b2-af24-51c44cc2b169,exclude,auto,not a sunscreen (classifier product type: skin_protectant),2026-10-05,"TENDER MOMENTS BABY BOTTOM BALM (ZINC OXIDE, DIMETHICONE) CREAM [JAFRA COSMETICS INTERNATIONAL]",https://dailymed.nlm.nih.gov/dailymed/drugInfo.cfm?setid=23a51d1b-6930-45b2-af24-51c44cc2b169
d6765958-7b61-4393-95e8-db8212bad93d,include,auto,baby/kids word in product name,2026-10-08,"TENDER MOMENTS BABY SUNSCREEN BROAD SPECTRUM SPF 50 JAFRA (AVOBENZONE, HOMOSALATE, OCTISALATE, OCTOCRYLENE, OXYBENZONE) LIQUID",https://dailymed.nlm.nih.gov/dailymed/drugInfo.cfm?setid=d6765958-7b61-4393-95e8-db8212bad93d
c3bacceb-63a8-098c-e053-2995a90acd64,include,auto,baby/kids word in product name,2026-10-08,"TENDER MOMENTS BABY SUNSCREEN BROAD SPECTRUM SPF 50 WATER RESISTANT (40 MINUTES) (AVOBENZONE, HOMOSALATE, OCTISALATE, OCTOCRYLENE) CREAM",https://dailymed.nlm.nih.gov/dailymed/drugInfo.cfm?setid=c3bacceb-63a8-098c-e053-2995a90acd64
f09ba452-e1a6-4f45-901f-bb63d4f8e884,exclude,auto,not a sunscreen (classifier product type: skin_protectant),2026-10-08,"TENDER MOMENTS DELICATE BABY DIAPER RASH BALM (DIMETHICONE,ZINC OXIDE) CREAM [DISTRIBUIDORA COMERCIAL JAFRA, S.A. DE C.V.]",https://dailymed.nlm.nih.gov/dailymed/drugInfo.cfm?setid=f09ba452-e1a6-4f45-901f-bb63d4f8e884
537296b2-3782-4081-98b2-483e8aaf8b6e,include,reviewed,front panel: Tender Moments Baby Block,2026-10-08,TENDER MOMENTS SPF 45 (HOMOSALATE OCTINOXATE OCTISALATE OXYBENZONE TITANIUM DIOXIDE OCTOCRYLENE) LOTION [JAFRA COSMETICS INTERNATIONAL],https://dailymed.nlm.nih.gov/dailymed/drugInfo.cfm?setid=537296b2-3782-4081-98b2-483e8aaf8b6e
639da78b-4191-926b-e053-2a91aa0ab8bd,include,auto,baby/kids word in product name,2026-10-08,THE GREEN BEAVER COMPANY SPF 40 KIDS SUNSCREEN (SUNSCREEN LOTION) LOTION,https://dailymed.nlm.nih.gov/dailymed/drugInfo.cfm?setid=639da78b-4191-926b-e053-2a91aa0ab8bd
d4c7731e-c2bc-5a69-e053-2995a90ab23a,include,auto,baby/kids word in product name,2026-10-08,THINK BABY SPF 30 (SUNSCREEN) STICK,https://dailymed.nlm.nih.gov/dailymed/drugInfo.cfm?setid=d4c7731e-c2bc-5a69-e053-2995a90ab23a
25c59820-a08d-4abe-87ae-a787ac8b2ac2,include,auto,baby/kids word in product name,2026-10-08,"THINK KIDS MINERAL SPF 50 (ZINC OXIDE AND TITANIUM DIOXIDE) AEROSOL, SPRAY",https://dailymed.nlm.nih.gov/dailymed/drugInfo.cfm?setid=25c59820-a08d-4abe-87ae-a787ac8b2ac2
d4c83a31-eabd-5178-e053-2995a90a7b55,include,auto,baby/kids word in product name,2026-10-08,THINK SPORT FOR KIDS (SUNSCREEN) STICK,https://dailymed.nlm.nih.gov/dailymed/drugInfo.cfm?setid=d4c83a31-eabd-5178-e053-2995a90a7b55
820317d2-1803-4949-bddf-09521a5d1750,include,auto,baby/kids word in product name,2026-10-08,THINKBABY BABY SUNSCREEN SPF 50 (ZINC OXIDE) LOTION,https://dailymed.nlm.nih.gov/dailymed/drugInfo.cfm?setid=820317d2-1803-4949-bddf-09521a5d1750
7cd9c971-5556-42dc-af7b-3a88221b8c94,include,auto,baby/kids word in product name,2026-10-08,THINKBABY CLEAR ZINC SPF 30 (ZINC OXIDE) LOTION,https://dailymed.nlm.nih.gov/dailymed/drugInfo.cfm?setid=7cd9c971-5556-42dc-af7b-3a88221b8c94
e7043223-75ac-4c56-9549-781de3202dc5,exclude,auto,not a sunscreen (classifier product type: skin_protectant),2026-10-05,"THINKBABY DIAPER RASH (ZINC OXIDE) CREAM [THINKOPERATIONS,LLC]",https://dailymed.nlm.nih.gov/dailymed/drugInfo.cfm?setid=e7043223-75ac-4c56-9549-781de3202dc5
06862b00-c937-41af-ab5d-cea34160d035,include,auto,baby/kids word in product name,2026-10-08,THINKBABY SPF 30 (ZINC OXIDE) STICK,https://dailymed.nlm.nih.gov/dailymed/drugInfo.cfm?setid=06862b00-c937-41af-ab5d-cea34160d035
f2788a1a-daf6-4b7d-8333-585a380ebe57,include,auto,baby/kids word in product name,2026-10-08,THINKBABY SPF 50 (ZINC OXIDE) LOTION,https://dailymed.nlm.nih.gov/dailymed/drugInfo.cfm?setid=f2788a1a-daf6-4b7d-8333-585a380ebe57
86249f33-e635-4455-a039-3a25aa3478df,include,auto,baby/kids word in product name,2026-10-08,THINKBABY SUNSCREEN SPF 30 (ZINC OXIDE) STICK,https://dailymed.nlm.nih.gov/dailymed/drugInfo.cfm?setid=86249f33-e635-4455-a039-3a25aa3478df
c03315df-e881-463e-b10f-e521607c1f4c,include,auto,baby/kids word in product name,2026-10-08,THINKKIDS PLAY READY MINERAL ROLL-ON SPF 45 (ZINC OXIDE) LOTION,https://dailymed.nlm.nih.gov/dailymed/drugInfo.cfm?setid=c03315df-e881-463e-b10f-e521607c1f4c
09f9d9bb-c08b-401c-bbf1-640f1c8ec678,include,auto,baby/kids word in product name,2026-10-08,THINKKIDS SPF 50 (ZINC OXIDE) LOTION,https://dailymed.nlm.nih.gov/dailymed/drugInfo.cfm?setid=09f9d9bb-c08b-401c-bbf1-640f1c8ec678
e6d7512f-438b-4365-b585-eba805866a63,include,auto,baby/kids word in product name,2026-10-08,THINKSPORT KIDS SUNSCREEN SPF 30 (ZINC OXIDE) STICK,https://dailymed.nlm.nih.gov/dailymed/drugInfo.cfm?setid=e6d7512f-438b-4365-b585-eba805866a63
8b5a147d-4126-4fc5-a73b-fd5a19ccfd3d,include,auto,baby/kids word in product name,2026-10-08,THINKSPORT KIDS SUNSCREEN SPF 50 (ZINC OXIDE) LOTION,https://dailymed.nlm.nih.gov/dailymed/drugInfo.cfm?setid=8b5a147d-4126-4fc5-a73b-fd5a19ccfd3d
f2aa0e03-e8b6-42d0-8fa0-2e96ca486b5c,include,auto,"auto-rule v1: baby/kids word in product name, sunscreen, not a kit",2026-10-08,TIGER BABY BABY SUNSCREEN SPF-50 (ZINC OXIDE) CREAM [BRICKELL BRANDS LLC],https://dailymed.nlm.nih.gov/dailymed/drugInfo.cfm?setid=f2aa0e03-e8b6-42d0-8fa0-2e96ca486b5c
66624df4-cb6c-4cfb-bbbe-9f885f2ad778,exclude,reviewed,"front-panel image checked: Side panel 'Pediatrician Tested - Gentle for Children' (suitability claim); Drug Facts mentions (OCR flag, verified on the image 2026-10-09)",2026-10-09,"TIMESAVVY HYBRID SHEER SUN SERUM BROAD SPECTRUM SPF 50 (HOMOSALATE, OCTISALATE, OCTOCRYLENE, ZINC OXIDE) LOTION [PROBETTER USA INC.]",https://dailymed.nlm.nih.gov/dailymed/drugInfo.cfm?setid=66624df4-cb6c-4cfb-bbbe-9f885f2ad778
36d69eb5-59b4-14a0-e063-6394a90a0a49,exclude,reviewed,"front-panel image checked: 'BABYFACE' adult brand; front 'Tinted Mineral Sunscreen SPF 40' (OCR flag, verified on the image 2026-10-09)",2026-10-09,"TINTED MINERAL SUNSCREEN (ZINC OXIDE, TITANIUM DIOXIDE) CREAM [BABYFACE LLC]",https://dailymed.nlm.nih.gov/dailymed/drugInfo.cfm?setid=36d69eb5-59b4-14a0-e063-6394a90a0a49
2aa44439-663a-400b-b432-e2dc5ac2a3d1,exclude,reviewed,adult line of the brand; no baby/kids word on product,2026-10-08,TINTED MINERAL SUNSCREEN BROAD SPECTRUM SPF 25 (ZINC OXIDE) LOTION,https://dailymed.nlm.nih.gov/dailymed/drugInfo.cfm?setid=2aa44439-663a-400b-b432-e2dc5ac2a3d1
afc88e77-a4a1-49ec-b021-bb468fd0ac68,exclude,reviewed,adult line of the brand; no baby/kids word on product,2026-10-08,TINTED MINERAL SUNSCREEN BROAD SPECTRUM SPF 40 (ZINC OXIDE) LOTION,https://dailymed.nlm.nih.gov/dailymed/drugInfo.cfm?setid=afc88e77-a4a1-49ec-b021-bb468fd0ac68
36d80422-943f-3aba-e063-6294a90afb59,exclude,reviewed,"front-panel image checked: 'BABYFACE Superior Quality Skin & Hair Care' is an adult brand name; 'children' only in Drug Facts 'Keep out of the reach of children' (OCR flag, verified on the image 2026-10-09)",2026-10-09,"TINTED MINERAL SUNSCREEN STICK (TITANIUM DIOXIDE, ZINC OXIDE) CREAM [BABYFACE LLC]",https://dailymed.nlm.nih.gov/dailymed/drugInfo.cfm?setid=36d80422-943f-3aba-e063-6294a90afb59
765259d8-6d45-4097-a34d-96b82a269653,exclude,reviewed,no baby/kids word on product; brand not baby-only,2026-10-08,TINY TILLIA (ZINC OXIDE) CREAM,https://dailymed.nlm.nih.gov/dailymed/drugInfo.cfm?setid=765259d8-6d45-4097-a34d-96b82a269653
4ec04105-e54f-a82e-e063-6394a90a6c5a,exclude,reviewed,"front-panel image checked: front: 'TIRTIR Hydro UV Shield Sunscreen SPF50+'; 'children' only in Drug Facts (OCR flag, verified on the image 2026-10-09)",2026-10-09,"TIRTIR HYDRO UV SHIELD SUNSCREEN SPF50 BROAD SPECTRUM (HOMOSALATE, AVOBENZONE, OCTISALATE, OCTOCRYLENE) LOTION [TIRTIR USA INC.]",https://dailymed.nlm.nih.gov/dailymed/drugInfo.cfm?setid=4ec04105-e54f-a82e-e063-6394a90a6c5a
71b73c2e-bdb8-4202-b491-42f2b7881e05,exclude,reviewed,"front-panel image checked: Only '[Keep out of reach of Children] Keep out of reach of babies and children' in label text (OCR flag, verified on the image 2026-10-09)",2026-10-09,"TONYMOLY KISS KISS LIP ESSENCE BALM (OCTINOXATE) CREAM [TONYMOLY CO., LTD.]",https://dailymed.nlm.nih.gov/dailymed/drugInfo.cfm?setid=71b73c2e-bdb8-4202-b491-42f2b7881e05
29f2e92d-ffde-1de1-e054-00144ff8d46c,include,reviewed,"front-panel image: front panel product name: 'TONYMOLY MY SUNNY KIDS & MOM SUN CREAM SPF35' (OCR flag, verified on the image 2026-10-09)",2026-10-09,"TONYMOLY MY SUNNY ALL IN ONE SUN SPF45 (ETHYLHEXYL METHOXYCINNAMATE) CREAM [TONYMOLY CO., LTD.]",https://dailymed.nlm.nih.gov/dailymed/drugInfo.cfm?setid=29f2e92d-ffde-1de1-e054-00144ff8d46c
29eea350-5159-206b-e054-00144ff88e88,include,reviewed,'Kids' in product name,2026-10-08,TONYMOLY MY SUNNY KIDS AND MOM SUN CREAM (ZINC OXIDE) CREAM,https://dailymed.nlm.nih.gov/dailymed/drugInfo.cfm?setid=29eea350-5159-206b-e054-00144ff88e88
883a368f-b56f-44d9-a625-62574ab95bf0,exclude,reviewed,"front-panel image checked: Only 'Keep out of reach of babies and children' in label text (OCR flag, verified on the image 2026-10-09)",2026-10-09,"TONYMOLY MY SUNNY PERFECTING SUN BLOCK (OCTINOXATE, TITANIUM DIOXIDE, OCTISALATE) CREAM [TONYMOLY CO., LTD.]",https://dailymed.nlm.nih.gov/dailymed/drugInfo.cfm?setid=883a368f-b56f-44d9-a625-62574ab95bf0
575fc3f1-b9f9-4430-a63d-4ba6fb4216db,exclude,reviewed,"front-panel image checked: front: 'Too Faced Air-Buffed BB Creme Complete Coverage Makeup SPF 20'; 'children' only in Drug Facts (OCR flag, verified on the image 2026-10-09)",2026-10-09,TOO FACED BB CREME COMPLETE COVERAGE MAKE-UP SPF-20 CREAM GLOW (TITANIUM DIOXIDE) CREAM [TOO FACED COSMETICS],https://dailymed.nlm.nih.gov/dailymed/drugInfo.cfm?setid=575fc3f1-b9f9-4430-a63d-4ba6fb4216db
c8c12a5a-59f5-6515-e053-2995a90a58f7,include,reviewed,"front-panel image: Variant TOP45619D1 front: 'ACTIVE KIDS CONTINUOUS SPRAY' SPF 50; other variants are Sport (OCR flag, verified on the image 2026-10-09)",2026-10-09,"TOPCARE EVERYDAY CONTINUOUS BROAD SPECTRUM SPF 50 (AVOBENZONE, HOMOSALATE, OCTISALATE, OCTOCRYLENE) SPRAY [TOPCO ASSOCIATES LLC]",https://dailymed.nlm.nih.gov/dailymed/drugInfo.cfm?setid=c8c12a5a-59f5-6515-e053-2995a90a58f7
dbee42c8-9cae-7a81-e053-2a95a90a2329,include,auto,"auto-rule v1: baby/kids word in product name, sunscreen, not a kit",2026-10-08,TOPCARE EVERYDAY KIDS MINERAL SUNSCREEN (ZINC OXIDE) LOTION [TOPCO ASSOCIATES LLC],https://dailymed.nlm.nih.gov/dailymed/drugInfo.cfm?setid=dbee42c8-9cae-7a81-e053-2a95a90a2329
f71c9060-3daf-e1be-e053-6294a90a4f91,include,auto,baby/kids word in product name,2026-10-08,"TOPCO TOPCARE EVERYDAY BABY PROTECTION SUN SPF 50 (OCTISALATE, ZINC OXIDE) LOTION",https://dailymed.nlm.nih.gov/dailymed/drugInfo.cfm?setid=f71c9060-3daf-e1be-e053-6294a90a4f91
2cd22172-78cb-32f3-e063-6394a90a395d,exclude,reviewed,"front-panel image checked: front: 'ever eden SPF 30 tri-water sheer mineral sunscreen cushion'; 'suitable for the entire family' and 'Pediatrician created' are claims (OCR flag, verified on the image 2026-10-09)",2026-10-09,TRI-WATER SHEER MINERAL SUNSCREEN CUSHION SPF30 (ZINC OXIDE) SPONGE [EDEN BRANDS INC.],https://dailymed.nlm.nih.gov/dailymed/drugInfo.cfm?setid=2cd22172-78cb-32f3-e063-6394a90a395d
e554046b-cd0a-4a6e-8f24-2e610c697432,exclude,auto,not a sunscreen (classifier product type: skin_protectant),2026-10-08,"TRIPLE 3X MAX DIAPER RASH (ZINC OXIDE) OINTMENT [ADVANTICE HEALTH, LLC]",https://dailymed.nlm.nih.gov/dailymed/drugInfo.cfm?setid=e554046b-cd0a-4a6e-8f24-2e610c697432
d457c58d-8239-41c4-999e-d0ba237e3945,exclude,auto,not a sunscreen (classifier product type: skin_protectant),2026-10-08,"TRIPLE DIAPER RASH (ZINC OXIDE) OINTMENT [ADVANTICE HEALTH, LLC]",https://dailymed.nlm.nih.gov/dailymed/drugInfo.cfm?setid=d457c58d-8239-41c4-999e-d0ba237e3945
ba98d6c9-89ca-4308-e053-2995a90a08e4,include,reviewed,front panel: Tropic Sun Kids,2026-10-08,"TROPIC SUN SPF 50 (AVOBENZONE, HOMOSALATE, OCTISALATE, OCTOCRYLENE) LOTION [PRIME ENTERPRISES, INC.]",https://dailymed.nlm.nih.gov/dailymed/drugInfo.cfm?setid=ba98d6c9-89ca-4308-e053-2995a90a08e4
d15e1807-74ed-4427-b5d1-a990a6d75615,include,reviewed,'Baby' in product name,2026-10-08,"TRUE NATURAL BABY 30 AND FAMILY (ZINC OXIDE, TITANIUM DIOXIDE) LOTION",https://dailymed.nlm.nih.gov/dailymed/drugInfo.cfm?setid=d15e1807-74ed-4427-b5d1-a990a6d75615
efdfe5b6-dfd6-475f-a696-1559488d58c9,include,auto,baby/kids word in product name,2026-10-08,TRUE NATURAL BROAD SPECTRUM SPF 50 ALL NATURAL BABY AND SENSITIVE SKIN SUNSCREEN (ZINC OXIDE) LOTION,https://dailymed.nlm.nih.gov/dailymed/drugInfo.cfm?setid=efdfe5b6-dfd6-475f-a696-1559488d58c9
27eaa47f-755a-4410-be4f-755d334360cf,exclude,reviewed,suitability claim only ('safe for children and adults'),2026-10-08,"TRUE NATURAL BROAD SPECTRUM SPF 50 ALL NATURAL VANILLA-COCONUT SUNSCREEN (ZINC OXIDE) LOTION [TRUE NATURE GROUP, INC.]",https://dailymed.nlm.nih.gov/dailymed/drugInfo.cfm?setid=27eaa47f-755a-4410-be4f-755d334360cf
f3520ecc-a17f-4e86-9bba-036623582752,exclude,reviewed,suitability claim only ('safe for children and adults'),2026-10-08,"TRUE NATURAL BROAD SPECTRUM SPF 50 ALL NATURAL VANILLA-COCONUT SUNSCREEN (ZINC OXIDE) SPRAY [TRUE NATURE GROUP, INC.]",https://dailymed.nlm.nih.gov/dailymed/drugInfo.cfm?setid=f3520ecc-a17f-4e86-9bba-036623582752
38e6c6fc-d8b9-4196-96c7-0f6d5d06da02,include,auto,baby/kids word in product name,2026-10-08,TRULY SOLAR BABY SUNCREEN SPF 45 (HOMOSALATE 15% OCTISALATE 5% OCTOCRYLENE 10% AVOBENZONE 3%) OIL,https://dailymed.nlm.nih.gov/dailymed/drugInfo.cfm?setid=38e6c6fc-d8b9-4196-96c7-0f6d5d06da02
35be5dc0-861f-3738-e063-6394a90a23ca,include,reviewed,"front-panel image: Front panel: large 'KIDS' above 'ULTIMATE PHYSICAL SUNSCREEN' (OCR flag, verified on the image 2026-10-09)",2026-10-09,ULTIMATE PHYSICAL SUNSCREEN (ZINC OXIDE) CREAM [HALEM DERMATOLOGY PLLC],https://dailymed.nlm.nih.gov/dailymed/drugInfo.cfm?setid=35be5dc0-861f-3738-e063-6394a90a23ca
7d10e92a-1f9c-4ba9-8c56-7716eb53999b,include,auto,baby/kids word in product name,2026-10-08,"ULTRASOL KIDS (AVOBENZONE, OCTINOXATE, OCTISALATE, OCTOCRYLENE, OXYBENZONE) AEROSOL, FOAM",https://dailymed.nlm.nih.gov/dailymed/drugInfo.cfm?setid=7d10e92a-1f9c-4ba9-8c56-7716eb53999b
fd5caf43-11ec-4bb4-9f01-bef7471ce358,include,auto,baby/kids word in product name,2026-10-08,"ULTRASOL KIDS SUNSCREEN (AVOBENZONE, OCTINOXATE, OCTISALATE, OXYBENZONE) CREAM",https://dailymed.nlm.nih.gov/dailymed/drugInfo.cfm?setid=fd5caf43-11ec-4bb4-9f01-bef7471ce358
15739f81-d01f-4d3e-be5f-bbf04fffb1f9,include,auto,baby/kids word in product name,2026-10-08,"ULTRASOL NATURE BABY SUNSCREEN (AVOBENZONE, OCTINOXATE, OCTISALATE, OXYBENZONE) LOTION",https://dailymed.nlm.nih.gov/dailymed/drugInfo.cfm?setid=15739f81-d01f-4d3e-be5f-bbf04fffb1f9
723e8d14-f981-4aee-a3cf-62f0c97f5e12,include,auto,baby/kids word in product name,2026-10-08,"ULTRASOL NATURE BABY SUNSCREEN (TITANIUM DIOXIDE, ZINC OXIDE) CREAM",https://dailymed.nlm.nih.gov/dailymed/drugInfo.cfm?setid=723e8d14-f981-4aee-a3cf-62f0c97f5e12
bbe4eb9d-4672-46d1-b6e5-4b6d1d737ed9,include,auto,baby/kids word in product name,2026-10-08,"ULTRASOL NATURE BABY SUNSCREEN (TITANIUM DIOXIDE, ZINC OXIDE) LOTION",https://dailymed.nlm.nih.gov/dailymed/drugInfo.cfm?setid=bbe4eb9d-4672-46d1-b6e5-4b6d1d737ed9
b3515c77-a408-40d7-8254-fe3e6a3e4fac,include,reviewed,front panel: Ultrasol Kids,2026-10-08,"ULTRASOL SUNSCREEN (AVOBENZONE, HOMOSALATE, OCTINOXATE, OCTISALATE, OCTOCRYLENE, OXYBENZONE) AEROSOL, SPRAY [FISCHER PHARMACEUTICALS LTD]",https://dailymed.nlm.nih.gov/dailymed/drugInfo.cfm?setid=b3515c77-a408-40d7-8254-fe3e6a3e4fac
3c8ec6df-04b8-45a1-9f23-f36622305e06,include,auto,baby/kids word in product name,2026-10-08,"ULTRASOLSUNSCREEN KIDS CLEAR CONTINUOUS SPRAY (AVOBENZONE, HOMOSALATE, OCTINOXATE, OCTISALATE, OCTOCRYLENE, OXYBENZONE) AEROSOL, SPRAY",https://dailymed.nlm.nih.gov/dailymed/drugInfo.cfm?setid=3c8ec6df-04b8-45a1-9f23-f36622305e06
e040e9cc-623d-4651-b4a6-52dec903c02a,include,auto,baby/kids word in product name,2026-10-08,"ULTRASOLSUNSCREEN KIDS SUNSCREEN LOTION (AVOBENZONE, OCTINOXATE, OCTISALATE, OXYBENZONE) LOTION",https://dailymed.nlm.nih.gov/dailymed/drugInfo.cfm?setid=e040e9cc-623d-4651-b4a6-52dec903c02a
72cf5079-80f6-4c87-a0d8-bb17a518f8c4,include,auto,baby/kids word in product name,2026-10-08,"ULTRASOLSUNSCREEN KIDS SUNSCREEN LOTION CONTINUOUS SPRAY SPF 45 (AVOBENZONE, HOMOSALATE, OCTINOXATE, OCTISALATE, OCTOCRYLENE , OXYBENZONE) AEROSOL, SPRAY",https://dailymed.nlm.nih.gov/dailymed/drugInfo.cfm?setid=72cf5079-80f6-4c87-a0d8-bb17a518f8c4
441c6105-5c59-4022-85ae-f13d92fcc296,include,auto,baby/kids word in product name,2026-10-08,"ULTRASOLSUNSCREEN KIDS SUNSCREEN LOTION SPF 34 (AVOBENZONE, OCTINOXATE, OCTISALATE, OXYBENZONE ) LOTION",https://dailymed.nlm.nih.gov/dailymed/drugInfo.cfm?setid=441c6105-5c59-4022-85ae-f13d92fcc296
9a8a932e-c3dc-44ae-91e6-b9e3f5b21ee3,include,auto,baby/kids word in product name,2026-10-08,"ULTRASOLSUNSCREEN KIDS SUNSCREEN MOUSSE (AVOBENZONE, OCTINOXATE, OCTISALATE, OCTOCRYLENE, OXYBENZONE) AEROSOL, FOAM",https://dailymed.nlm.nih.gov/dailymed/drugInfo.cfm?setid=9a8a932e-c3dc-44ae-91e6-b9e3f5b21ee3
2986c76d-3346-487f-97c2-730a08ca8e3a,include,auto,baby/kids word in product name,2026-10-08,"ULTRASOLSUNSCREEN KIDS SUNSCREEN SPRAY LOTION SPF 30 (AVOBENZONE, OCTINOXATE, OCTISALATE, OCTOCRYLENE, OXYBENZONE) SPRAY",https://dailymed.nlm.nih.gov/dailymed/drugInfo.cfm?setid=2986c76d-3346-487f-97c2-730a08ca8e3a
70b65f42-f22c-42dc-94da-d174daf2016a,include,auto,baby/kids word in product name,2026-10-08,"ULTRASOLSUNSCREEN NATURE BABY SUNSCREEN FACE CREAM SPF 45 (AVOBENZONE, OCTINOXATE, OCTISALATE, OXYBENZONE) CREAM",https://dailymed.nlm.nih.gov/dailymed/drugInfo.cfm?setid=70b65f42-f22c-42dc-94da-d174daf2016a
a230a4b6-3edb-4391-939c-89bddacd9f0a,exclude,reviewed,adult brand (Drunk Elephant); no label images in DailyMed; no baby/kids word,2026-10-09,"UMBRA COCOA MINERAL CREAM SPF 30 (ZINC OXIDE) CREAM [DRUNK ELEPHANT, LLC]",https://dailymed.nlm.nih.gov/dailymed/drugInfo.cfm?setid=a230a4b6-3edb-4391-939c-89bddacd9f0a
808774b0-1b50-450b-8298-685568a161c7,exclude,reviewed,adult brand (Drunk Elephant); no label images in DailyMed; no baby/kids word,2026-10-09,"UMBRA SHEER MINERAL CREAM SPF 30 (ZINC OXIDE) CREAM [DRUNK ELEPHANT, LLC]",https://dailymed.nlm.nih.gov/dailymed/drugInfo.cfm?setid=808774b0-1b50-450b-8298-685568a161c7
6461d19a-16e7-43ac-943c-229fe2c6f76c,exclude,reviewed,adult brand (Drunk Elephant); no label images in DailyMed; no baby/kids word,2026-10-09,"UMBRA TINTE MINERAL CREAM SPF 30 (ZINC OXIDE) CREAM [DRUNK ELEPHANT, LLC]",https://dailymed.nlm.nih.gov/dailymed/drugInfo.cfm?setid=6461d19a-16e7-43ac-943c-229fe2c6f76c
26d2683f-cfd5-50fd-e063-6394a90a7576,exclude,reviewed,"front-panel image checked: front: 'EltaMD UV Skin Recovery Broad Spectrum SPF 50 Face Sunscreen'; 'children' only in Drug Facts (OCR flag, verified on the image 2026-10-09)",2026-10-09,"UV SKIN RECOVERY SPF 50 (ZINC OXIDE) LOTION [CP SKIN HEALTH GROUP, INC.]",https://dailymed.nlm.nih.gov/dailymed/drugInfo.cfm?setid=26d2683f-cfd5-50fd-e063-6394a90a7576
f6030311-5287-3aa3-e053-2995a90a1b87,exclude,auto,baby word is part of another phrase (classifier false-positive list),2026-10-05,"VACATION SPF 30 BABY OIL (AVOBENZONE, HOMOSALATE, OCTISALATE, OCTOCRYLENE) OIL [VACATION INC.]",https://dailymed.nlm.nih.gov/dailymed/drugInfo.cfm?setid=f6030311-5287-3aa3-e053-2995a90a1b87
8b3a3b17-67dd-7a13-e053-2995a90a099c,exclude,auto,not a sunscreen (classifier product type: skin_protectant),2026-10-05,VITABATH BABY SOOTHING RELIEF DIAPER RASH (ZINC OXIDE) CREAM [VITABATH INC.],https://dailymed.nlm.nih.gov/dailymed/drugInfo.cfm?setid=8b3a3b17-67dd-7a13-e053-2995a90a099c
39726b59-bd85-4541-80e5-4f2919842dca,exclude,auto,not a sunscreen (classifier product type: skin_protectant),2026-10-08,"VITACILINA BEBE DIAPER RASH (ALLANTOIN, ZINC OXIDE) OINTMENT [COMPANIA INTERNACIONAL DE COMERCIO, S.A.P.I DE C.V.]",https://dailymed.nlm.nih.gov/dailymed/drugInfo.cfm?setid=39726b59-bd85-4541-80e5-4f2919842dca
6701e929-700e-40a4-9117-81e36577bfe1,exclude,auto,not a sunscreen (classifier product type: skin_protectant),2026-10-08,VITACILINA BEBE DIAPER RASH (ZINC OXIDE) OINTMENT [TAISHO PHARMACEUTICAL CALIFORNIA INC.],https://dailymed.nlm.nih.gov/dailymed/drugInfo.cfm?setid=6701e929-700e-40a4-9117-81e36577bfe1
4ee0c93a-7f50-2bda-e063-6294a90abff4,include,reviewed,front panel: Sunscreen for baby and kids,2026-10-08,VIVAIODAYS SPF 30 SUNSCREEN WITH TURMERIC (SPF 30 SUNSCREEN WITH TURMERIC) LOTION [5SENCO INC],https://dailymed.nlm.nih.gov/dailymed/drugInfo.cfm?setid=4ee0c93a-7f50-2bda-e063-6294a90abff4
1fc52f3b-3a62-3fa5-e054-00144ff8d46c,include,auto,baby/kids word in product name,2026-10-08,"VMV HYPOALLERGENICS ARMADA BABY 50 (TITANIUM DIOXIDE, ZINC OXIDE) CREAM",https://dailymed.nlm.nih.gov/dailymed/drugInfo.cfm?setid=1fc52f3b-3a62-3fa5-e054-00144ff8d46c
b026bc7d-3a18-41e8-88c4-1e063cd2f42c,exclude,auto,not a sunscreen (classifier product type: skin_protectant),2026-10-08,"VUSION (MICONAZOLE NITRATE, ZINC OXIDE, WHITE PETROLATUM) OINTMENT [MYLAN PHARMACEUTICALS INC.]",https://dailymed.nlm.nih.gov/dailymed/drugInfo.cfm?setid=b026bc7d-3a18-41e8-88c4-1e063cd2f42c
b44b452d-3630-4cb5-8ed1-1f8edac4690c,exclude,auto,not a sunscreen (classifier product type: skin_protectant),2026-10-08,"VUSION (MICONAZOLE NITRATE, ZINC OXIDE, WHITE PETROLATUM) OINTMENT [MYLAN PHARMACEUTICALS INC.]",https://dailymed.nlm.nih.gov/dailymed/drugInfo.cfm?setid=b44b452d-3630-4cb5-8ed1-1f8edac4690c
dbee6094-e105-6d14-e053-2995a90a1528,include,auto,"auto-rule v1: baby/kids word in product name, sunscreen, not a kit",2026-10-08,WALGREENS 50 BABY MINERAL SUNSCREEN (ZINC OXIDE) LOTION [WALGREEN COMPANY],https://dailymed.nlm.nih.gov/dailymed/drugInfo.cfm?setid=dbee6094-e105-6d14-e053-2995a90a1528
cd56a2d6-ec92-4670-975b-3da28037773c,include,auto,baby/kids word in product name,2026-10-08,WALGREENS BABY SPF50 (TITANIUM DIOXIDE AND ZINC OXIDE) LOTION,https://dailymed.nlm.nih.gov/dailymed/drugInfo.cfm?setid=cd56a2d6-ec92-4670-975b-3da28037773c
f01975b7-e2c9-452f-992c-2ad1ecd1febc,include,auto,baby/kids word in product name,2026-10-08,WALGREENS BABY SPF50 (TITANIUM DIOXIDE AND ZINC OXIDE) LOTION,https://dailymed.nlm.nih.gov/dailymed/drugInfo.cfm?setid=f01975b7-e2c9-452f-992c-2ad1ecd1febc
0d40f67e-78e9-4c4c-a8ca-464315c41af5,include,auto,baby/kids word in product name,2026-10-08,"WALGREENS KIDS SPF 50 (AVOBENZONE, HOMOSALATE, OCTISALATE, OCTOCRYLENE, OXYBENZONE) LOTION",https://dailymed.nlm.nih.gov/dailymed/drugInfo.cfm?setid=0d40f67e-78e9-4c4c-a8ca-464315c41af5
5eb2152f-6fa2-4191-878a-207416e69818,exclude,auto,not a sunscreen (classifier product type: skin_protectant),2026-10-08,WALGREENS MAXIMUM DIAPER RASH (ZINC OXIDE) OINTMENT [WALGREENS COMPANY],https://dailymed.nlm.nih.gov/dailymed/drugInfo.cfm?setid=5eb2152f-6fa2-4191-878a-207416e69818
c8ae7f1a-d198-6609-e053-2a95a90ad462,exclude,reviewed,"front-panel image checked: Only 'children under 6 months of age: Ask a doctor' in Drug Facts; fronts '30 Hydrating Continuous Spray' (no Kids variant in this listing) (OCR flag, verified on the image 2026-10-09)",2026-10-09,"WALGREENS SPF 30 HYDRATING CONTINUOUS (AVOBENZONE, HOMOSALATE, OCTOCRYLENE,) AEROSOL, SPRAY [WALGREEN COMPANY]",https://dailymed.nlm.nih.gov/dailymed/drugInfo.cfm?setid=c8ae7f1a-d198-6609-e053-2a95a90ad462
a9ee1c60-6091-2229-e053-2995a90aa528,include,reviewed,"front-panel image: Multi-variant listing; W97950A1.jpg and W04415D.jpg fronts: 'Walgreens 50 Kids CONTINUOUS SPRAY' (other variants Hydrating/Sport) (OCR flag, verified on the image 2026-10-09)",2026-10-09,"WALGREENS SPORT SPF 50 SUNSCREEN (AVOBENZONE, HOMOSALATE, OCTISALATE, OCTOCRYLENE) AEROSOL, SPRAY [WALGREEN COMPANY]",https://dailymed.nlm.nih.gov/dailymed/drugInfo.cfm?setid=a9ee1c60-6091-2229-e053-2995a90aa528
8ef8c65a-902e-49eb-b81f-2b2dc0878d31,include,auto,baby/kids word in product name,2026-10-08,"WALGREENS SUN KIDS SPF50 (AVOBENZONE, HOMOSALATE, OCTISALATE, OCTOCRYLENE) LOTION",https://dailymed.nlm.nih.gov/dailymed/drugInfo.cfm?setid=8ef8c65a-902e-49eb-b81f-2b2dc0878d31
c75f3010-d399-492b-910e-6552ba75bc1b,include,auto,baby/kids word in product name,2026-10-08,"WALGREENS SUN KIDS SPF50 (AVOBENZONE, HOMOSALATE, OCTISALATE, OCTOCRYLENE) LOTION",https://dailymed.nlm.nih.gov/dailymed/drugInfo.cfm?setid=c75f3010-d399-492b-910e-6552ba75bc1b
5eddb97d-d65e-4203-8b14-d2b89511da50,include,auto,baby/kids word in product name,2026-10-08,"WALGREENS SUNSCREEN BABY SPF 50 (HOMOSALATE, OXYBENZONE, OCTISALATE, AVOBENZONE, OCTOCRYLENE) LOTION",https://dailymed.nlm.nih.gov/dailymed/drugInfo.cfm?setid=5eddb97d-d65e-4203-8b14-d2b89511da50
f3463f81-9a65-3796-e053-2995a90a4f80,include,auto,baby/kids word in product name,2026-10-08,"WEGMANS KIDS AND SPORT BROAD SPECTRUM SPF 50 SUNSCREEN (AVOBENZONE, HOMOSALATE, OCTISALATE, OCTOCRYLENE) LOTION",https://dailymed.nlm.nih.gov/dailymed/drugInfo.cfm?setid=f3463f81-9a65-3796-e053-2995a90a4f80
f57775c3-5e6c-f47a-e053-2a95a90ab012,include,auto,baby/kids word in product name,2026-10-08,"WEGMANS KIDS SUNSCREEN STICK SPF 50 (AVOBENZONE, HOMOSALATE, OCTISALATE, OCTOCRYLENE) STICK",https://dailymed.nlm.nih.gov/dailymed/drugInfo.cfm?setid=f57775c3-5e6c-f47a-e053-2a95a90ab012
f424da9c-5218-1d8d-e053-2a95a90a29fb,include,auto,baby/kids word in product name,2026-10-08,"WEGMANS SPORT AND KIDS CLEAR CONTINUOUS SUNSCREEN (AVOBENZONE, HOMOSALATE, OCTISALATE, OCTOCRYLENE) SPRAY",https://dailymed.nlm.nih.gov/dailymed/drugInfo.cfm?setid=f424da9c-5218-1d8d-e053-2a95a90a29fb
9af87cf6-367a-45a6-8080-944713bbd3d6,include,reviewed,'Baby' in product name,2026-10-08,"WESTERN FAMILY BABY BROAD SPECTRUM SUNSCREEN SPF 50 (AVOBENZONE,HOMOSALATE, OCTOCRYLENE, OCTISALATE, OXYBENZONE) LOTION",https://dailymed.nlm.nih.gov/dailymed/drugInfo.cfm?setid=9af87cf6-367a-45a6-8080-944713bbd3d6
1bc9f5e8-5e3e-43af-9e07-a8c757cd4d71,exclude,auto,not a sunscreen (classifier product type: skin_protectant),2026-10-08,"WHITE MALLOW DIAPER RASH CREAM (ZINC OXIDE) CREAM [WELEDA A.G. SCHW&AUML;BISCH GM&UUML;ND, ZWEIGNIEDERLASSUNG DER WELED]",https://dailymed.nlm.nih.gov/dailymed/drugInfo.cfm?setid=1bc9f5e8-5e3e-43af-9e07-a8c757cd4d71
62693e3b-2e38-4b23-962d-c1661706cfbb,exclude,auto,not a sunscreen (classifier product type: skin_protectant),2026-10-08,"WHITE MALLOW DIAPER RASH CREAM (ZINC OXIDE) CREAM [WELEDA, INC.]",https://dailymed.nlm.nih.gov/dailymed/drugInfo.cfm?setid=62693e3b-2e38-4b23-962d-c1661706cfbb
3275303d-a448-4fb4-bdce-6442823f8996,include,auto,"auto-rule v1: baby/kids word in product name, sunscreen, not a kit",2026-10-08,YAYA ORGANICS SPF-50 BABY KIDS MINERAL SUNSCREEN (ZINC OXIDE) CREAM [YAYA ORGANICS L.L.C.],https://dailymed.nlm.nih.gov/dailymed/drugInfo.cfm?setid=3275303d-a448-4fb4-bdce-6442823f8996
38744f77-4845-eac4-e063-6294a90af648,include,auto,baby/kids word in product name,2026-10-08,ZINC FIVE-0 BABY AND KIDS MINERAL SUNSCREEN SPF50 (ZINC OXIDE SUNSCREEN) CREAM,https://dailymed.nlm.nih.gov/dailymed/drugInfo.cfm?setid=38744f77-4845-eac4-e063-6294a90af648
b3199cf4-eb90-68c2-e053-2a95a90a8a29,include,auto,"auto-rule v1: baby/kids word in product name, sunscreen, not a kit",2026-10-08,ZINC FIVE-O ZINXATION BABY MINERAL SUNSCREEN SPF-50 (ZINC OXIDE) LOTION [ASTIVITA LIMITED],https://dailymed.nlm.nih.gov/dailymed/drugInfo.cfm?setid=b3199cf4-eb90-68c2-e053-2a95a90a8a29
b3190e6c-5eee-4ac8-e053-2a95a90afa29,include,auto,"auto-rule v1: baby/kids word in product name, sunscreen, not a kit",2026-10-08,ZINC FIVE-O ZINXATION KIDS SUNSCREEN SPF-50 (ZINC OXIDE) LOTION [ASTIVITA LIMITED],https://dailymed.nlm.nih.gov/dailymed/drugInfo.cfm?setid=b3190e6c-5eee-4ac8-e053-2a95a90afa29
cdd4166e-058a-4819-bc79-b877e4e4f2f7,exclude,reviewed,"owner policy 2026-10-08 (strict): baby brand, but no baby/kids word on this product's label",2026-10-08,ZINC OXIDE CREAM,https://dailymed.nlm.nih.gov/dailymed/drugInfo.cfm?setid=cdd4166e-058a-4819-bc79-b877e4e4f2f7
d56782c1-b23c-47a9-82cb-d7dbb0ac7aa3,exclude,auto,not a sunscreen (classifier product type: skin_protectant),2026-10-08,"ZINC OXIDE CREAM [ALDI, INC]",https://dailymed.nlm.nih.gov/dailymed/drugInfo.cfm?setid=d56782c1-b23c-47a9-82cb-d7dbb0ac7aa3
495fffd7-7b64-954a-e063-6394a90a81fd,exclude,auto,not a sunscreen (classifier product type: skin_protectant),2026-10-08,ZINC OXIDE OINTMENT [AMAZON.COM SERVICES LLC],https://dailymed.nlm.nih.gov/dailymed/drugInfo.cfm?setid=495fffd7-7b64-954a-e063-6394a90a81fd
5940399c-31e3-6d51-e063-6294a90a8e7c,exclude,auto,not a sunscreen (classifier product type: skin_protectant),2026-10-08,"ZINC OXIDE PASTE [ADUSA DISTRIBUTION, LLC]",https://dailymed.nlm.nih.gov/dailymed/drugInfo.cfm?setid=5940399c-31e3-6d51-e063-6294a90a8e7c
220f70e1-0802-4fe2-92d0-78dec557c993,exclude,auto,not a sunscreen (classifier product type: skin_protectant),2026-10-08,ZINC OXIDE PASTE [WALGREEN CO.],https://dailymed.nlm.nih.gov/dailymed/drugInfo.cfm?setid=220f70e1-0802-4fe2-92d0-78dec557c993
787419e7-30ce-40c1-b2b9-98e3ac17df59,exclude,reviewed,"owner policy 2026-10-08 (strict): baby brand, but no baby/kids word on this product's label",2026-10-08,ZINC OXIDE STICK ZINC OXIDE LOTION,https://dailymed.nlm.nih.gov/dailymed/drugInfo.cfm?setid=787419e7-30ce-40c1-b2b9-98e3ac17df59
3e66c234-a152-098e-e063-6394a90ab540,exclude,reviewed,"owner policy 2026-10-08 (strict): baby brand, but no baby/kids word on this product's label",2026-10-08,ZINC OXIDE TITANIUM OXIDE LOTION,https://dailymed.nlm.nih.gov/dailymed/drugInfo.cfm?setid=3e66c234-a152-098e-e063-6394a90ab540
3e89d30e-b6cd-fabe-e063-6294a90a30ff,exclude,reviewed,"owner policy 2026-10-08 (strict): baby brand, but no baby/kids word on this product's label",2026-10-08,ZINC OXIDE TITANIUM OXIDE LOTION,https://dailymed.nlm.nih.gov/dailymed/drugInfo.cfm?setid=3e89d30e-b6cd-fabe-e063-6294a90a30ff
4cbf9492-33cd-e6d4-e063-6294a90ab001,exclude,auto,not a sunscreen (classifier product type: skin_protectant),2026-10-08,"ZINC OXIDE, DIMETHICONE SPRAY [WALMART INC.]",https://dailymed.nlm.nih.gov/dailymed/drugInfo.cfm?setid=4cbf9492-33cd-e6d4-e063-6294a90ab001
5ae9d3a9-bef4-45fb-ac71-7ee0be72856c,exclude,reviewed,"baby wipes, not a sunscreen",2026-10-08,ZIVA BABY WIPES (ZINC OXIDE) CLOTH [ZIVA WETWIPES FZCO],https://dailymed.nlm.nih.gov/dailymed/drugInfo.cfm?setid=5ae9d3a9-bef4-45fb-ac71-7ee0be72856c
