decision,stage,reason,policy_dependent,title,labeler,product_type,baby_signal,mineral_type,mineral_only,uv_absorbers_in_inactives,spf,formulation_hash,setid,dailymed_url
pending_owner_policy,reviewed,baby brand; no baby/kids word on this product,yes,HELLO BELLO MINERAL SUNSCREEN SPF 50 (ZINC OXIDE TITANIUM OXIDE) LOTION,HELLO BELLO,sunscreen,brand_list_review,zinc_titanium,True,butyloctyl salicylate,50,56f77af437f61dd6,34bb8560-8223-e810-e063-6394a90ad45d,https://dailymed.nlm.nih.gov/dailymed/drugInfo.cfm?setid=34bb8560-8223-e810-e063-6394a90ad45d
pending_owner_policy,reviewed,baby brand; no baby/kids word on this product,yes,HELLO BELLO MINERAL SUNSCREEN SPF 50 (ZINC OXIDE) LOTION,"TOPIDERM, INC.",sunscreen,brand_list_review,zinc,True,butyloctyl salicylate,50,a7b825b49d5c7e8a,54f12764-5c37-4a05-bf96-209fedb93fd1,https://dailymed.nlm.nih.gov/dailymed/drugInfo.cfm?setid=54f12764-5c37-4a05-bf96-209fedb93fd1
pending_owner_policy,reviewed,baby brand; no baby/kids word on this product,yes,MINERAL SUNSCREEN SPF 50 (ZINC OXIDE) LOTION,HELLO BELLO,sunscreen,brand_list_review,zinc,True,butyloctyl salicylate,50,26779f4d76678173,01cc205b-a345-262a-e063-6394a90a955c,https://dailymed.nlm.nih.gov/dailymed/drugInfo.cfm?setid=01cc205b-a345-262a-e063-6394a90a955c
pending_owner_policy,reviewed,baby brand; no baby/kids word on this product,yes,MINERAL SUNSCREEN SPF30 (ZINC OXIDE) SPRAY,HELLO BELLO,sunscreen,brand_list_review,zinc,True,butyloctyl salicylate,30,be59fb4614d9a6e7,01cc4ea0-e3e0-32f1-e063-6394a90a1375,https://dailymed.nlm.nih.gov/dailymed/drugInfo.cfm?setid=01cc4ea0-e3e0-32f1-e063-6394a90a1375
pending_owner_policy,reviewed,baby brand; no baby/kids word on this product,yes,MUSTELA MINERAL SUNSCREEN BROAD SPECTRUM SPF 50 (ZINC OXIDE) LOTION,EXPANSCIENCE LABORATORIES D/B/A MUSTELA,sunscreen,brand_list_review,zinc,True,,50,6d1295c9fb297e1c,95ea5442-a7ca-0c7d-e053-2a95a90ad247,https://dailymed.nlm.nih.gov/dailymed/drugInfo.cfm?setid=95ea5442-a7ca-0c7d-e053-2a95a90ad247
pending_owner_policy,reviewed,baby brand; no baby/kids word on this product,yes,"MUSTELA MINERAL SUNSCREEN BROAD SPECTRUM SPF 50 (ZINC OXIDE, TITANIUM DIOXIDE) SPRAY",EXPANSCIENCE LABORATORIES D/B/A MUSTELA,sunscreen,brand_list_review,zinc_titanium,True,butyloctyl salicylate,50,10b110267005e424,beec926c-35a5-1901-e053-2a95a90ad043,https://dailymed.nlm.nih.gov/dailymed/drugInfo.cfm?setid=beec926c-35a5-1901-e053-2a95a90ad043
pending_owner_policy,reviewed,baby brand; no baby/kids word on this product,yes,MUSTELA MINERAL SUNSCREEN SPF 50 (ZINC OXIDE) STICK,EXPANSCIENCE LABORATORIES D/B/A MUSTELA,sunscreen,brand_list_review,zinc,True,,50,580b940951a24194,b850f68e-4f52-6902-e053-2995a90aaa91,https://dailymed.nlm.nih.gov/dailymed/drugInfo.cfm?setid=b850f68e-4f52-6902-e053-2995a90aaa91
pending_owner_policy,reviewed,baby brand; no baby/kids word on this product,yes,PIPETTE MINERAL SUNSCREEN BROAD SPECTRUM SPF 50 (ZINC OXIDE) LOTION,"AMYRIS, INC",sunscreen,brand_list_review,zinc,True,ethyl ferulate,50,ce9b776aeec1cb43,b08f641b-49a2-5a90-e053-2a95a90aa860,https://dailymed.nlm.nih.gov/dailymed/drugInfo.cfm?setid=b08f641b-49a2-5a90-e053-2a95a90aa860
pending_owner_policy,reviewed,baby brand; no baby/kids word on this product,yes,PIPETTE MINERAL SUNSCREEN BROAD SPECTRUM SPF 50 WATER RESISTANT 80 MINUTES (ZINC OXIDE) LOTION,PIPETTE LLC,sunscreen,brand_list_review,zinc,True,,50,cc7e3628ffd81aaa,3491a921-44c3-ced9-e063-6294a90ac12c,https://dailymed.nlm.nih.gov/dailymed/drugInfo.cfm?setid=3491a921-44c3-ced9-e063-6294a90ac12c
pending_owner_policy,reviewed,baby brand; no baby/kids word on this product,yes,"PIPETTE MINERAL SUNSCREEN SPF 50 (ZINC OXIDE	) AEROSOL, SPRAY",PIPETTE LLC,sunscreen,brand_list_review,zinc,True,,50,54c313ac44dbcf27,3a10657a-bc16-181d-e063-6294a90a485b,https://dailymed.nlm.nih.gov/dailymed/drugInfo.cfm?setid=3a10657a-bc16-181d-e063-6294a90a485b
pending_owner_policy,reviewed,baby brand; no baby/kids word on this product,yes,ZINC OXIDE CREAM,UNCONDITIONAL LOVE D/B/A HELLO BELLO,unresolved_zinc,brand_list_review,zinc,True,,,91588385a1bd01ad,cdd4166e-058a-4819-bc79-b877e4e4f2f7,https://dailymed.nlm.nih.gov/dailymed/drugInfo.cfm?setid=cdd4166e-058a-4819-bc79-b877e4e4f2f7
pending_owner_policy,reviewed,baby brand; no baby/kids word on this product,yes,ZINC OXIDE STICK ZINC OXIDE LOTION,HELLO BELLO,unresolved_zinc,brand_list_review,zinc,True,,,de8f351d06c0d9d1,787419e7-30ce-40c1-b2b9-98e3ac17df59,https://dailymed.nlm.nih.gov/dailymed/drugInfo.cfm?setid=787419e7-30ce-40c1-b2b9-98e3ac17df59
pending_owner_policy,reviewed,baby brand; no baby/kids word on this product,yes,ZINC OXIDE TITANIUM OXIDE LOTION,HELLO BELLO,unresolved_zinc,brand_list_review,zinc,True,butyloctyl salicylate,,a7c04667c30fccf0,3e66c234-a152-098e-e063-6394a90ab540,https://dailymed.nlm.nih.gov/dailymed/drugInfo.cfm?setid=3e66c234-a152-098e-e063-6394a90ab540
pending_owner_policy,reviewed,baby brand; no baby/kids word on this product,yes,ZINC OXIDE TITANIUM OXIDE LOTION,HELLO BELLO,unresolved_zinc,brand_list_review,zinc,True,butyloctyl salicylate,,a7c04667c30fccf0,3e89d30e-b6cd-fabe-e063-6294a90a30ff,https://dailymed.nlm.nih.gov/dailymed/drugInfo.cfm?setid=3e89d30e-b6cd-fabe-e063-6294a90a30ff
exclude,reviewed,'Baby Rose' is a shade name,no,ATTITUDE OCEANLY PHYTO-SUN LIP BALM SPF 30 BABY ROSE (ZINC OXIDE) STICK,9055-7588 QUEBEC INC. DBA ATTITUDE,lip_spf,product_name,zinc,True,,30,07e5d9f6a3c7a2ce,0e9d9419-a7e1-bc42-e063-6394a90af511,https://dailymed.nlm.nih.gov/dailymed/drugInfo.cfm?setid=0e9d9419-a7e1-bc42-e063-6394a90af511
exclude,reviewed,"diaper / specialty cream, not a sunscreen",no,BABY BUTZ (ZINC OXIDE) CREAM,OLEN SKIN CARE CORPORATION,unresolved_zinc,product_name,zinc,True,,,33b222f80de4484a,e6be6b62-13a4-410d-b8ac-457b58fd23da,https://dailymed.nlm.nih.gov/dailymed/drugInfo.cfm?setid=e6be6b62-13a4-410d-b8ac-457b58fd23da
exclude,reviewed,"diaper / specialty cream, not a sunscreen",no,BABY MAGIC MEDICATED PATTY CAKE (ZINC OXIDE) CREAM,NATERRA INTERNATIONAL INC.,unresolved_zinc,product_name,zinc,True,,,67b98e18cd3e6fd9,99889e83-2583-49fb-ab17-5ec331a5c728,https://dailymed.nlm.nih.gov/dailymed/drugInfo.cfm?setid=99889e83-2583-49fb-ab17-5ec331a5c728
exclude,reviewed,"diaper / specialty cream, not a sunscreen",no,BABY SPECIALTY CREAM (ZINC OXIDE 12%) CREAM,BIOLOGICAL HEALTH GROUP CORPORATION,unresolved_zinc,product_name,zinc,True,,,793bcd794742bb0d,1923d661-9395-655b-e054-00144ff8d46c,https://dailymed.nlm.nih.gov/dailymed/drugInfo.cfm?setid=1923d661-9395-655b-e054-00144ff8d46c
exclude,reviewed,"diaper / specialty cream, not a sunscreen",no,BABY SPECIALTY CREAM (ZINC OXIDE) CREAM,DESERVING HEALTH,unresolved_zinc,product_name,zinc,True,,,6eadc096d12da990,9f0b7197-1572-ed2d-e053-2a95a90a96fe,https://dailymed.nlm.nih.gov/dailymed/drugInfo.cfm?setid=9f0b7197-1572-ed2d-e053-2a95a90a96fe
exclude,reviewed,"gift set / kit, not a single sunscreen",no,BADGER ESSENTIAL BABY SET (ZINC OXIDE) KIT,"W.S. BADGER COMPANY, INC.",unresolved_zinc,product_name,zinc,True,,,298e45ca260b578d,527f206f-9361-1ade-e054-00144ff8d46c,https://dailymed.nlm.nih.gov/dailymed/drugInfo.cfm?setid=527f206f-9361-1ade-e054-00144ff8d46c
exclude,reviewed,adult line of the brand; no baby/kids word on product,no,"COTZ FACE (FOR LIGHTER SKIN TONES) SPF 40 SUNSCREEN (TITANIUM DIOXIDE, ZINC OXIDE) CREAM","FALLIEN COSMECEUTICALS, LTD.",sunscreen,brand_list_review,zinc_titanium,True,,40,7d4de7887f3ed999,79441f57-7394-4873-a7f5-e405cd6e77e2,https://dailymed.nlm.nih.gov/dailymed/drugInfo.cfm?setid=79441f57-7394-4873-a7f5-e405cd6e77e2
exclude,reviewed,adult line of the brand; no baby/kids word on product,no,"COTZ FACE (NATURAL SKIN TONE) SPF 40 SUNSCREEN (TITANIUM DIOXIDE, ZINC OXIDE) CREAM","FALLIEN COSMECEUTICALS, LTD.",sunscreen,brand_list_review,zinc_titanium,True,,40,cd88c8ee4e59d4b7,dd68eba8-8d90-487e-a659-327bc3b5bc1a,https://dailymed.nlm.nih.gov/dailymed/drugInfo.cfm?setid=dd68eba8-8d90-487e-a659-327bc3b5bc1a
exclude,reviewed,adult line of the brand; no baby/kids word on product,no,COTZ FACE MOISTURE (ZINC OXIDE) CREAM,FALLIEN COSMECEUTICALS LTD.,sunscreen,brand_list_review,zinc,True,,,9780fb26808322ec,509d9a74-bc8d-c9c1-e063-6394a90a403d,https://dailymed.nlm.nih.gov/dailymed/drugInfo.cfm?setid=509d9a74-bc8d-c9c1-e063-6394a90a403d
exclude,reviewed,adult line of the brand; no baby/kids word on product,no,COTZ FACE MOISTURE (ZINC OXIDE) CREAM,"FALLIEN COSMECEUTICALS, LTD",sunscreen,brand_list_review,zinc,True,,,2828837fb9715b9d,db682516-6c8f-4009-a9ec-e21dfc64ce15,https://dailymed.nlm.nih.gov/dailymed/drugInfo.cfm?setid=db682516-6c8f-4009-a9ec-e21dfc64ce15
exclude,reviewed,adult line of the brand; no baby/kids word on product,no,"COTZ FACE PRIME AND PROTECT SPF 40 (NON-TINTED) (TITANIUM DIOXIDE, ZINC OXIDE) CREAM","FALLIEN COSMECEUTICALS, LTD",sunscreen,brand_list_review,zinc_titanium,True,,40,7f761460d6b96122,f106f52b-2157-46c7-9f7c-50f43a649050,https://dailymed.nlm.nih.gov/dailymed/drugInfo.cfm?setid=f106f52b-2157-46c7-9f7c-50f43a649050
exclude,reviewed,adult line of the brand; no baby/kids word on product,no,"COTZ FACE PRIME AND PROTECT SPF 40 (TINTED) (TITANIUM DIOXIDE, ZINC OXIDE) CREAM","FALLIEN COSMECEUTICALS, LTD",sunscreen,brand_list_review,zinc_titanium,True,,40,97f97c69121db57a,1088fbf6-5790-490d-b272-ec281b4b76fa,https://dailymed.nlm.nih.gov/dailymed/drugInfo.cfm?setid=1088fbf6-5790-490d-b272-ec281b4b76fa
exclude,reviewed,adult line of the brand; no baby/kids word on product,no,COTZ FLAWLESS COMPLEXION (ZINC OXIDE) CREAM,"FALLIEN COSMECEUTICALS, LTD",sunscreen,brand_list_review,zinc,True,,,c6b93200eb93aaba,0973223b-e75f-4eb8-bcf1-7931b30b7b51,https://dailymed.nlm.nih.gov/dailymed/drugInfo.cfm?setid=0973223b-e75f-4eb8-bcf1-7931b30b7b51
exclude,reviewed,adult line of the brand; no baby/kids word on product,no,"COTZ LIP BALM (TITANIUM DIOXIDE, ZINC OXIDE) STICK","FALLIEN COSMECEUTICALS, LTD",lip_spf,brand_list_review,zinc_titanium,True,,,8af9427289370226,479a7d82-a068-4c2e-b50b-555c40e13e37,https://dailymed.nlm.nih.gov/dailymed/drugInfo.cfm?setid=479a7d82-a068-4c2e-b50b-555c40e13e37
exclude,reviewed,adult line of the brand; no baby/kids word on product,no,"COTZ LIP BALM LIP BALM/SUNSCREEN (TITANIUM DIOXIDE, ZINC OXIDE) LIPSTICK","FALLIEN COSMECEUTICALS, LTD.",color_cosmetic_spf,brand_list_review,zinc_titanium,True,,,150306694e10636c,a3345cf5-5e48-4052-b5c2-65633869de5a,https://dailymed.nlm.nih.gov/dailymed/drugInfo.cfm?setid=a3345cf5-5e48-4052-b5c2-65633869de5a
exclude,reviewed,adult line of the brand; no baby/kids word on product,no,"COTZ MINERAL SUNS STICK - TINTED SPF 45 (TITANIUM DIOXIDE, ZINC OXIDE) STICK","FALLIEN COSMECEUTICALS, LTD",sunscreen,brand_list_review,zinc_titanium,True,,45,ffb91a748b3405ac,44a6ff9b-8067-4f32-acb2-4ede54c79e6e,https://dailymed.nlm.nih.gov/dailymed/drugInfo.cfm?setid=44a6ff9b-8067-4f32-acb2-4ede54c79e6e
exclude,reviewed,adult line of the brand; no baby/kids word on product,no,"COTZ PLUS SPF 58 SUNSCREEN (TITANIUM DIOXIDE, ZINC OXIDE) CREAM","FALLIEN COSMECEUTICALS, LTD.",sunscreen,brand_list_review,zinc_titanium,True,,58,c1dba980a0552ca5,649dbe58-a0a1-494a-a1d7-9c6f3cd83bc6,https://dailymed.nlm.nih.gov/dailymed/drugInfo.cfm?setid=649dbe58-a0a1-494a-a1d7-9c6f3cd83bc6
exclude,reviewed,adult line of the brand; no baby/kids word on product,no,"COTZ PURE SPF 30 SUNSCREEN (TITANIUM DIOXIDE, ZINC OXIDE) CREAM","FALLIEN COSMECEUTICALS, LTD.",sunscreen,brand_list_review,zinc_titanium,True,,30,62400f3a9857d7ec,c114a1bc-60c1-49ad-a244-71d4b6d95d21,https://dailymed.nlm.nih.gov/dailymed/drugInfo.cfm?setid=c114a1bc-60c1-49ad-a244-71d4b6d95d21
exclude,reviewed,adult line of the brand; no baby/kids word on product,no,COTZ SENSITIVE SPF 40 SUNSCREEN (ZINC OXIDE) LOTION,"FALLIEN COSMECEUTICALS, LTD.",sunscreen,brand_list_review,zinc,True,,40,a70b6db05fad0564,885a674b-3457-4dfe-a801-529094b00499,https://dailymed.nlm.nih.gov/dailymed/drugInfo.cfm?setid=885a674b-3457-4dfe-a801-529094b00499
exclude,reviewed,adult line of the brand; no baby/kids word on product,no,"COTZ SILKY FOAM - TINTED (TITANIUM DIOXIDE, ZINC OXIDE) AEROSOL, FOAM","FALLIEN COSMECEUTICALS, LTD",sunscreen,brand_list_review,zinc_titanium,True,butyloctyl salicylate,,773de15aab5f7bdb,d63088d7-a1d7-4b56-a7d8-ad217011a8a8,https://dailymed.nlm.nih.gov/dailymed/drugInfo.cfm?setid=d63088d7-a1d7-4b56-a7d8-ad217011a8a8
exclude,reviewed,adult line of the brand; no baby/kids word on product,no,"COTZ SILKY FOAM NON-TINTED (TITANIUM DIOXIDE, ZINC OXIDE) AEROSOL, FOAM","FALLIEN COSMECEUTICALS, LTD",sunscreen,brand_list_review,zinc_titanium,True,butyloctyl salicylate,,bdc3028b40c7b6cc,9c04b76e-ae65-4183-b475-3b8e8764db59,https://dailymed.nlm.nih.gov/dailymed/drugInfo.cfm?setid=9c04b76e-ae65-4183-b475-3b8e8764db59
exclude,reviewed,adult line of the brand; no baby/kids word on product,no,COTZ SPF 35 (ZINC OXIDE) LOTION,"FALLIEN COSMECEUTICALS, LTD.",sunscreen,brand_list_review,zinc,True,,35,a0a0cbc95d3c259a,47d076f6-df6b-4b76-afb5-f8d56b577f93,https://dailymed.nlm.nih.gov/dailymed/drugInfo.cfm?setid=47d076f6-df6b-4b76-afb5-f8d56b577f93
exclude,reviewed,adult line of the brand; no baby/kids word on product,no,"COTZ SPF 58 (TITANIUM DIOXIDE, ZINC OXIDE) CREAM","FALLIEN COSMECEUTICALS, LTD.",sunscreen,brand_list_review,zinc_titanium,True,,58,df3cee31d725f125,5dcc7e98-e4e9-4c7f-9e0f-7aa812e7cf22,https://dailymed.nlm.nih.gov/dailymed/drugInfo.cfm?setid=5dcc7e98-e4e9-4c7f-9e0f-7aa812e7cf22
exclude,reviewed,"diaper / specialty cream, not a sunscreen",no,DESERVING HEALTH BABY SPECIALTY CREAM (ZINC OXIDE 1.25%) CREAM,DESERVING HEALTH INTERNATIONAL CORP,unresolved_zinc,product_name,zinc,True,,,793bcd794742bb0d,54dbdbc2-cdae-17cf-e054-00144ff8d46c,https://dailymed.nlm.nih.gov/dailymed/drugInfo.cfm?setid=54dbdbc2-cdae-17cf-e054-00144ff8d46c
exclude,reviewed,adult line of the brand; no baby/kids word on product,no,EARTH MAMA UBER-SENSITIVE MINERAL SUNSCREEN SPF 40 (ZINC OXIDE) LOTION,"EARTH MAMA ANGEL BABY, LLC",sunscreen,brand_name,zinc,True,,40,62af79fe5975e2ed,e9a88a57-5733-489d-a459-dd74c04daff2,https://dailymed.nlm.nih.gov/dailymed/drugInfo.cfm?setid=e9a88a57-5733-489d-a459-dd74c04daff2
exclude,reviewed,adult line of the brand; no baby/kids word on product,no,EVEREDEN COOLING MINERAL SUNSTICK SPF 30 (ZINC OXIDE) STICK,EDEN BRANDS INC.,sunscreen,brand_list_review,zinc,True,ethyl ferulate,30,23d87d555b68404c,4af9e668-0d88-74ad-e063-6394a90a5243,https://dailymed.nlm.nih.gov/dailymed/drugInfo.cfm?setid=4af9e668-0d88-74ad-e063-6394a90a5243
exclude,reviewed,adult line of the brand; no baby/kids word on product,no,"EVEREDEN FLUID SILK MINERAL SUNSCREEN PRO SPF50 (TITANIUM DIOXIDE, ZINC OXIDE) LOTION",EDEN BRANDS INC.,sunscreen,brand_list_review,zinc_titanium,True,,50,5068db451a5fc625,2cb7773f-9a05-ad02-e063-6294a90af024,https://dailymed.nlm.nih.gov/dailymed/drugInfo.cfm?setid=2cb7773f-9a05-ad02-e063-6294a90af024
exclude,reviewed,adult line of the brand; no baby/kids word on product,no,"EVEREDEN SPF50 PREMIUM MINERAL SUNSCREEN (ZINC OXIDE, TITANIUM DIOXIDE) LOTION",EDEN BRANDS INC,sunscreen,brand_list_review,zinc_titanium,True,,50,8b1f5d2b02759311,dcedc364-3cee-d30a-e053-2995a90a7d78,https://dailymed.nlm.nih.gov/dailymed/drugInfo.cfm?setid=dcedc364-3cee-d30a-e053-2995a90a7d78
exclude,reviewed,adult line of the brand; no baby/kids word on product,no,"FACECOTZ (TITANIUM DIOXIDE, ZINC OXIDE) CREAM","FALLIEN COSMECEUTICALS, LTD.",sunscreen,brand_list_review,zinc_titanium,True,,,3b371dbe4fe02cf7,01816579-3a7b-414a-9287-7d493cc1dd05,https://dailymed.nlm.nih.gov/dailymed/drugInfo.cfm?setid=01816579-3a7b-414a-9287-7d493cc1dd05
exclude,reviewed,"gift set / kit, not a single sunscreen",no,JOHNSONS BABY CARE ESSENTIALS GIFT SET (ZINC OXIDE) KIT,KENVUE BRANDS LLC,unresolved_zinc,product_name,zinc,True,,,48d74a11574ff154,1ac59efd-9efd-09d9-e063-6394a90a5e40,https://dailymed.nlm.nih.gov/dailymed/drugInfo.cfm?setid=1ac59efd-9efd-09d9-e063-6394a90a5e40
exclude,reviewed,"gift set / kit, not a single sunscreen",no,JOHNSONS BABY CARE ESSENTIALS GIFT SET (ZINC OXIDE) KIT,KENVUE BRANDS LLC,unresolved_zinc,product_name,zinc,True,,,48d74a11574ff154,43edc287-57e1-d96e-e063-6294a90ac5a1,https://dailymed.nlm.nih.gov/dailymed/drugInfo.cfm?setid=43edc287-57e1-d96e-e063-6294a90ac5a1
exclude,reviewed,"gift set / kit, not a single sunscreen",no,JOHNSONS BABY CARE ESSENTIALS GIFT SET (ZINC OXIDE) KIT,KENVUE BRANDS LLC,unresolved_zinc,product_name,zinc,True,,,7003317d5e1d37a6,afa1ba48-b504-4af0-a9c7-cd2c9a2e6e59,https://dailymed.nlm.nih.gov/dailymed/drugInfo.cfm?setid=afa1ba48-b504-4af0-a9c7-cd2c9a2e6e59
exclude,reviewed,"gift set / kit, not a single sunscreen",no,JOHNSONS BABY CARE ESSENTIALS GIFT SET (ZINC OXIDE) KIT,KENVUE BRANDS LLC,unresolved_zinc,product_name,zinc,True,,,7003317d5e1d37a6,ed08b690-f907-6d2f-e053-2a95a90af51c,https://dailymed.nlm.nih.gov/dailymed/drugInfo.cfm?setid=ed08b690-f907-6d2f-e053-2a95a90af51c
exclude,reviewed,"gift set / kit, not a single sunscreen",no,JOHNSONS BABY FIRST TOUCH GIFT SET (ZINC OXIDE) KIT,KENVUE BRANDS LLC,unresolved_zinc,product_name,zinc,True,,,48d74a11574ff154,3f838eb7-42a3-c96b-e063-6294a90a7491,https://dailymed.nlm.nih.gov/dailymed/drugInfo.cfm?setid=3f838eb7-42a3-c96b-e063-6294a90a7491
exclude,reviewed,"gift set / kit, not a single sunscreen",no,JOHNSONS FIRST TOUCH BABY GIFT SET (ZINC OXIDE) KIT,KENVUE BRANDS LLC,unresolved_zinc,product_name,zinc,True,,,48d74a11574ff154,2c2337cf-4507-7232-e063-6294a90a79c3,https://dailymed.nlm.nih.gov/dailymed/drugInfo.cfm?setid=2c2337cf-4507-7232-e063-6294a90a79c3
exclude,reviewed,"gift set / kit, not a single sunscreen",no,JOHNSONS FIRST TOUCH BABY GIFT SET (ZINC OXIDE) KIT,KENVUE BRANDS LLC,unresolved_zinc,product_name,zinc,True,,,4b70e5585dbf66c5,da5469ea-3330-4f04-e053-2a95a90aff41,https://dailymed.nlm.nih.gov/dailymed/drugInfo.cfm?setid=da5469ea-3330-4f04-e053-2a95a90aff41
exclude,reviewed,adult line of the brand; no baby/kids word on product,no,"LIPCOTZ (TITANIUM DIOXIDE, ZINC OXIDE) LIPSTICK","FALLIEN COSMECEUTICALS, LTD.",color_cosmetic_spf,brand_list_review,zinc_titanium,True,,,150306694e10636c,0d0bd849-3f96-4d7a-9ca9-7cf93f4e001b,https://dailymed.nlm.nih.gov/dailymed/drugInfo.cfm?setid=0d0bd849-3f96-4d7a-9ca9-7cf93f4e001b
exclude,reviewed,"gift set / kit, not a single sunscreen",no,"OUTDOOR ADVENTURE SET (ZINC OXIDE, TITANIUM DIOXIDE, AND OCTISALATE) KIT",KAS DIRECT LLC DBA BABYGANICS,sunscreen,brand_name,zinc_titanium,False,butyloctyl salicylate,,e10d9a05a80d6a7d,8f0f2707-7fd6-491d-a928-7d420b17da80,https://dailymed.nlm.nih.gov/dailymed/drugInfo.cfm?setid=8f0f2707-7fd6-491d-a928-7d420b17da80
exclude,reviewed,"gift set / kit, not a single sunscreen",no,"OUTDOOR ESSENTIALS (ZINC OXIDE, OCTOCRYLENE, AND OCTISALATE) KIT",KAS DIRECT LLC DBA BABYGANICS,sunscreen,brand_name,zinc,False,butyloctyl salicylate,,ac095607947ff45f,93ef5b1b-e4f4-4c86-a395-c19861866c3e,https://dailymed.nlm.nih.gov/dailymed/drugInfo.cfm?setid=93ef5b1b-e4f4-4c86-a395-c19861866c3e
exclude,reviewed,"gift set / kit, not a single sunscreen",no,"OUTDOOR EXPLORER SET (TITANIUM DIOXIDE, OCTISALATE, AND ZINC OXIDE) KIT",KAS DIRECT LLC DBA BABYGANICS,sunscreen,brand_name,zinc_titanium,False,butyloctyl salicylate,,e10d9a05a80d6a7d,726096c2-514a-439a-9697-346ca684c493,https://dailymed.nlm.nih.gov/dailymed/drugInfo.cfm?setid=726096c2-514a-439a-9697-346ca684c493
exclude,reviewed,"soap, not a leave-on sunscreen",no,"SUN BATHE SUNSCREEN SPF 20 (AVOBENZONE, OCTINOXATE, OCTOCRYLENE) SOAP",BABY BUBBA ENTERPRISES INC,sunscreen,brand_name,none,False,,20,6e162e935fa7644d,e4825f96-0ca8-40ed-a0ad-b2281919181e,https://dailymed.nlm.nih.gov/dailymed/drugInfo.cfm?setid=e4825f96-0ca8-40ed-a0ad-b2281919181e
exclude,reviewed,no baby/kids word on product; brand not baby-only,no,"SUNSCREEN SPF50 (AVOBENZONE , HOMOSALATE , OCTISALATE , OXYBENZONE , OCTOCRYLENE) LOTION",SKIN KIDZ CC,sunscreen,brand_name,none,False,,50,d2ed11df9d0dc55f,9819e603-8a87-408a-839d-e325493590aa,https://dailymed.nlm.nih.gov/dailymed/drugInfo.cfm?setid=9819e603-8a87-408a-839d-e325493590aa
exclude,reviewed,adult line of the brand; no baby/kids word on product,no,TINTED MINERAL SUNSCREEN BROAD SPECTRUM SPF 25 (ZINC OXIDE) LOTION,"EARTH MAMA ANGEL BABY, LLC",sunscreen,brand_name,zinc,True,,25,780ae83948227629,2aa44439-663a-400b-b432-e2dc5ac2a3d1,https://dailymed.nlm.nih.gov/dailymed/drugInfo.cfm?setid=2aa44439-663a-400b-b432-e2dc5ac2a3d1
exclude,reviewed,adult line of the brand; no baby/kids word on product,no,TINTED MINERAL SUNSCREEN BROAD SPECTRUM SPF 40 (ZINC OXIDE) LOTION,"EARTH MAMA ANGEL BABY, LLC",sunscreen,brand_name,zinc,True,,40,dd99d7f3e867e01d,afc88e77-a4a1-49ec-b021-bb468fd0ac68,https://dailymed.nlm.nih.gov/dailymed/drugInfo.cfm?setid=afc88e77-a4a1-49ec-b021-bb468fd0ac68
exclude,reviewed,no baby/kids word on product; brand not baby-only,no,TINY TILLIA (ZINC OXIDE) CREAM,"AVON PRODUCTS, INC.",unresolved_zinc,brand_list_review,zinc,True,,,1aeda0b04f85a82f,765259d8-6d45-4097-a34d-96b82a269653,https://dailymed.nlm.nih.gov/dailymed/drugInfo.cfm?setid=765259d8-6d45-4097-a34d-96b82a269653
include,auto,baby/kids word in product name,no,"365 WHOLE FOODS MARKET SUNSCREEN CLEAR COCONUT VANILLA SPF 50 (OCTOCRYLENE, OCTISALATE, AVOBENZONE, AND HOMOSALATE) AEROSOL, SPRAY 365 WHOLE FOODS MARKET KIDS CLEAR SUNSCREEN SPF 50 (OCTOCRYLENE, OCTISALATE, AVOBENZONE, AND HOMOSALATE) AEROSOL, SPRAY","WHOLE FOODS MARKET, INC.",sunscreen,product_name,none,False,"butyloctyl salicylate, tridecyl salicylate",50,75c9f3a049fa970b,82771f22-0197-40ba-97d2-2386152790ed,https://dailymed.nlm.nih.gov/dailymed/drugInfo.cfm?setid=82771f22-0197-40ba-97d2-2386152790ed
include,auto,baby/kids word in product name,no,"AL0038200 ALBA VE SUNSCREEN KIDS SPF50 (HOMOSALATE, OCTOCRYLENE, ETHYLHEXYL SALICYLATE, BUTYL METHOXYDIBENZOYLMETHANE) SPRAY","THE HAIN CELESTIAL GROUP, INC.",sunscreen,product_name,none,False,,50,14089452739d2d82,2669183c-7a5e-037e-e054-00144ff88e88,https://dailymed.nlm.nih.gov/dailymed/drugInfo.cfm?setid=2669183c-7a5e-037e-e054-00144ff88e88
include,auto,baby/kids word in product name,no,"AL0038502 ALBA TROPICAL FRUIT KIDS SUNSCREEN SPF40 (HOMOSALATE, OCTOCRYLENE, ETHYLHEXYL SALICYLATE, AVOBENZONE) SPRAY","THE HAIN CELESTIAL GROUP, INC.",sunscreen,product_name,none,False,,40,249da3078905fb3e,468dd5f5-0cec-0c29-e054-00144ff88e88,https://dailymed.nlm.nih.gov/dailymed/drugInfo.cfm?setid=468dd5f5-0cec-0c29-e054-00144ff88e88
include,auto,baby/kids word in product name,no,AL0043700 ALBA BOTANICA BABY MINERAL SUNSCREEN SPF50 (ZINC OXIDE) LOTION,"THE HAIN CELESTIAL GROUP, INC.",sunscreen,product_name,zinc,True,,50,b5e3541a9198d814,60cda526-4b44-00a3-e053-2a91aa0abac0,https://dailymed.nlm.nih.gov/dailymed/drugInfo.cfm?setid=60cda526-4b44-00a3-e053-2a91aa0abac0
include,auto,baby/kids word in product name,no,"ALBA BOTANICA BABY MINERAL SUNSCREEN SPF45 (ZINC OXIDE, TITANIUM DIOXIDE) CREAM","THE HAIN CELESTIAL GROUP, INC.",sunscreen,product_name,zinc_titanium,True,,45,fa6468d35d2e180c,bc6e8385-c843-a57a-e053-2995a90a6b21,https://dailymed.nlm.nih.gov/dailymed/drugInfo.cfm?setid=bc6e8385-c843-a57a-e053-2995a90a6b21
include,auto,baby/kids word in product name,no,"ALBA BOTANICA KIDS MINERAL SUNSCREEN FF SPF30 (ZINC OXIDE, TITANIUM DIOXIDE) CREAM","THE HAIN CELESTIAL GROUP, INC.",sunscreen,product_name,zinc_titanium,True,,30,ca89102a7b7609d8,639fd681-3b6e-1a55-e053-2991aa0ae7d3,https://dailymed.nlm.nih.gov/dailymed/drugInfo.cfm?setid=639fd681-3b6e-1a55-e053-2991aa0ae7d3
include,auto,baby/kids word in product name,no,"ALBA BOTANICA KIDS SPF 50 TROPICAL FRUIT (AVOBENZONE, HOMOSALATE, OCTISALATE, OCTOCRYLENE) SPRAY","HAIN CELESTIAL GROUP, INC",sunscreen,product_name,none,False,butyloctyl salicylate,50,a24b08f87ca19341,f6941bab-1e97-1dc8-e053-2995a90a9317,https://dailymed.nlm.nih.gov/dailymed/drugInfo.cfm?setid=f6941bab-1e97-1dc8-e053-2995a90a9317
include,auto,baby/kids word in product name,no,"ALBA BOTANICA KIDS SUNSCREENTROPICAL FRUIT SPF45 (AVOBENZONE, HOMOSALATE, OCTOCRYLENE, OCTYL SALICYLATE) LOTION","THE HAIN CELESTIAL GROUP, INC.",sunscreen,product_name,none,False,,45,3ba1cb175a7700dc,65c230e4-a0f2-7c2b-e053-2a91aa0a0d3e,https://dailymed.nlm.nih.gov/dailymed/drugInfo.cfm?setid=65c230e4-a0f2-7c2b-e053-2a91aa0a0d3e
include,auto,baby/kids word in product name,no,"ALBA BOTANICA NATURAL VERY EMOLLIENT SUNSCREEN KIDS SPF40 (HOMOSALATE, ETHYLHEXYL METHOXYCINNAMATE, OCTOCRYLENE, ETHYLHEXYL SALICYLATE, BUTYL METHOXYDIBENZOYLMETHANE) SPRAY","THE HAIN CELESTIAL GROUP, INC.",sunscreen,product_name,none,False,,40,481b8871553e4831,69cadbc9-36ef-42bf-a46a-1aca2df813d7,https://dailymed.nlm.nih.gov/dailymed/drugInfo.cfm?setid=69cadbc9-36ef-42bf-a46a-1aca2df813d7
include,auto,baby/kids word in product name,no,"ALBA KIDS MINERAL SUNBLOCK SPF 30 (ZINC OXIDE, TITANIUM DIOXIDE) CREAM","THE HAIN CELESTIAL GROUP, INC.",sunscreen,product_name,zinc_titanium,True,,30,162067442a51d1ae,b6d957f8-46f4-40ac-ab19-04718a719057,https://dailymed.nlm.nih.gov/dailymed/drugInfo.cfm?setid=b6d957f8-46f4-40ac-ab19-04718a719057
include,auto,baby/kids word in product name,no,"ALBA SUNBLOCK NATURAL KIDS SPF 45 (HOMOSALATE, OCTOCRYLENE, ETHYLHEXYL METHOXYCINNAMATE, ETHYLHEXYL SALICILATE, TITANIUM DIOXIDE) CREAM","THE HAIN CELESTIAL GROUP, INC.",sunscreen,product_name,titanium,False,,45,7feff5cc84f46a8f,2c13d6c9-7eb8-462c-9eb3-0d37ad1173af,https://dailymed.nlm.nih.gov/dailymed/drugInfo.cfm?setid=2c13d6c9-7eb8-462c-9eb3-0d37ad1173af
include,auto,baby/kids word in product name,no,"ALDI LACURA KIDS SPF 50 SUNSCREEN (AVOBENZONE, HOMOSALATE, OCTISALATE, OCTOCRYLENE) SPRAY",ALDI INC,sunscreen,product_name,none,False,butyloctyl salicylate,50,e8a0722c5f5dda0a,e34f37d7-02a5-0b72-e053-2a95a90acf83,https://dailymed.nlm.nih.gov/dailymed/drugInfo.cfm?setid=e34f37d7-02a5-0b72-e053-2a95a90acf83
include,auto,baby/kids word in product name,no,ALL GOOD KIDS MINERAL SUNSCREEN BUTTER STICK SPF 50 (ZINC OXIDE) OINTMENT,"ELEMENTAL HERBS, INC.",sunscreen,product_name,zinc,True,,50,da5b56943e2c5217,3467a39e-2e1d-0659-e063-6294a90a9ced,https://dailymed.nlm.nih.gov/dailymed/drugInfo.cfm?setid=3467a39e-2e1d-0659-e063-6294a90a9ced
include,auto,baby/kids word in product name,no,ALL GOOD KIDS MINERAL SUNSCREEN BUTTER STICK SPF 50 (ZINC OXIDE) OINTMENT,"ELEMENTAL HERBS, INC.",sunscreen,product_name,zinc,True,,50,da5b56943e2c5217,feb94fd7-6727-6fb1-e053-6394a90a2af1,https://dailymed.nlm.nih.gov/dailymed/drugInfo.cfm?setid=feb94fd7-6727-6fb1-e053-6394a90a2af1
include,auto,baby/kids word in product name,no,"ALOE UP KIDS BROAD SPECTRUM SPF 50 SUNSCREEN (OCTISALATE, AVOBENZONE, HOMOSALATE, OCTOCRYLENE, OCTINOXATE) GEL",PRIME ENTERPRISES INC.,sunscreen,product_name,none,False,,50,d6779cd0bd24f2f1,a4d73025-9c5b-7455-e053-2995a90ab746,https://dailymed.nlm.nih.gov/dailymed/drugInfo.cfm?setid=a4d73025-9c5b-7455-e053-2995a90ab746
include,auto,baby/kids word in product name,no,"ALOE UP KIDS SPF 50 (AVOBENZONE, HOMOSALATE, OCTISALATE, OCTOCRYLENE) AEROSOL, SPRAY",CROSS BRANDS CONTRACT FILLING,sunscreen,product_name,none,False,,50,f18ceaf691ce8945,9e524e0f-7005-d1a0-e053-2995a90ae34c,https://dailymed.nlm.nih.gov/dailymed/drugInfo.cfm?setid=9e524e0f-7005-d1a0-e053-2995a90ae34c
include,auto,baby/kids word in product name,no,"ALOE UP KIDS SPORT SUNSCREEN SPF 50 (AVOBENZONE, HOMOSALATE, OCTISALATE, OCTOCRYLENE) LOTION","ALOE CARE INTERNATIONAL, LLC",sunscreen,product_name,none,False,butyloctyl salicylate,50,4b3bc0b2a067974f,62016e94-b5d2-4ba2-ab9c-b0b2c1ead650,https://dailymed.nlm.nih.gov/dailymed/drugInfo.cfm?setid=62016e94-b5d2-4ba2-ab9c-b0b2c1ead650
include,auto,baby/kids word in product name,no,ALOE UP SPF 50 KIDS MINERAL (ZINC OXIDE) LOTION,"ALOE INTERNATIONAL, LLC",sunscreen,product_name,zinc,True,"ethylhexyl methoxycrylene, butyloctyl salicylate",50,ab45b2d782b8f276,35cd5542-947d-a042-e063-6394a90a13f8,https://dailymed.nlm.nih.gov/dailymed/drugInfo.cfm?setid=35cd5542-947d-a042-e063-6394a90a13f8
include,auto,baby/kids word in product name,no,"ALOE UP SPF 50 KIDS MINERAL (ZINC OXIDE, TITANIUM DIOXIDE) SPRAY","ALOE CARE INTERNATIONAL, LLC",sunscreen,product_name,zinc_titanium,True,,50,7b40a44f7773d77b,35cd16b0-bd81-8f68-e063-6294a90a3d8c,https://dailymed.nlm.nih.gov/dailymed/drugInfo.cfm?setid=35cd16b0-bd81-8f68-e063-6294a90a3d8c
include,auto,baby/kids word in product name,no,ARIZONA SUN KIDS SUNSCREEN SPF 30 (SUNSCREEN) LOTION,ARIZONA SUN PRODUCTS,sunscreen,product_name,none,False,,30,569a40ceeaf7185d,10f60367-6681-a589-e063-6394a90a6bb8,https://dailymed.nlm.nih.gov/dailymed/drugInfo.cfm?setid=10f60367-6681-a589-e063-6394a90a6bb8
include,auto,baby/kids word in product name,no,ARIZONA SUN KIDS SUNSCREEN SPF 30 (SUNSCREEN) LOTION,ARIZONA SUN PRODUCTS,sunscreen,product_name,none,False,,30,456344a0c7e3876a,10f832e7-c2b5-b847-e063-6294a90a20d5,https://dailymed.nlm.nih.gov/dailymed/drugInfo.cfm?setid=10f832e7-c2b5-b847-e063-6294a90a20d5
include,auto,baby/kids word in product name,no,ARIZONA SUN SUNSCREEN KIDS WATER RESISTANT SPF 30 (SUNSCREEN) LOTION,ARIZONA SUN PRODUCTS,sunscreen,product_name,none,False,,30,d59bdff12ddfbd94,116e71c4-f443-0b6c-e063-6394a90a0cdd,https://dailymed.nlm.nih.gov/dailymed/drugInfo.cfm?setid=116e71c4-f443-0b6c-e063-6394a90a0cdd
include,auto,baby/kids word in product name,no,ARIZONA SUN SUNSCREEN KIDS WATER RESISTANT SPF 30 (SUNSCREEN) LOTION,ARIZONA SUN PRODUCTS,sunscreen,product_name,none,False,,30,5efc64dc48f968b4,116ed17c-3b38-5e96-e063-6294a90a4246,https://dailymed.nlm.nih.gov/dailymed/drugInfo.cfm?setid=116ed17c-3b38-5e96-e063-6294a90a4246
include,auto,baby/kids word in product name,no,"ATOBOS BABY SUN (TITANIUM DIOXIDE, ZINC OXIDE) CREAM",1004LABORATORY,sunscreen,product_name,zinc_titanium,True,,,e63a8d33fdca3f50,d3d0d005-4215-4133-ad8a-13833b86777a,https://dailymed.nlm.nih.gov/dailymed/drugInfo.cfm?setid=d3d0d005-4215-4133-ad8a-13833b86777a
include,auto,baby/kids word in product name,no,"ATOBOS CENTELLA BABY SUN (TITANIUM DIOXIDE, ZINC OXIDE) CREAM",1004LABORATORY,sunscreen,product_name,zinc_titanium,True,,,94273d44ecc167d9,1030a55e-8159-4645-bda0-13e1d89f00e7,https://dailymed.nlm.nih.gov/dailymed/drugInfo.cfm?setid=1030a55e-8159-4645-bda0-13e1d89f00e7
include,auto,baby/kids word in product name,no,"ATONO2 BABY SUN CREAM (ETHYLHEXYL METHOXYCINNAMATE, TITANIUM DIOXIDE) CREAM","LAORGANIC CO., LTD.",sunscreen,product_name,titanium,False,,,d377de44d6f1b1d9,3eb67c20-a1b6-3014-e054-00144ff8d46c,https://dailymed.nlm.nih.gov/dailymed/drugInfo.cfm?setid=3eb67c20-a1b6-3014-e054-00144ff8d46c
include,auto,baby/kids word in product name,no,ATTITUDE KIDS MINERAL SUNSCREEN UNSCENTED SPF 30 (ZINC OXIDE) CREAM,9055-7588 QU&EACUTE;BEC INC. DBA ATTITUDE,sunscreen,product_name,zinc,True,,30,ac307bceffdc4b24,c2461e22-1518-4f9e-ad8c-951784ef8b5f,https://dailymed.nlm.nih.gov/dailymed/drugInfo.cfm?setid=c2461e22-1518-4f9e-ad8c-951784ef8b5f
include,auto,baby/kids word in product name,no,ATTITUDE KIDS OATMEAL SENSITIVE MINERAL SUNSCREEN UNSCENTED SPF 30 (ZINC OXIDE) CREAM,9055-7588 QUEBEC INC. DBA ATTITUDE,sunscreen,product_name,zinc,True,,30,70edc3e7476bcad2,310e66a2-8714-4016-87f4-81c1fef19ec9,https://dailymed.nlm.nih.gov/dailymed/drugInfo.cfm?setid=310e66a2-8714-4016-87f4-81c1fef19ec9
include,auto,baby/kids word in product name,no,ATTITUDE MINERAL FACE SPF30 - LITTLE ONES (ZINC OXIDE) STICK,BIO SPECTRA,sunscreen,product_name,zinc,True,,30,f98fde3f3e023e77,523a616a-77ed-477c-9a3d-b1ab11ca803c,https://dailymed.nlm.nih.gov/dailymed/drugInfo.cfm?setid=523a616a-77ed-477c-9a3d-b1ab11ca803c
include,auto,baby/kids word in product name,no,ATTITUDE MINERAL SUNSCREEN LITTLE ONES - FRAGRANCE FREE (ZINC OXIDE) CREAM,BIO SPECTRA,sunscreen,product_name,zinc,True,,,235de5e842c57db0,bfd4e49b-b279-4646-b457-c6d359ad10aa,https://dailymed.nlm.nih.gov/dailymed/drugInfo.cfm?setid=bfd4e49b-b279-4646-b457-c6d359ad10aa
include,auto,baby/kids word in product name,no,ATTITUDE MINERAL SUNSCREEN SENSITIVE SKIN CARE LITTLE ONES (ZINC OXIDE) CREAM,BIO SPECTRA,sunscreen,product_name,zinc,True,,,84308a94ecb698d6,b1ac6959-577a-44e2-97b2-af37c2073c53,https://dailymed.nlm.nih.gov/dailymed/drugInfo.cfm?setid=b1ac6959-577a-44e2-97b2-af37c2073c53
include,auto,baby/kids word in product name,no,ATTITUDE SENSITIVE NATURAL BABY MINERAL SUNSCREEN SPF 50 UNSCENTED (ZINC OXIDE) CREAM,9055-7588 QU&EACUTE;BEC INC.DBA ATTITUDE,sunscreen,product_name,zinc,True,,50,c4f088d5827316ab,44abdfe1-ea6b-a158-e063-6294a90a3eb8,https://dailymed.nlm.nih.gov/dailymed/drugInfo.cfm?setid=44abdfe1-ea6b-a158-e063-6294a90a3eb8
include,auto,baby/kids word in product name,no,ATTITUDE SUNLY BABY MINERAL SUNSCREEN FACE STICK SPF 50 UNSCENTED (ZINC OXIDE) STICK,9055-7588 QU&EACUTE;BEC INC.DBA ATTITUDE,sunscreen,product_name,zinc,True,,50,f00b796a654f832e,450e52a9-5a6b-112f-e063-6394a90af7ca,https://dailymed.nlm.nih.gov/dailymed/drugInfo.cfm?setid=450e52a9-5a6b-112f-e063-6394a90af7ca
include,auto,baby/kids word in product name,no,ATTITUDE SUNLY BABY MINERAL SUNSCREEN SPF 50 UNSCENTED (ZINC OXIDE) CREAM,9055-7588 QU&EACUTE;BEC INC.DBA ATTITUDE,sunscreen,product_name,zinc,True,,50,46b62e1a66139c0b,44aba591-04da-fe09-e063-6394a90a912a,https://dailymed.nlm.nih.gov/dailymed/drugInfo.cfm?setid=44aba591-04da-fe09-e063-6394a90a912a
include,auto,baby/kids word in product name,no,ATTITUDE SUNLY BABY MINERAL SUNSCREEN SPRAYER SPF 50 UNSCENTED (ZINC OXIDE) SPRAY,9055-7588 QU&EACUTE;BEC INC.DBA ATTITUDE,sunscreen,product_name,zinc,True,,50,81dbf0ee97ccde5d,44a94a24-e292-41e6-e063-6394a90abe47,https://dailymed.nlm.nih.gov/dailymed/drugInfo.cfm?setid=44a94a24-e292-41e6-e063-6394a90abe47
include,auto,baby/kids word in product name,no,ATTITUDE SUNLY BABY MINERAL SUNSCREEN STICK SPF 50 UNSCENTED (ZINC OXIDE) STICK,9055-7588 QU&EACUTE;BEC INC.DBA ATTITUDE,sunscreen,product_name,zinc,True,,50,11f95c317b620bdb,44853202-6873-0bc8-e063-6394a90a05f0,https://dailymed.nlm.nih.gov/dailymed/drugInfo.cfm?setid=44853202-6873-0bc8-e063-6394a90a05f0
include,auto,baby/kids word in product name,no,ATTITUDE SUNLY KIDS MINERAL SUNSCREEN FACE STICK SPF 50 UNSCENTED (ZINC OXIDE) STICK,9055-7588 QU&EACUTE;BEC INC.DBA ATTITUDE,sunscreen,product_name,zinc,True,,50,f00b796a654f832e,450e6eb7-f49e-296e-e063-6294a90a05a4,https://dailymed.nlm.nih.gov/dailymed/drugInfo.cfm?setid=450e6eb7-f49e-296e-e063-6294a90a05a4
include,auto,baby/kids word in product name,no,ATTITUDE SUNLY KIDS MINERAL SUNSCREEN FACE STICK UNSCENTED SPF 30 (ZINC OXIDE) STICK,9055-7588 QUEBEC INC. DBA ATTITUDE,sunscreen,product_name,zinc,True,,30,1fb0950bfe677676,0d833e3b-5330-3c5b-e063-6394a90a2ed2,https://dailymed.nlm.nih.gov/dailymed/drugInfo.cfm?setid=0d833e3b-5330-3c5b-e063-6394a90a2ed2
include,auto,baby/kids word in product name,no,ATTITUDE SUNLY KIDS MINERAL SUNSCREEN SPF 50 UNSCENTED (ZINC OXIDE) CREAM,9055-7588 QU&EACUTE;BEC INC.DBA ATTITUDE,sunscreen,product_name,zinc,True,,50,46b62e1a66139c0b,44aba6d7-7989-0637-e063-6394a90a6c8f,https://dailymed.nlm.nih.gov/dailymed/drugInfo.cfm?setid=44aba6d7-7989-0637-e063-6394a90a6c8f
include,auto,baby/kids word in product name,no,ATTITUDE SUNLY KIDS MINERAL SUNSCREEN SPF 50 WATERMELON AND COCO (ZINC OXIDE) CREAM,9055-7588 QU&EACUTE;BEC INC.DBA ATTITUDE,sunscreen,product_name,zinc,True,,50,0fc8a6657abe074c,44aca1d5-6e0a-def3-e063-6294a90aca26,https://dailymed.nlm.nih.gov/dailymed/drugInfo.cfm?setid=44aca1d5-6e0a-def3-e063-6294a90aca26
include,auto,baby/kids word in product name,no,ATTITUDE SUNLY KIDS MINERAL SUNSCREEN SPRAYER SPF 50 UNSCENTED (ZINC OXIDE) SPRAY,9055-7588 QU&EACUTE;BEC INC.DBA ATTITUDE,sunscreen,product_name,zinc,True,,50,81dbf0ee97ccde5d,44a9838e-06a6-5a98-e063-6394a90aaba1,https://dailymed.nlm.nih.gov/dailymed/drugInfo.cfm?setid=44a9838e-06a6-5a98-e063-6394a90aaba1
include,auto,baby/kids word in product name,no,ATTITUDE SUNLY KIDS MINERAL SUNSCREEN SPRAYER SPF 50 WATERMELON AND COCO (ZINC OXIDE) SPRAY,9055-7588 QU&EACUTE;BEC INC.DBA ATTITUDE,sunscreen,product_name,zinc,True,,50,efe4ba37a7c38707,44aa1349-e3f1-9b80-e063-6294a90a0fbd,https://dailymed.nlm.nih.gov/dailymed/drugInfo.cfm?setid=44aa1349-e3f1-9b80-e063-6294a90a0fbd
include,auto,baby/kids word in product name,no,ATTITUDE SUNLY KIDS MINERAL SUNSCREEN STICK SPF 50 UNSCENTED (ZINC OXIDE) STICK,9055-7588 QU&EACUTE;BEC INC.DBA ATTITUDE,sunscreen,product_name,zinc,True,,50,69f1489eaced8987,4494bea6-ab1f-aae6-e063-6394a90a184d,https://dailymed.nlm.nih.gov/dailymed/drugInfo.cfm?setid=4494bea6-ab1f-aae6-e063-6394a90a184d
include,auto,baby/kids word in product name,no,ATTITUDE SUNLY KIDS MINERAL SUNSCREEN STICK SPF 50 WATERMELON AND COCO (ZINC OXIDE) STICK,9055-7588 QU&EACUTE;BEC INC.DBA ATTITUDE,sunscreen,product_name,zinc,True,,50,bc0422645bfda4db,449712ab-5c23-7d50-e063-6394a90ab7fe,https://dailymed.nlm.nih.gov/dailymed/drugInfo.cfm?setid=449712ab-5c23-7d50-e063-6394a90ab7fe
include,auto,baby/kids word in product name,no,ATTITUDE SUNLY KIDS MINERAL SUNSCREEN STICK UNSCENTED SPF 30 (ZINC OXIDE) STICK,9055-7588 QUEBEC INC. DBA ATTITUDE,sunscreen,product_name,zinc,True,,30,4dd37ab8212d76c7,0d82121d-1dc2-cd99-e063-6394a90aa766,https://dailymed.nlm.nih.gov/dailymed/drugInfo.cfm?setid=0d82121d-1dc2-cd99-e063-6394a90aa766
include,auto,baby/kids word in product name,no,AUSSIEZINC MINERAL SUNSCREEN SPF50 BABY (ZINC OXIDE) CREAM,VEGANIC SKN LIMITED,sunscreen,product_name,zinc,True,,50,29d9b179d30d767d,16cc5178-e4c7-38eb-e063-6294a90a66de,https://dailymed.nlm.nih.gov/dailymed/drugInfo.cfm?setid=16cc5178-e4c7-38eb-e063-6294a90a66de
include,auto,baby/kids word in product name,no,AUSSIEZINC MINERAL SUNSCREEN VEGAN AND ORGANIC KIDS (ZINC OXIDE SUNSCREEN) CREAM,VEGANIC SKN LIMITED,sunscreen,product_name,zinc,True,,,c3763e7b59e49d86,36c7a1be-87e5-1f87-e063-6394a90ad876,https://dailymed.nlm.nih.gov/dailymed/drugInfo.cfm?setid=36c7a1be-87e5-1f87-e063-6394a90ad876
include,auto,baby/kids word in product name,no,"AUSTRALIAN GOLD KIDS SPF 50 SUNSCREEN (HOMOSALATE, OCTINOXATE, OCTISALATE AND TITANIUM DIOXIDE) LOTION",PRIME ENTERPRISES INC.,sunscreen,product_name,titanium,False,,50,066d37a8ea615fc9,23915bcf-1ca5-71a8-e054-00144ff8d46c,https://dailymed.nlm.nih.gov/dailymed/drugInfo.cfm?setid=23915bcf-1ca5-71a8-e054-00144ff8d46c
include,auto,baby/kids word in product name,no,AVEENO BABY CONTINUOUS PROTECTION SENSITIVE SKIN MINERAL SUNSCREEN BROAD SPECTRUM SPF 50 (ZINC OXIDE) STICK,KENVUE BRANDS LLC,sunscreen,product_name,zinc,True,,50,2934a5b7ea3c847b,f2fd12cf-45c0-163f-e053-2a95a90ad459,https://dailymed.nlm.nih.gov/dailymed/drugInfo.cfm?setid=f2fd12cf-45c0-163f-e053-2a95a90ad459
include,auto,baby/kids word in product name,no,AVEENO BABY CONTINUOUS PROTECTION SENSITIVE SKIN SUNSCREEN BROAD SPECTRUM SPF 50 (ZINC OXIDE) STICK,KENVUE BRANDS LLC,sunscreen,product_name,zinc,True,,50,9d77d990302a9091,17a7492b-5243-48c4-b808-5e9899db7530,https://dailymed.nlm.nih.gov/dailymed/drugInfo.cfm?setid=17a7492b-5243-48c4-b808-5e9899db7530
include,auto,baby/kids word in product name,no,AVEENO BABY CONTINUOUS PROTECTION SENSITIVE SKIN SUNSCREEN BROAD SPECTRUM SPF50 (ZINC OXIDE) LOTION,KENVUE BRANDS LLC,sunscreen,product_name,zinc,True,,50,35c5e8c6985bdfef,bbd6710f-a665-437e-b86b-437f732984d1,https://dailymed.nlm.nih.gov/dailymed/drugInfo.cfm?setid=bbd6710f-a665-437e-b86b-437f732984d1
include,auto,baby/kids word in product name,no,"AVEENO BABY DAILY MOISTURE FACE MINERAL SUNSCREEN SPF30 (TITANIUM DIOXIDE, ZINC OXIDE) LOTION",KENVUE BRANDS LLC,sunscreen,product_name,zinc_titanium,True,ethylhexyl methoxycrylene,30,49d482f584adc5d0,5b3109da-3019-73c4-e063-6394a90abb08,https://dailymed.nlm.nih.gov/dailymed/drugInfo.cfm?setid=5b3109da-3019-73c4-e063-6394a90abb08
include,auto,baby/kids word in product name,no,AVEENO KIDS CONTINUOUS PROTECTION SENSITIVE SKIN MINERAL SUNSCREEN BROAD SPECTRUM SPF 50 (ZINC OXIDE) STICK,KENVUE BRANDS LLC,sunscreen,product_name,zinc,True,,50,8b775c6ea4bd65da,383de98b-65b5-4398-a876-87367dc01d0b,https://dailymed.nlm.nih.gov/dailymed/drugInfo.cfm?setid=383de98b-65b5-4398-a876-87367dc01d0b
include,auto,baby/kids word in product name,no,AVEENO KIDS CONTINUOUS PROTECTION SENSITIVE SKIN SUNSCREEN BROAD SPECTRUM SPF 50 (ZINC OXIDE) LOTION,KENVUE BRANDS LLC,sunscreen,product_name,zinc,True,,50,0279b823e7c73ebb,3e51da46-6a81-4b74-b16e-3fc298a4ba59,https://dailymed.nlm.nih.gov/dailymed/drugInfo.cfm?setid=3e51da46-6a81-4b74-b16e-3fc298a4ba59
include,auto,baby/kids word in product name,no,"AVEENO KIDS DAILY MOISTURE FACE MINERAL SUNSCREEN SPF 30 (TITANIUM DIOXIDE, ZINC OXIDE) LOTION",KENVUE BRANDS LLC,sunscreen,product_name,zinc_titanium,True,ethylhexyl methoxycrylene,30,49d482f584adc5d0,5b309bf0-4268-d9e4-e063-6294a90ad2d8,https://dailymed.nlm.nih.gov/dailymed/drugInfo.cfm?setid=5b309bf0-4268-d9e4-e063-6294a90ad2d8
include,auto,baby/kids word in product name,no,"BABIENCE KIDS SUNSCREEN PINKFONG BABY SHARK SPF 50 (ENSULIZOLE, OCTINOXATE, OCTISALATE, TITANIUM DIOXIDE, ZINC OXIDE) LOTION","LG H&H CO., LTD.",sunscreen,product_name,zinc_titanium,False,,50,ce264b0361971fc1,a4364c8d-8b74-130e-e053-2995a90ad1c1,https://dailymed.nlm.nih.gov/dailymed/drugInfo.cfm?setid=a4364c8d-8b74-130e-e053-2995a90ad1c1
include,auto,baby/kids word in product name,no,"BABIENCE KIDS SUNSCREEN PINKFONG BABY SHARK SPF 50 (ENSULIZOLE, OCTINOXATE, OCTISALATE, TITANIUM DIOXIDE, ZINC OXIDE) LOTION",FMG CO.LTD,sunscreen,product_name,zinc_titanium,False,,50,ce264b0361971fc1,d2fadd51-6bd8-ae70-e053-2995a90a6213,https://dailymed.nlm.nih.gov/dailymed/drugInfo.cfm?setid=d2fadd51-6bd8-ae70-e053-2995a90a6213
include,auto,baby/kids word in product name,no,BABIES KIDSSUN PROTECTION (MINERAL SUNSCREEN) POWDER,PANERGYTEK USA INC,sunscreen,product_name,zinc_titanium,True,,,4fe8d6d001fa2f9c,3a554118-b71d-a844-e063-6294a90a699f,https://dailymed.nlm.nih.gov/dailymed/drugInfo.cfm?setid=3a554118-b71d-a844-e063-6294a90a699f
include,auto,baby/kids word in product name,no,BABO BABY FACE MINERAL SUNSCREEN (MINERAL SUNSCREEN) STICK,"BABO BOTANICALS, INC.",sunscreen,product_name,zinc,True,,,3b9add10b649eb7a,b131664d-1ad2-0a2f-e053-2995a90acbda,https://dailymed.nlm.nih.gov/dailymed/drugInfo.cfm?setid=b131664d-1ad2-0a2f-e053-2995a90acbda
include,auto,baby/kids word in product name,no,BABO BABY SKIN MINERAL SUNSCREEN FF (MINERAL SUNSCREEN) SPRAY,"BABO BOTANICALS, INC.",sunscreen,product_name,zinc,True,butyloctyl salicylate,,fc2e40e282b2c28c,b0a513a5-18d4-5fca-e053-2a95a90aef93,https://dailymed.nlm.nih.gov/dailymed/drugInfo.cfm?setid=b0a513a5-18d4-5fca-e053-2a95a90aef93
include,auto,baby/kids word in product name,no,BABO BOTANICALS SENSITIVE BABY MINERAL SUNSCREEN SPF30 (ZINC OXIDE) SPRAY,"BABO BOTANICALS, INC.",sunscreen,product_name,zinc,True,butyloctyl salicylate,30,ce39675bf74bf137,08a36887-3997-8fff-e063-6394a90ae9d5,https://dailymed.nlm.nih.gov/dailymed/drugInfo.cfm?setid=08a36887-3997-8fff-e063-6394a90ae9d5
include,auto,baby/kids word in product name,no,BABO BOTANICALS SENSITIVE BABY MINERAL SUNSCREEN SPF50 (ZINC OXIDE) LOTION,"BABO BOTANICALS, INC.",sunscreen,product_name,zinc,True,butyloctyl salicylate,50,16325c8ada5a68e6,08a175ae-2307-ef8d-e063-6394a90ad234,https://dailymed.nlm.nih.gov/dailymed/drugInfo.cfm?setid=08a175ae-2307-ef8d-e063-6394a90ad234
include,auto,baby/kids word in product name,no,BABO BOTANICALS SENSITIVE BABY MINERAL SUNSCREEN SPF50 (ZINC OXIDE) STICK,"BABO BOTANICALS, INC.",sunscreen,product_name,zinc,True,,50,cd5580a2d0fe93c3,088b81e4-76c7-6680-e063-6294a90acb73,https://dailymed.nlm.nih.gov/dailymed/drugInfo.cfm?setid=088b81e4-76c7-6680-e063-6294a90acb73
include,auto,baby/kids word in product name,no,BABY BARE REPUBLIC MINERAL SUNSCREEN (ZINC OXIDE) LOTION,"COOLA, LLC",sunscreen,product_name,zinc,True,"tridecyl salicylate, butyloctyl salicylate",,effc3846fe700503,b292d1a9-7ff8-0faf-e053-2995a90ae342,https://dailymed.nlm.nih.gov/dailymed/drugInfo.cfm?setid=b292d1a9-7ff8-0faf-e053-2995a90ae342
include,auto,baby/kids word in product name,no,"BABY BUM MINERAL 50 SUNSCREEN ROLL-ON (TITANIUM DIOXIDE, ZINC OXIDE) LOTION BABY BUM MINERAL 50 SUNSCREEN (TITANIUM DIOXIDE, ZINC OXIDE) SPRAY","SUN BUM, LLC",sunscreen,product_name,zinc_titanium,True,"polyester-8, butyloctyl salicylate",,f09c036c48f0fd3a,3c470ff8-37d6-a729-e063-6294a90aa525,https://dailymed.nlm.nih.gov/dailymed/drugInfo.cfm?setid=3c470ff8-37d6-a729-e063-6294a90aa525
include,auto,baby/kids word in product name,no,BABY FACE STICK MINERAL SUNSCREEN SPF 40 (SUNSCREEN) STICK,PRIVATE LABEL SELECT LTD CO,sunscreen,product_name,zinc,True,,40,4e448cf78a70daed,d475423c-c0cb-4778-e053-2995a90a72ee,https://dailymed.nlm.nih.gov/dailymed/drugInfo.cfm?setid=d475423c-c0cb-4778-e053-2995a90a72ee
include,auto,baby/kids word in product name,no,BABY GENTLE SUNSCREEN SPF 50 (AVOBENZONE - 3.0% HOMOSALATE - 13.0% OCTISALATE - 5.0% OCTOCRYLENE - 7.0% OXYBENZONE 4%) LOTION,TOPCO,sunscreen,product_name,none,False,,50,fbf58012200e2e20,94a11f26-2de6-446f-8122-d82b2d64f5ee,https://dailymed.nlm.nih.gov/dailymed/drugInfo.cfm?setid=94a11f26-2de6-446f-8122-d82b2d64f5ee
include,auto,baby/kids word in product name,no,BABY MINERAL SPF 50 (ZINC OXIDE 17.0%) LOTION,"THE HAIN CELESTIAL GROUP, INC.",sunscreen,product_name,zinc,True,,50,641788f325e26a29,9974b40d-2596-2a0e-e053-2a95a90a9246,https://dailymed.nlm.nih.gov/dailymed/drugInfo.cfm?setid=9974b40d-2596-2a0e-e053-2a95a90a9246
include,auto,baby/kids word in product name,no,BABY MINERAL SUNSCREEN PROBIOTICS SPF55 (ZINC OXIDE) LOTION,HELLO BELLO,sunscreen,product_name,zinc,True,butyloctyl salicylate,55,3bf8079b4a170add,0191b2e4-bcc5-541a-e063-6294a90a0e78,https://dailymed.nlm.nih.gov/dailymed/drugInfo.cfm?setid=0191b2e4-bcc5-541a-e063-6294a90a0e78
include,auto,baby/kids word in product name,no,BABY MINERAL SUNSCREEN SPF55 (ZINC OXIDE) LOTION,HELLO BELLO,sunscreen,product_name,zinc,True,butyloctyl salicylate,55,02fef968fd66a141,0190eeaf-c5a0-3253-e063-6294a90a43c4,https://dailymed.nlm.nih.gov/dailymed/drugInfo.cfm?setid=0190eeaf-c5a0-3253-e063-6294a90a43c4
include,auto,baby/kids word in product name,no,"BABY MINERAL SUNSCREEN, SPF 30 (SUNSCREEN) OINTMENT",PRIVATE LABEL SELECT LTD CO,sunscreen,product_name,zinc,True,,30,95a1c476dbf37561,d46630e9-a85d-6eaa-e053-2a95a90a1023,https://dailymed.nlm.nih.gov/dailymed/drugInfo.cfm?setid=d46630e9-a85d-6eaa-e053-2a95a90a1023
include,auto,baby/kids word in product name,no,BABY NATURAL MINERAL SUNSCREEN BROAD SPECTRUM SPF 30 (ZINC OXIDE) LOTION,CROSSING CULTURES LLC DBA GODDESS GARDEN,sunscreen,product_name,zinc,True,,30,b34ec957f269ed92,6efd81cd-8061-4444-9fa2-296bfd7972e9,https://dailymed.nlm.nih.gov/dailymed/drugInfo.cfm?setid=6efd81cd-8061-4444-9fa2-296bfd7972e9
include,auto,baby/kids word in product name,no,BABY PURE AND GENTLE SPF 60 SUNSCREEN (TITANIUM DIOXIDE - 6.00% ZINC OXIDE - 4.70%) STICK,CVS,sunscreen,product_name,zinc_titanium,True,butyloctyl salicylate,60,53c1667cbb41617d,372ae3fb-fec0-4c7b-853b-12835c830311,https://dailymed.nlm.nih.gov/dailymed/drugInfo.cfm?setid=372ae3fb-fec0-4c7b-853b-12835c830311
include,auto,baby/kids word in product name,no,BABY PURE GENTLE SUNSTICK SPF 60 CVS (TITANIUM DIOXIDE 6.00% ZINC OXIDE 4.70%) STICK,CVS,sunscreen,product_name,zinc_titanium,True,butyloctyl salicylate,60,53c1667cbb41617d,c599ba27-2cd7-4e93-b5bd-9ccfb6d157a2,https://dailymed.nlm.nih.gov/dailymed/drugInfo.cfm?setid=c599ba27-2cd7-4e93-b5bd-9ccfb6d157a2
include,auto,baby/kids word in product name,no,BABY SKIN MINERAL SUNSCREEN (MINERAL SUNSCREEN) LOTION,"BABO BOTANICALS, INC.",sunscreen,product_name,zinc,True,butyloctyl salicylate,,6f37bae2eb167ac1,b0a4ac6b-8f88-8a9a-e053-2995a90ab10e,https://dailymed.nlm.nih.gov/dailymed/drugInfo.cfm?setid=b0a4ac6b-8f88-8a9a-e053-2995a90ab10e
include,auto,baby/kids word in product name,no,BABY SPF 60 SUNSCREEN (TITANIUM DIOXIDE - 6.00% ZINC OXIDE - 4.70%) STICK,WALGREENS,sunscreen,product_name,zinc_titanium,True,butyloctyl salicylate,60,53c1667cbb41617d,af8cce4d-23a2-47e4-8b5a-8c49e458d01b,https://dailymed.nlm.nih.gov/dailymed/drugInfo.cfm?setid=af8cce4d-23a2-47e4-8b5a-8c49e458d01b
include,auto,baby/kids word in product name,no,BABY SUNSCREEN SPF 30 (ZINC OXIDE) LOTION,SEVENTH GENERATION INC,sunscreen,product_name,zinc,True,,30,268fc9a65f9495b0,c17dec08-5749-424d-8139-1fc0a10515de,https://dailymed.nlm.nih.gov/dailymed/drugInfo.cfm?setid=c17dec08-5749-424d-8139-1fc0a10515de
include,auto,baby/kids word in product name,no,BABY SUNSCREEN SPF 50 (AVOBENZONE - 3.0% HOMOSALATE - 13.0% OCTISALATE - 5.0% OCTOCRYLENE - 7.0% OXYBENZONE 4%) LOTION,CARE ONE,sunscreen,product_name,none,False,,50,fbf58012200e2e20,3ebe1aa3-9a14-46f7-941d-8b4ca1dbc052,https://dailymed.nlm.nih.gov/dailymed/drugInfo.cfm?setid=3ebe1aa3-9a14-46f7-941d-8b4ca1dbc052
include,auto,baby/kids word in product name,no,BABY SUNSCREEN SPF 50 (TITANIUM DIOXIDE 3.1% ZINC OXIDE 4.0%) LOTION,MEIJER,sunscreen,product_name,zinc_titanium,True,ethylhexyl methoxycrylene,50,f6ca80016588c9b7,1eae935f-942b-4290-91de-8c608f70a7ed,https://dailymed.nlm.nih.gov/dailymed/drugInfo.cfm?setid=1eae935f-942b-4290-91de-8c608f70a7ed
include,auto,baby/kids word in product name,no,BABY SUNSCREEN SPF 50 TUGABOOS (AVOBENZONE - 3.0% HOMOSALATE - 13.0% OCTISALATE - 5.0% OCTOCRYLENE - 7.0% OXYBENZONE 4%) LOTION,RITE AID,sunscreen,product_name,none,False,,50,fbf58012200e2e20,52d518ae-cc87-4702-bc87-8889c2276778,https://dailymed.nlm.nih.gov/dailymed/drugInfo.cfm?setid=52d518ae-cc87-4702-bc87-8889c2276778
include,auto,baby/kids word in product name,no,BABYGANICS KIDS SHEER BLEND SPF50 MINERAL SUNSCREEN (ZINC OXIDE) LOTION,KAS DIRECT LLC DBA BABYGANICS,sunscreen,product_name,zinc,True,butyloctyl salicylate,50,d6a3ce6aecc28f39,8a143645-3b52-4797-9b26-dc9dd63be38f,https://dailymed.nlm.nih.gov/dailymed/drugInfo.cfm?setid=8a143645-3b52-4797-9b26-dc9dd63be38f
include,auto,baby/kids word in product name,no,BABYGANICS SHEER BLEND SPF50 MINERAL SUNSCREEN (ZINC OXIDE) LOTION,KAS DIRECT LLC DBA BABYGANICS,sunscreen,product_name,zinc,True,butyloctyl salicylate,50,d6a3ce6aecc28f39,edced0dc-dd43-4ac9-b816-f4edb45fc87b,https://dailymed.nlm.nih.gov/dailymed/drugInfo.cfm?setid=edced0dc-dd43-4ac9-b816-f4edb45fc87b
include,auto,baby/kids word in product name,no,"BABYGANICS SPF 50 PLUS SUNSCREEN (ZINC OXIDE, OCTISALATE, AND OCTOCRYLENE) SPRAY",KAS DIRECT LLC DBA BABYGANICS,sunscreen,product_name,zinc,False,butyloctyl salicylate,50,722cc8eacbacc271,4075f9dc-c25f-434f-a3fc-a7f896295c3d,https://dailymed.nlm.nih.gov/dailymed/drugInfo.cfm?setid=4075f9dc-c25f-434f-a3fc-a7f896295c3d
include,auto,baby/kids word in product name,no,"BABYGANICS SUNSCREEN 30 SPF (ZINC OXIDE, OCTINOXATE, AND OCTISALATE) SPRAY",KAS DIRECT LLC DBA BABYGANICS,sunscreen,product_name,zinc,False,,,102d57aa6db5c62a,391a4ec3-b65b-4dbe-bc8f-cb67514c8ef1,https://dailymed.nlm.nih.gov/dailymed/drugInfo.cfm?setid=391a4ec3-b65b-4dbe-bc8f-cb67514c8ef1
include,auto,baby/kids word in product name,no,BADGER BABY SPF 30 SUNSCREEN (ZINC OXIDE) CREAM,NORWOOD PACKAGING LTD.,sunscreen,product_name,zinc,True,,30,e1ddd6a02b1ab1ca,6587b9ff-b49e-42f0-a4c7-c492db61623b,https://dailymed.nlm.nih.gov/dailymed/drugInfo.cfm?setid=6587b9ff-b49e-42f0-a4c7-c492db61623b
include,auto,baby/kids word in product name,no,BADGER BABY SUNSCREEN CREAM BROAD SPECTRUM SPF 40 (ZINC OXIDE) CREAM,"W.S. BADGER COMPANY, INC.",sunscreen,product_name,zinc,True,,40,399679574ae30b71,ccd1b1fa-d44e-6b0e-e053-2995a90a157b,https://dailymed.nlm.nih.gov/dailymed/drugInfo.cfm?setid=ccd1b1fa-d44e-6b0e-e053-2995a90a157b
include,auto,baby/kids word in product name,no,BADGER BABY SUNSCREEN CREAM BROAD SPECTRUM SPF 40 (ZINC OXIDE) CREAM,"W.S. BADGER COMPANY, INC.",sunscreen,product_name,zinc,True,,40,399679574ae30b71,d61acaa0-73ef-eccf-e053-2995a90ad940,https://dailymed.nlm.nih.gov/dailymed/drugInfo.cfm?setid=d61acaa0-73ef-eccf-e053-2995a90ad940
include,auto,baby/kids word in product name,no,BADGER CLEAR SPORT SPF 35 KIDS ALL SEASON FACE STICK (ZINC OXIDE) STICK,"W.S. BADGER COMPANY, INC.",sunscreen,product_name,zinc,True,,35,fd764158aa0535e6,9ba94ecc-17c2-9e21-e053-2a95a90a9fac,https://dailymed.nlm.nih.gov/dailymed/drugInfo.cfm?setid=9ba94ecc-17c2-9e21-e053-2a95a90a9fac
include,auto,baby/kids word in product name,no,BADGER KIDS BROAD SPECTRUM SPF 40 NATURAL MINERAL SUNSCREEN CREAM (ZINC OXIDE) CREAM,"W.S. BADGER COMPANY, INC.",sunscreen,product_name,zinc,True,,40,0ff176a0661bbdd6,80a3671d-60e8-22fe-e053-2991aa0a094b,https://dailymed.nlm.nih.gov/dailymed/drugInfo.cfm?setid=80a3671d-60e8-22fe-e053-2991aa0a094b
include,auto,baby/kids word in product name,no,BADGER KIDS MINERAL SUNSCREEN CREAM BROAD SPECTRUM SPF 40 (ZINC OXIDE) CREAM,"W.S. BADGER COMPANY, INC.",sunscreen,product_name,zinc,True,,40,0ff176a0661bbdd6,d619d2b4-bae8-bc76-e053-2995a90a369b,https://dailymed.nlm.nih.gov/dailymed/drugInfo.cfm?setid=d619d2b4-bae8-bc76-e053-2995a90a369b
include,auto,baby/kids word in product name,no,BADGER KIDS SPF 30 SUNSCREEN (ZINC OXIDE) CREAM,NORWOOD PACKAGING LTD.,sunscreen,product_name,zinc,True,,30,49ca062b6c815c4a,9f527715-dd39-4580-bbd2-a0397be36cd3,https://dailymed.nlm.nih.gov/dailymed/drugInfo.cfm?setid=9f527715-dd39-4580-bbd2-a0397be36cd3
include,auto,baby/kids word in product name,no,BADGER SPF 35 KIDS CLEAR FACE STICK (ZINC OXIDE) STICK,"W.S. BADGER COMPANY, INC.",sunscreen,product_name,zinc,True,,35,c3c65eae58287ce6,d1038442-ec86-07e3-e053-2995a90ad6ab,https://dailymed.nlm.nih.gov/dailymed/drugInfo.cfm?setid=d1038442-ec86-07e3-e053-2995a90ad6ab
include,auto,baby/kids word in product name,no,"BANANA BABY (AVOBENZONE,OCTISALATE,OCTOCRYLENE) LOTION",EDGEWELL PERSONAL CARE BRANDS LLC,sunscreen,product_name,none,False,,,0023d89433e998f9,5258d9f9-a161-4695-e063-6394a90a47f8,https://dailymed.nlm.nih.gov/dailymed/drugInfo.cfm?setid=5258d9f9-a161-4695-e063-6394a90a47f8
include,auto,baby/kids word in product name,no,"BANANA BABY (HOMOSALATE,OCTISALATE,OCTOCRYLENE,ZINC OXIDE) AEROSOL, SPRAY","EDGEWELL PERSONAL CARE BRANDS, LLC",sunscreen,product_name,zinc,False,butyloctyl salicylate,,b417a948ae32e415,5c01baa8-cee2-ee68-e063-6394a90ac29a,https://dailymed.nlm.nih.gov/dailymed/drugInfo.cfm?setid=5c01baa8-cee2-ee68-e063-6394a90ac29a
include,auto,baby/kids word in product name,no,"BANANA BABY (TITANIUM DIOXIDE,ZINC OXIDE) LOTION",EDGEWELL PERSONAL CARE BRANDS LLC,sunscreen,product_name,zinc_titanium,True,"butyloctyl salicylate, ethylhexyl methoxycrylene",,b9922be30ad9f7ce,5c3ea09e-8bf0-7873-e063-6294a90a3fd3,https://dailymed.nlm.nih.gov/dailymed/drugInfo.cfm?setid=5c3ea09e-8bf0-7873-e063-6294a90a3fd3
include,auto,baby/kids word in product name,no,"BANANA BOAT BABY MINERAL ENRICHED SUNSCREEN UVA/UVB PROTECTION BROAD SPECTRUM SPF 50PLUS (HOMOSALATE,OCTISALATE,OCTOCRYLENE,ZINC OXIDE) LOTION",EDGEWELL PERSONAL CARE BRANDS LLC,sunscreen,product_name,zinc,False,butyloctyl salicylate,,bd687b6a53b087fb,c780d5cf-8388-42e0-e053-2a95a90a7c04,https://dailymed.nlm.nih.gov/dailymed/drugInfo.cfm?setid=c780d5cf-8388-42e0-e053-2a95a90a7c04
include,auto,baby/kids word in product name,no,BANANA BOAT BABY SIN LAGRIMAS SPF 50 PUMP (HOMOSALATE AND OCTINOXATE AND OCTISALATE AND OCTOCRYLENE AND AVOBENZONE) SPRAY,"ACCRA-PAC, INC.",sunscreen,product_name,none,False,bemotrizinol,50,18bf6e6253701081,2a9d4264-c51b-40ce-880b-bb61470f8002,https://dailymed.nlm.nih.gov/dailymed/drugInfo.cfm?setid=2a9d4264-c51b-40ce-880b-bb61470f8002
include,auto,baby/kids word in product name,no,BANANA BOAT BABY TEAR FREE LOTION SPF 50 (HOMOSALATE AND OCTINOXATE AND OCTISALATE AND OCTOCRYLENE AND AVOBENZONE) SPRAY,"ACCRA-PAC, INC.",sunscreen,product_name,none,False,bemotrizinol,50,9d0fbb9520c35739,bcebfcd8-e4f0-482e-abb7-4e7ca3cfa0b9,https://dailymed.nlm.nih.gov/dailymed/drugInfo.cfm?setid=bcebfcd8-e4f0-482e-abb7-4e7ca3cfa0b9
include,auto,baby/kids word in product name,no,BANANA BOAT BABY TEAR FREE SUNSCREEN SPF 60 (HOMOSALATE AND OCTINOXATE AND OCTISALATE AND AVOBENZONE AND OCTOCRYLENE) SPRAY,"ACCRA-PAC, INC.",sunscreen,product_name,none,False,,60,4f6b3661431bdec9,c70b480d-4475-4476-973e-38546dc1c755,https://dailymed.nlm.nih.gov/dailymed/drugInfo.cfm?setid=c70b480d-4475-4476-973e-38546dc1c755
include,auto,baby/kids word in product name,no,BANANA BOAT KIDS FREE 50 SPRAY,"EDGEWELL PERSONAL CARE BRANDS, LLC",sunscreen,product_name,none,False,,,1141e3c2aeffb433,0c238393-1035-19aa-e054-00144ff88e88,https://dailymed.nlm.nih.gov/dailymed/drugInfo.cfm?setid=0c238393-1035-19aa-e054-00144ff88e88
include,auto,baby/kids word in product name,no,"BANANA BOAT KIDS MINERAL PROTECTION SPF50 (TITANIUM DIOXIDE,ZINC OXIDE) LOTION",EDGEWELL PERSONAL CARE BRANDS LLC,sunscreen,product_name,zinc_titanium,True,"butyloctyl salicylate, ethylhexyl methoxycrylene",50,af71cd07ebcb2348,dc7701b5-0c73-b4df-e053-2a95a90a0f1b,https://dailymed.nlm.nih.gov/dailymed/drugInfo.cfm?setid=dc7701b5-0c73-b4df-e053-2a95a90a0f1b
include,auto,baby/kids word in product name,no,BANANA BOAT KIDS PROTECT AND PLAY SPF 50 (AVOBENZONE AND OCTOCRYLENE AND OXYBENZONE) SPRAY,"ACCRA-PAC, INC.",sunscreen,product_name,none,False,,50,c3398b65d02b0a91,caf72244-e9ec-4a53-b7ff-232834a12a87,https://dailymed.nlm.nih.gov/dailymed/drugInfo.cfm?setid=caf72244-e9ec-4a53-b7ff-232834a12a87
include,auto,baby/kids word in product name,no,BANANA BOAT KIDS PROTECT AND PLAY SPF 85 (AVOBENZONE AND HOMOSALATE AND OCTOCRYLENE AND OXYBENZONE) SPRAY,"ACCRA-PAC, INC.",sunscreen,product_name,none,False,,85,59c3d289fc0321b7,5a1bf0be-2a9f-409a-b91e-31ee02913430,https://dailymed.nlm.nih.gov/dailymed/drugInfo.cfm?setid=5a1bf0be-2a9f-409a-b91e-31ee02913430
include,auto,baby/kids word in product name,no,BANANA BOAT KIDS SIN LAGRIMAS PUMP SPF 50 (HOMOSALATE AND OCTINOXATE AND OCTISALATE AND OCTOCRYLENE AND AVOBENZONE) SPRAY,"ACCRA-PAC, INC.",sunscreen,product_name,none,False,bemotrizinol,50,18bf6e6253701081,e72f2ad6-f3cb-418d-9ff3-d857cfbe0c21,https://dailymed.nlm.nih.gov/dailymed/drugInfo.cfm?setid=e72f2ad6-f3cb-418d-9ff3-d857cfbe0c21
include,auto,baby/kids word in product name,no,"BANANA BOAT KIDS SPF 65 CLEAR SUNSCREEN (AVOBENZONE,HOMOSALATE,OCTISALATE,OCTOCRYLENE) AEROSOL, SPRAY",EDGEWELL PERSONAL CARE BRANDS LLC,sunscreen,product_name,none,False,,65,4c3ac876a94c1bb7,dc7b0d17-d7c8-433f-e053-2995a90a477d,https://dailymed.nlm.nih.gov/dailymed/drugInfo.cfm?setid=dc7b0d17-d7c8-433f-e053-2995a90a477d
include,auto,baby/kids word in product name,no,"BANANA BOAT KIDS SPORT SUNSCREEN ROLL-ON UVA/UVB BROAD SPECTRUM SPF 60 PLUS (AVOBENZONE,HOMOSALATE,OCTISALATE,OCTOCRYLENE) LOTION",EDGEWELL PERSONAL CARE BRANDS LLC,sunscreen,product_name,none,False,,60,c7713e1543ce6d67,c7563a84-f622-dad6-e053-2a95a90aa8d9,https://dailymed.nlm.nih.gov/dailymed/drugInfo.cfm?setid=c7563a84-f622-dad6-e053-2a95a90aa8d9
include,auto,baby/kids word in product name,no,BANANA BOAT KIDS TEAR FREE CONTINUOUS SPF 50 (AVOBENZONE AND HOMOSALATE AND OCTINOXATE AND OCTISALATE AND OCTOCRYLENE) SPRAY,"ACCRA-PAC, INC.",sunscreen,product_name,none,False,,50,5bfd560541ba7e8b,09037f54-a121-4132-957f-1c01f3a70ebc,https://dailymed.nlm.nih.gov/dailymed/drugInfo.cfm?setid=09037f54-a121-4132-957f-1c01f3a70ebc
include,auto,baby/kids word in product name,no,BANANA BOAT KIDS TEAR FREE SUNSCREEN SPF 60 (HOMOSALATE AND OCTINOXATE AND OCTISALATE AND AVOBENZONE AND OCTOCRYLENE) SPRAY,"ACCRA-PAC, INC.",sunscreen,product_name,none,False,,60,f167d794d46c133b,0329bfae-3f38-4fcd-be77-f92c67657bb5,https://dailymed.nlm.nih.gov/dailymed/drugInfo.cfm?setid=0329bfae-3f38-4fcd-be77-f92c67657bb5
include,auto,baby/kids word in product name,no,BANANA BOAT KIDS ULTRAMIST TEAR FREE SPF 30 (AVOBENZONE AND HOMOSALATE AND OCTISALATE AND OCTOCRYLENE) SPRAY,"ACCRA-PAC, INC.",sunscreen,product_name,none,False,,30,67b20eef724631d5,89d05291-4ee5-48c6-be1d-7ac30f323bcb,https://dailymed.nlm.nih.gov/dailymed/drugInfo.cfm?setid=89d05291-4ee5-48c6-be1d-7ac30f323bcb
include,auto,baby/kids word in product name,no,BANANA BOAT ULTRA MIST KIDS FPS 60 LATAM (HOMOSALATE AND OCTINOXATE AND OCTISALATE AND OCTOCRYLENE AND OXYBENZONE AND AVOBENZONE) SPRAY,"ACCRA-PAC, INC.",sunscreen,product_name,none,False,bemotrizinol,60,5e244d5fdd14e815,3aa6550e-d1ed-4064-bf58-e694705669a8,https://dailymed.nlm.nih.gov/dailymed/drugInfo.cfm?setid=3aa6550e-d1ed-4064-bf58-e694705669a8
include,auto,baby/kids word in product name,no,BANANA BOAT ULTRAMIST BABY TEAR FREE CONTINUOUS SPF 50 (AVOBENZONE AND HOMOSALATE AND OCTINOXATE AND OCTISALATE AND OCTOCRYLENE) SPRAY,"ACCRA-PAC, INC.",sunscreen,product_name,none,False,,50,3e166391dbf4730a,6d0a8efb-4da9-4cb5-b1d3-c9dad05fa9a6,https://dailymed.nlm.nih.gov/dailymed/drugInfo.cfm?setid=6d0a8efb-4da9-4cb5-b1d3-c9dad05fa9a6
include,auto,baby/kids word in product name,no,BANANA BOAT ULTRAMIST KIDS SPF 50 FACTOR DE PROTECCION SOLAR 50 (HOMOSALATE AND OCTINOXATE AND OCTISALATE AND OCTOCRYLENE AND AVOBENZONE) SPRAY,"ACCRA-PAC, INC.",sunscreen,product_name,none,False,bemotrizinol,50,15f6939f30d52e97,5af11bbe-0dec-416c-8f37-e93b14a940b6,https://dailymed.nlm.nih.gov/dailymed/drugInfo.cfm?setid=5af11bbe-0dec-416c-8f37-e93b14a940b6
include,auto,baby/kids word in product name,no,BANANA BOAT ULTRAMIST KIDS TEAR FREE LOTION SPF 50 (HOMOSALATE AND OCTINOXATE AND OCTISALATE AND OCTOCRYLENE AND AVOBENZONE) SPRAY,"ACCRA-PAC, INC.",sunscreen,product_name,none,False,bemotrizinol,50,7f11304a6ae4027e,03fbbb81-bd8b-488a-b013-d06203bf5c7f,https://dailymed.nlm.nih.gov/dailymed/drugInfo.cfm?setid=03fbbb81-bd8b-488a-b013-d06203bf5c7f
include,auto,baby/kids word in product name,no,BEBAK BABY SUN (OXYBENZONE) LOTION,SORA KOZMETIK SANAYI TICARET ANONIM SIRKETI,sunscreen,product_name,none,False,"avobenzone, homosalate, octocrylene, ensulizole",,1f73661484e31acf,aa977e07-83a9-3e6e-e053-2a95a90a25a9,https://dailymed.nlm.nih.gov/dailymed/drugInfo.cfm?setid=aa977e07-83a9-3e6e-e053-2a95a90a25a9
include,auto,baby/kids word in product name,no,"BIG LOTS SOUNDBODY KIDS SUNSCREEN SPF 50 (AVOBENZONE, HOMOSALATE, OCTISALATE, OCTOCRYLENE) SPRAY","BIG LOTS STORES, INC.",sunscreen,product_name,none,False,butyloctyl salicylate,50,e8a0722c5f5dda0a,e4b70fdb-7548-175c-e053-2995a90adfe6,https://dailymed.nlm.nih.gov/dailymed/drugInfo.cfm?setid=e4b70fdb-7548-175c-e053-2995a90adfe6
include,auto,baby/kids word in product name,no,"BILBOA KIDS SUNSCREEN SPF 50 PLUS (HOMOSALATE, OCTISALATE, OXYBENZONE, ZINC OXIDE) LOTION",CADEY S.R.L.,sunscreen,product_name,zinc,False,butyloctyl salicylate,50,fcaec4704aeb2115,354ef99d-a94d-438d-b62f-c91b2107e266,https://dailymed.nlm.nih.gov/dailymed/drugInfo.cfm?setid=354ef99d-a94d-438d-b62f-c91b2107e266
include,auto,baby/kids word in product name,no,BINDA BOTANICALS BABY AND KIDS SUNSCREEN SPF50 (ZINC OXIDE SUNSCREEN) CREAM,VEGANIC SKN LIMITED,sunscreen,product_name,zinc,True,,50,ed6eb05c9c5ca4a8,452b9b7d-4049-b483-e063-6394a90a5358,https://dailymed.nlm.nih.gov/dailymed/drugInfo.cfm?setid=452b9b7d-4049-b483-e063-6394a90a5358
include,auto,baby/kids word in product name,no,BLACK GIRL SUNSCREEN MAKE IT MINERAL BABY (ZINC OXIDE) LOTION,BLACK GIRL SUNSCREEN,sunscreen,product_name,zinc,True,butyloctyl salicylate,,46f8f037c2fd36e7,302bccc6-7bf3-cc69-e063-6294a90a625c,https://dailymed.nlm.nih.gov/dailymed/drugInfo.cfm?setid=302bccc6-7bf3-cc69-e063-6294a90a625c
include,auto,baby/kids word in product name,no,"BLACK GIRL SUNSCREEN SPF 50 KIDS (AVOBENZONE 3%, HOMOSALATE 15%, OCTISALATE 5%, OCTOCRYLENE 10%) SPRAY","DERMA CARE RESEARCH LABS, LLC",sunscreen,product_name,none,False,diethylhexyl syringylidenemalonate,50,3c8d2ba1976189e0,d53ff8f5-0b06-1e8b-e053-2a95a90ab924,https://dailymed.nlm.nih.gov/dailymed/drugInfo.cfm?setid=d53ff8f5-0b06-1e8b-e053-2a95a90ab924
include,auto,baby/kids word in product name,no,"BLI HOLDING MIAMI BEACH KIDS SPF 50 (AVOBENZONE, HOMOSALATE, OCTISALATE, OCTOCRYLENE AND OXYBENZONE) AEROSOL, SPRAY","PRIME PACKAGING, INC.",sunscreen,product_name,none,False,,50,27482c40ad9979c0,e0983d07-efac-4738-acd7-2e86dffa552b,https://dailymed.nlm.nih.gov/dailymed/drugInfo.cfm?setid=e0983d07-efac-4738-acd7-2e86dffa552b
include,auto,baby/kids word in product name,no,"BLI HOLDINGS MIAMI BEACH KIDS SPF 50 (AVOBENZONE, HOMOSALATE, OCTISALATE, OCTOCRYLENE, AND OXYBENZONE) LOTION","PRIME ENTERPRISES, INC.",sunscreen,product_name,none,False,,50,287dd2392f92bb9b,6053bc07-3060-4610-864d-d549df6dc926,https://dailymed.nlm.nih.gov/dailymed/drugInfo.cfm?setid=6053bc07-3060-4610-864d-d549df6dc926
include,auto,baby/kids word in product name,no,BLUE LIZARD BABY SPF 50 (ZINC OXIDE) STICK,CROWN LABORATORIES,sunscreen,product_name,zinc,True,,50,e55a1ed6b8c7c071,9948f5b8-43bd-1c99-e053-2a95a90a6121,https://dailymed.nlm.nih.gov/dailymed/drugInfo.cfm?setid=9948f5b8-43bd-1c99-e053-2a95a90a6121
include,auto,baby/kids word in product name,no,BLUE LIZARD BABY SPF 50 SUNSCREEN (TITANIUM DIOXIDE AND ZINC OXIDE) LOTION,CROWN LABORATORIES,sunscreen,product_name,zinc_titanium,True,butyloctyl salicylate,50,6d82105e53800094,32d6e04a-fa30-ba48-e063-6394a90a1bbf,https://dailymed.nlm.nih.gov/dailymed/drugInfo.cfm?setid=32d6e04a-fa30-ba48-e063-6394a90a1bbf
include,auto,baby/kids word in product name,no,BLUE LIZARD BABY SPF 50 SUNSCREEN (TITANIUM DIOXIDE AND ZINC OXIDE) LOTION,CROWN LABORATORIES,sunscreen,product_name,zinc_titanium,True,,50,c8546f84c29467e8,9d237fb7-4f5f-521d-e053-2a95a90a9734,https://dailymed.nlm.nih.gov/dailymed/drugInfo.cfm?setid=9d237fb7-4f5f-521d-e053-2a95a90a9734
include,auto,baby/kids word in product name,no,BLUE LIZARD KIDS SPF 50 (ZINC OXIDE) SPRAY,CROWN LABORATORIES,sunscreen,product_name,zinc,True,butyloctyl salicylate,50,53446c80c2d9cff7,bfefb36b-0858-6e4d-e053-2a95a90a01ce,https://dailymed.nlm.nih.gov/dailymed/drugInfo.cfm?setid=bfefb36b-0858-6e4d-e053-2a95a90a01ce
include,auto,baby/kids word in product name,no,BLUE LIZARD KIDS SPF 50 (ZINC OXIDE) STICK,CROWN LABORATORIES,sunscreen,product_name,zinc,True,,50,da7984f65f0ae16e,9983563c-1e63-0748-e053-2a95a90a971e,https://dailymed.nlm.nih.gov/dailymed/drugInfo.cfm?setid=9983563c-1e63-0748-e053-2a95a90a971e
include,auto,baby/kids word in product name,no,BLUE LIZARD KIDS SPF 50 SUNSCREEN (OCTISALATE AND TITANIUM DIOXIDE AND ZINC OXIDE) LOTION,CROWN LABORATORIES,sunscreen,product_name,zinc_titanium,False,butyloctyl salicylate,50,055f6c261e732289,ba4ae906-48c0-8384-e053-2995a90afb91,https://dailymed.nlm.nih.gov/dailymed/drugInfo.cfm?setid=ba4ae906-48c0-8384-e053-2995a90afb91
include,auto,baby/kids word in product name,no,BLUE LIZARD KIDS SPF 50 SUNSCREEN (TITANIUM DIOXIDE AND ZINC OXIDE) LOTION,CROWN LABORATORIES,sunscreen,product_name,zinc_titanium,True,butyloctyl salicylate,50,a68c0bce4b602b0e,2f780daa-4c91-5a68-e063-6394a90afd41,https://dailymed.nlm.nih.gov/dailymed/drugInfo.cfm?setid=2f780daa-4c91-5a68-e063-6394a90afd41
include,auto,baby/kids word in product name,no,BOB KIDS SPF 30 ZINC ONLY (ZINC OXIDE) POWDER,"SPF VENTURES, LLC",sunscreen,product_name,zinc,True,ethyl ferulate,30,fcd6eae0bfa4d3c6,1aae0291-f16f-7840-e063-6394a90a3443,https://dailymed.nlm.nih.gov/dailymed/drugInfo.cfm?setid=1aae0291-f16f-7840-e063-6394a90a3443
include,auto,baby/kids word in product name,no,BOTAO BABY MINERAL SUNSCREEN L (ZINC OXIDE) LOTION,PEER PHARM LTD.,sunscreen,product_name,zinc,True,,,555e65f6f0ccd0a7,e1564df9-90cb-0b1f-e053-2a95a90acb5e,https://dailymed.nlm.nih.gov/dailymed/drugInfo.cfm?setid=e1564df9-90cb-0b1f-e053-2a95a90acb5e
include,auto,baby/kids word in product name,no,BRUSH ON BLOCK SPF 50 KIDS MINERAL (ZINC OXIDE) SPRAY,"SPF VENTURES, LLC",sunscreen,product_name,zinc,True,"tridecyl salicylate, butyloctyl salicylate",50,515fad5a65a299ce,2f17b5fe-44da-964b-e063-6394a90ae699,https://dailymed.nlm.nih.gov/dailymed/drugInfo.cfm?setid=2f17b5fe-44da-964b-e063-6394a90ae699
include,auto,baby/kids word in product name,no,"BULL FROG KIDS MIST 50 (AVOBENZONE, HOMOSALATE, OCTISALATE, OXYBENZONE, OCTOCRYLENE) SPRAY","SUN & SKIN CARE RESEARCH, LLC",sunscreen,product_name,none,False,polyester-8,,f44b185006cb878a,81c929b7-f925-4498-889d-3b26ff2e05bf,https://dailymed.nlm.nih.gov/dailymed/drugInfo.cfm?setid=81c929b7-f925-4498-889d-3b26ff2e05bf
include,auto,baby/kids word in product name,no,"BULL FROG KIDS SUNSCREEN 35 (AVOBENZONE, HOMOSALATE, OCTISALATE, OXYBENZONE, OCTOCRYLENE) LOTION","SUN & SKIN CARE RESEARCH, LLC",sunscreen,product_name,none,False,,,2737a49f5c9f3ce7,60cdfbfa-9f3e-4ad0-9e96-6fd498748f06,https://dailymed.nlm.nih.gov/dailymed/drugInfo.cfm?setid=60cdfbfa-9f3e-4ad0-9e96-6fd498748f06
include,auto,baby/kids word in product name,no,"CARING MILL KIDS SUNSCREEN SPF 50 (AVOBENZONE, HOMOSALATE, OCTISALATE,) LIQUID",FSA STORE INC.,sunscreen,product_name,none,False,,50,4845a69e4a5a0bdf,0ec21837-d4f1-0916-e063-6294a90a2199,https://dailymed.nlm.nih.gov/dailymed/drugInfo.cfm?setid=0ec21837-d4f1-0916-e063-6294a90a2199
include,auto,baby/kids word in product name,no,COPPERTONE KIDS ROLL-ON SUNSCREEN SPF 50 (ZINC OXIDE 24.08%) LOTION,BEIERSDORF INC,sunscreen,product_name,zinc,True,"butyloctyl salicylate, ethylhexyl methoxycrylene",50,1e20bd2313b21829,f3e1ea21-4a07-3e18-e053-2995a90a0fe7,https://dailymed.nlm.nih.gov/dailymed/drugInfo.cfm?setid=f3e1ea21-4a07-3e18-e053-2995a90a0fe7
include,auto,baby/kids word in product name,no,COPPERTONE KIDS SPF 50 (COPPERTONE KIDS) SPRAY,BAYER HEALTHCARE LLC.,sunscreen,product_name,none,False,,50,64cf819218841c39,13c9ab06-9903-728a-e054-00144ff88e88,https://dailymed.nlm.nih.gov/dailymed/drugInfo.cfm?setid=13c9ab06-9903-728a-e054-00144ff88e88
include,auto,baby/kids word in product name,no,"COPPERTONE KIDS SPF 50 SUNSCREEN (AVOBENZONE 3%, HOMOSALATE 10%, OCTISALATE 5%, OCTOCRYLENE 5%) AEROSOL, SPRAY",BEIERSDORF INC,sunscreen,product_name,none,False,,50,9dd5cb36f7cc5a55,cbf9a785-f218-76fb-e053-2995a90a8e03,https://dailymed.nlm.nih.gov/dailymed/drugInfo.cfm?setid=cbf9a785-f218-76fb-e053-2995a90a8e03
include,auto,baby/kids word in product name,no,"COPPERTONE KIDS SPORT SPF 60 SUNSCREEN (AVOBENZONE 3%, HOMOSALATE 15%, OCTISALATE 5%, OCTOCRYLENE 10%) AEROSOL, SPRAY",BEIERSDORF INC,sunscreen,product_name,none,False,"butyloctyl salicylate, ethylhexyl methoxycrylene, polyester-8, diethylhexyl syringylidenemalonate",60,abd9e4c378b87bcc,23fb7304-789d-1f94-e063-6394a90a7e62,https://dailymed.nlm.nih.gov/dailymed/drugInfo.cfm?setid=23fb7304-789d-1f94-e063-6394a90a7e62
include,auto,baby/kids word in product name,no,"COPPERTONE KIDS SPORT SUNSCREEN SPF 100 (AVOBENZONE 3%, HOMOSALATE 15%, OCTINOXATE 2% OCTISALATE 5%, OCTOCRYLENE 10%, OXYBENZONE 6%) SPRAY",BEIERSDORF INC,sunscreen,product_name,none,False,"ethylhexyl methoxycrylene, diethylhexyl syringylidenemalonate",100,40bb6232a4b5d860,c068a6e7-260f-0766-e053-2995a90a422f,https://dailymed.nlm.nih.gov/dailymed/drugInfo.cfm?setid=c068a6e7-260f-0766-e053-2995a90a422f
include,auto,baby/kids word in product name,no,"COPPERTONE KIDS SPORT SUNSCREEN SPF 50 (AVOBENZONE 3%, HOMOSALATE 10%, OCTISALATE 5%, OCTOCRYLENE 5%) SPRAY",BEIERSDORF INC,sunscreen,product_name,none,False,,50,2c7f3d25aaa9615c,c0421c97-72bd-fcac-e053-2995a90aac28,https://dailymed.nlm.nih.gov/dailymed/drugInfo.cfm?setid=c0421c97-72bd-fcac-e053-2995a90aac28
include,auto,baby/kids word in product name,no,"COPPERTONE KIDS SUNSCREEN SPF 50 ((TO DELIVER) AVOBENZONE 3%, HOMOSALATE 10%, OCTISALATE 5%, OCTOCRYLENE 5%) AEROSOL, SPRAY",BEIERSDORF INC,sunscreen,product_name,none,False,,50,b405892886633c2e,0a5a4d0e-8ab2-3d79-e063-6394a90a7006,https://dailymed.nlm.nih.gov/dailymed/drugInfo.cfm?setid=0a5a4d0e-8ab2-3d79-e063-6394a90a7006
include,auto,baby/kids word in product name,no,"COPPERTONE KIDS SUNSCREEN SPF 50 ((TO DELIVER) AVOBENZONE 3%, HOMOSALATE 5%, OCTISALATE 10%, OCTOCRYLENE 5%) SPRAY",BEIERSDORF INC,sunscreen,product_name,none,False,,50,f5e792f94cf24332,0a5a42a3-6fe4-2980-e063-6394a90a54fe,https://dailymed.nlm.nih.gov/dailymed/drugInfo.cfm?setid=0a5a42a3-6fe4-2980-e063-6394a90a54fe
include,auto,baby/kids word in product name,no,"COPPERTONE KIDS SUNSCREEN SPF 50 (AVOBENZONE 3%, HOMOSALATE 10%, OCTISALATE 5%, OCTOCRYLENE 5%) SPRAY",BEIERSDORF INC.,sunscreen,product_name,none,False,,50,0bc65dd96ff37829,c05388dc-4282-ee79-e053-2a95a90a376a,https://dailymed.nlm.nih.gov/dailymed/drugInfo.cfm?setid=c05388dc-4282-ee79-e053-2a95a90a376a
include,auto,baby/kids word in product name,no,"COPPERTONE KIDS SUNSCREEN SPF 60 (AVOBENZONE 3%, HOMOSALATE 15%, OCTISALATE 5%, OCTOCRYLENE 10%) LOTION",BEIERSDORF INC,sunscreen,product_name,none,False,"butyloctyl salicylate, diethylhexyl syringylidenemalonate",60,d2cf0f515ed2dff6,240dd76a-8f39-caec-e063-6294a90abbbc,https://dailymed.nlm.nih.gov/dailymed/drugInfo.cfm?setid=240dd76a-8f39-caec-e063-6294a90abbbc
include,auto,baby/kids word in product name,no,"COPPERTONE KIDS SUNSCREEN SPF 70 (AVOBENZONE 3%, HOMOSALATE 13%, OCTISALATE 5%, OCTOCRYLENE 10%, OXYBENZONE 6%) LOTION",BEIERSDORF INC,sunscreen,product_name,none,False,"diethylhexyl syringylidenemalonate, butyloctyl salicylate",70,805eb3e4b19eb776,c0552256-d8cb-5473-e053-2995a90ad0d5,https://dailymed.nlm.nih.gov/dailymed/drugInfo.cfm?setid=c0552256-d8cb-5473-e053-2995a90ad0d5
include,auto,baby/kids word in product name,no,"COPPERTONE KIDS TEAR FREE MINERAL SUNSCREEN SPF 50 (OCTINOXATE 7.5%, OCTISALATE 5%, ZINC OXIDE 14.5%) LOTION",BEIERSDORF INC,sunscreen,product_name,zinc,False,,50,a91d5e6cc905760e,c054fd86-b0d9-24fc-e053-2a95a90aea2c,https://dailymed.nlm.nih.gov/dailymed/drugInfo.cfm?setid=c054fd86-b0d9-24fc-e053-2a95a90aea2c
include,auto,baby/kids word in product name,no,"COPPERTONE PURE AND SIMPLE BABY SUNSCREEN SPF 50 (ZINC OXIDE 24.08%) AEROSOL, SPRAY",BEIERSDORF INC,sunscreen,product_name,zinc,True,"butyloctyl salicylate, ethylhexyl methoxycrylene",50,033445affab5850e,088b7152-d3d1-9e74-e063-6394a90a4152,https://dailymed.nlm.nih.gov/dailymed/drugInfo.cfm?setid=088b7152-d3d1-9e74-e063-6394a90a4152
include,auto,baby/kids word in product name,no,COPPERTONE PURE AND SIMPLE BABY SUNSCREEN SPF 50 (ZINC OXIDE 24.08%) LOTION,BEIERSDORF INC,sunscreen,product_name,zinc,True,"ethylhexyl methoxycrylene, butyloctyl salicylate",50,99b5289ec87f4c66,08134b95-1879-27e5-e063-6294a90a29af,https://dailymed.nlm.nih.gov/dailymed/drugInfo.cfm?setid=08134b95-1879-27e5-e063-6294a90a29af
include,auto,baby/kids word in product name,no,COPPERTONE PURE AND SIMPLE KIDS SUNCREEN SPF 50 (ZINC OXIDE 24.08%) LOTION,BEIERSDORF INC,sunscreen,product_name,none,False,"ethylhexyl methoxycrylene, butyloctyl salicylate",50,322ca3463fa4c533,08147940-0e8b-c894-e063-6394a90af8ac,https://dailymed.nlm.nih.gov/dailymed/drugInfo.cfm?setid=08147940-0e8b-c894-e063-6394a90af8ac
include,auto,baby/kids word in product name,no,COPPERTONE PURE AND SIMPLE KIDS SUNSCREEN SPF 50 (ZINC OXIDE (24.08%)) SPRAY,BEIERSDORF INC,sunscreen,product_name,zinc,True,"butyloctyl salicylate, ethylhexyl methoxycrylene",50,665073879240003d,09a97e3f-f6dc-eaa7-e063-6294a90ad274,https://dailymed.nlm.nih.gov/dailymed/drugInfo.cfm?setid=09a97e3f-f6dc-eaa7-e063-6294a90ad274
include,auto,baby/kids word in product name,no,COPPERTONE WATERBABIES PURE AND SIMPLE MINERAL SPF 50 (ZINC OXIDE 24.08%) LOTION,BEIERSDORF INC,sunscreen,product_name,zinc,True,"ethylhexyl methoxycrylene, butyloctyl salicylate",50,99b5289ec87f4c66,59e1a2b7-2ae2-f289-e063-6294a90aeb68,https://dailymed.nlm.nih.gov/dailymed/drugInfo.cfm?setid=59e1a2b7-2ae2-f289-e063-6294a90aeb68
include,auto,baby/kids word in product name,no,"COPPERTONE WATERBABIES PURE AND SIMPLE SUNSCREEN SPF 50 (AVOBENZONE 3%, HOMOSALATE 9%, OCTISALATE 4.5%, OCTOCRYLENE 9%) LOTION",BEIERSDORF INC,sunscreen,product_name,none,False,,50,e9cb5e658d48069a,d3d471b8-7430-98b0-e053-2995a90aba4b,https://dailymed.nlm.nih.gov/dailymed/drugInfo.cfm?setid=d3d471b8-7430-98b0-e053-2995a90aba4b
include,auto,baby/kids word in product name,no,"COPPERTONE WATERBABIES PURE AND SIMPLE SUNSCREEN SPF 50 (AVOBENZONE 3%, HOMOSALATE 9%, OCTISALATE 4.5%, OCTOCRYLENE 9%) LOTION",BEIERSDORF INC,sunscreen,product_name,none,False,,50,b966d338c1a2805d,d3e66496-bc3c-d189-e053-2a95a90a06b6,https://dailymed.nlm.nih.gov/dailymed/drugInfo.cfm?setid=d3e66496-bc3c-d189-e053-2a95a90a06b6
include,auto,baby/kids word in product name,no,"COPPERTONE WATERBABIES PURE AND SIMPLE SUNSCREEN SPF 50 (AVOBENZONE 3%, HOMOSALATE 9%, OCTISALATE 4.5%, OCTOCRYLENE 9%) LOTION",BEIERSDORF INC,sunscreen,product_name,none,False,,50,484720d132a6ff5e,d45f1915-a6ca-7ebf-e053-2a95a90a0765,https://dailymed.nlm.nih.gov/dailymed/drugInfo.cfm?setid=d45f1915-a6ca-7ebf-e053-2a95a90a0765
include,auto,baby/kids word in product name,no,COPPERTONE WATERBABIES PURE AND SIMPLE SUNSCREEN SPF 50 (ZINC OXIDE 24.08%) SPRAY,BEIERSDORF INC,sunscreen,product_name,zinc,True,"ethylhexyl methoxycrylene, butyloctyl salicylate",50,8e1ede9105a65b19,0806bdb9-961f-3146-e063-6294a90a4625,https://dailymed.nlm.nih.gov/dailymed/drugInfo.cfm?setid=0806bdb9-961f-3146-e063-6294a90a4625
include,auto,baby/kids word in product name,no,"COPPERTONE WATERBABIES SUNSCREEN SPF 50 (AVOBENZONE 3%, HOMOSALATE 9%, OCTISALATE 4.5%, OCTOCRYLENE 9%) AEROSOL, SPRAY",BEIERSDORF INC,sunscreen,product_name,none,False,,50,4a01899d8feabe17,d53e1253-f6a4-4f3d-e053-2a95a90a79ed,https://dailymed.nlm.nih.gov/dailymed/drugInfo.cfm?setid=d53e1253-f6a4-4f3d-e053-2a95a90a79ed
include,auto,baby/kids word in product name,no,"COPPERTONE WATERBABIES SUNSCREEN SPF 50 (AVOBENZONE 3%, HOMOSALATE 9%, OCTISALATE 4.5%, OCTOCRYLENE 9%) LOTION",BEIERSDORF INC,sunscreen,product_name,none,False,,50,0be97d4f3337aa5f,d915cb28-2813-5a38-e053-2a95a90a45c6,https://dailymed.nlm.nih.gov/dailymed/drugInfo.cfm?setid=d915cb28-2813-5a38-e053-2a95a90a45c6
include,reviewed,baby/kids word in product name,no,COTZ BABY (ZINC OXIDE) CREAM,"FALLIEN COSMECEUTICALS, LTD",unresolved_zinc,product_name,zinc,True,,,10b5a0aed65ef1f8,17cc12c7-5af8-413f-b205-31ac150583e2,https://dailymed.nlm.nih.gov/dailymed/drugInfo.cfm?setid=17cc12c7-5af8-413f-b205-31ac150583e2
include,reviewed,baby/kids word in product name,no,COTZ KIDS (ZINC OXIDE) CREAM,"FALLIEN COSMECEUTICALS, LTD.",unresolved_zinc,product_name,zinc,True,,,60778eed3c6279e1,3ca8742f-67cb-a25c-e063-6394a90a4638,https://dailymed.nlm.nih.gov/dailymed/drugInfo.cfm?setid=3ca8742f-67cb-a25c-e063-6394a90a4638
include,reviewed,baby/kids word in product name,no,COTZ KIDS (ZINC OXIDE) CREAM,"FALLIEN COSMECEUTICALS, LTD.",unresolved_zinc,product_name,zinc,True,,,35867ed963333238,3ca914e2-cd53-42bf-e063-6294a90a7082,https://dailymed.nlm.nih.gov/dailymed/drugInfo.cfm?setid=3ca914e2-cd53-42bf-e063-6294a90a7082
include,auto,baby/kids word in product name,no,"COTZ KIDS MINERAL SUN STICK (TITANIUM DIOXIDE, ZINC OXIDE) STICK","FALLIEN COSMECEUTICALS, LTD",sunscreen,product_name,zinc_titanium,True,,,c7232f6c719c681d,2f7225d0-ddfa-e19a-e063-6294a90a52a8,https://dailymed.nlm.nih.gov/dailymed/drugInfo.cfm?setid=2f7225d0-ddfa-e19a-e063-6294a90a52a8
include,auto,baby/kids word in product name,no,COTZ PEDIATRIC SPF 40 SUNSCREEN (ZINC OXIDE) LOTION,"FALLIEN COSMECEUTICALS, LTD.",sunscreen,product_name,zinc,True,,40,a70b6db05fad0564,e6b965a9-8dab-485f-b8f1-8f7dcb453e6e,https://dailymed.nlm.nih.gov/dailymed/drugInfo.cfm?setid=e6b965a9-8dab-485f-b8f1-8f7dcb453e6e
include,auto,baby/kids word in product name,no,"CVS HEALTH KIDS SPF 50 CLEAR (AVOBENZONE, HOMOSALATE, OCTISALATE, OCTOCRYLENE) SPRAY",CVS PHARMACY,sunscreen,product_name,none,False,butyloctyl salicylate,50,94515fa2ce6815c6,e4581d0e-ce6d-7898-e053-2a95a90a02b5,https://dailymed.nlm.nih.gov/dailymed/drugInfo.cfm?setid=e4581d0e-ce6d-7898-e053-2a95a90a02b5
include,auto,baby/kids word in product name,no,"CVS PHARMACY KIDS SPF 70 CLEAR (AVOBENZONE, HOMOSALATE, OCTISALATE, OCTOCRYLENE, OXYBENZONE) AEROSOL, SPRAY",CVS PHARMACY,sunscreen,product_name,none,False,,70,2f2cf7d28e43fd15,4eb824a6-66ac-01f8-e054-00144ff8d46c,https://dailymed.nlm.nih.gov/dailymed/drugInfo.cfm?setid=4eb824a6-66ac-01f8-e054-00144ff8d46c
include,auto,baby/kids word in product name,no,"DAYLOGIC BABY SPF 60 (TITANIUM DIOXIDE, ZINC OXIDE) LOTION",RITE AID,sunscreen,product_name,zinc_titanium,True,"butyloctyl salicylate, ethylhexyl methoxycrylene",60,6f5a74a5a7a3fd20,269718e2-0a76-4b15-a0ab-b914bc809e41,https://dailymed.nlm.nih.gov/dailymed/drugInfo.cfm?setid=269718e2-0a76-4b15-a0ab-b914bc809e41
include,auto,baby/kids word in product name,no,"DEFENSE ZONE KIDS BROAD SPECTRUM SPF 50 SUNSCREEN (HOMOSALATE, OCTINOXATE, OCTISALATE, TITANIUM DIOXIDE) LOTION",PRIME ENTERPRISES INC.,sunscreen,product_name,titanium,False,,50,8040a15876820af3,33b2b7a3-e9df-2815-e054-00144ff8d46c,https://dailymed.nlm.nih.gov/dailymed/drugInfo.cfm?setid=33b2b7a3-e9df-2815-e054-00144ff8d46c
include,auto,baby/kids word in product name,no,"DERMA SOLEIL KIDS NATURAL SUNBLOCK SPF 30 (OCTOCRYLENE, OCTYL METHOXYCINNAMATE, OCTYL SALICYLATE, OXYBENZONE) LOTION",DERMA SOLEIL,sunscreen,product_name,none,False,,30,482f341e32ee12f4,5512778c-1e08-4545-e054-00144ff8d46c,https://dailymed.nlm.nih.gov/dailymed/drugInfo.cfm?setid=5512778c-1e08-4545-e054-00144ff8d46c
include,auto,baby/kids word in product name,no,"DERMA SOLEIL KIDS NATURAL SUNBLOCK SPF 30 (OCTOCRYLENE,OCTYL METHOXYCINNAMATE,OCTYL SALICYLATE,OXYBENZONE) LOTION",BIOLOGICAL HEALTH GROUP,sunscreen,product_name,none,False,,30,6e9e304fedbb0fff,9f5a3843-bcc4-b894-e053-2a95a90a54a4,https://dailymed.nlm.nih.gov/dailymed/drugInfo.cfm?setid=9f5a3843-bcc4-b894-e053-2a95a90a54a4
include,auto,baby/kids word in product name,no,"DERMA SOLEIL KIDS NATURAL SUNBLOCK SPF 45 (OCTOCRYLENE, OCTYL METHOXYCINNAMATE, OCTYL SALICYLATE, OXYBENZONE) LOTION",DERMA SOLEIL,sunscreen,product_name,none,False,,45,9da0f7819d8663cb,5512bc12-fe9d-1398-e054-00144ff88e88,https://dailymed.nlm.nih.gov/dailymed/drugInfo.cfm?setid=5512bc12-fe9d-1398-e054-00144ff88e88
include,auto,baby/kids word in product name,no,"DERMA SOLEIL KIDS NATURAL SUNBLOCK SPF 45 (OCTOCRYLENE,OCTYL METHOXYCINNAMATE,OCTYL SALICYLATE,OXYBENZONE) LOTION",BIOLOGICAL HEALTH GROUP,sunscreen,product_name,none,False,,45,ec631b275e73bd00,9f5b2d24-3b96-8c3f-e053-2995a90ad723,https://dailymed.nlm.nih.gov/dailymed/drugInfo.cfm?setid=9f5b2d24-3b96-8c3f-e053-2995a90ad723
include,auto,baby/kids word in product name,no,DUANE READE BABY SUNSCREENSPF 50 SPF 50 (AVOBENZONE) LOTION,DUANE READE INC.,sunscreen,product_name,none,False,,50,1e7ae59cf35d464b,5e017f81-9f3b-4feb-9b7a-52b3a2420b54,https://dailymed.nlm.nih.gov/dailymed/drugInfo.cfm?setid=5e017f81-9f3b-4feb-9b7a-52b3a2420b54
include,auto,baby/kids word in product name,no,EARTH BABY BROAD SPECTRUM SPF 30 (SUNSCREEN) CREAM,"EARTH BABY, INC.",sunscreen,product_name,zinc_titanium,True,,30,c223e08399087639,42556876-74ea-38e6-e054-00144ff8d46c,https://dailymed.nlm.nih.gov/dailymed/drugInfo.cfm?setid=42556876-74ea-38e6-e054-00144ff8d46c
include,reviewed,'Baby' in product name,no,EARTH MAMA BABY FACE MINERAL SUNSCREEN SPF 40 (ZINC OXIDE) CREAM,"EARTH MAMA ANGEL BABY, LLC",sunscreen,product_name,zinc,True,,40,71a154a748eacd1c,f50eb422-33e1-48c1-8088-b7a8a6ea7068,https://dailymed.nlm.nih.gov/dailymed/drugInfo.cfm?setid=f50eb422-33e1-48c1-8088-b7a8a6ea7068
include,reviewed,'Baby' in product name,no,EARTH MAMA BABY FACE MINERAL SUNSCREEN STICK SPF 40 (ZINC OXIDE) STICK,ELEEO BRANDS LLC,sunscreen,product_name,zinc,True,,40,71a154a748eacd1c,3a22f0b9-2d6d-6230-e063-6294a90adf31,https://dailymed.nlm.nih.gov/dailymed/drugInfo.cfm?setid=3a22f0b9-2d6d-6230-e063-6294a90adf31
include,reviewed,'Baby' in product name,no,EARTH MAMA BABY MINERAL SUNSCREEN SPF 40 (ZINC OXIDE) CREAM,ELEEO BRANDS LLC,sunscreen,product_name,zinc,True,,40,04866240690bfbe4,3c443347-0134-8c87-e063-6294a90a8046,https://dailymed.nlm.nih.gov/dailymed/drugInfo.cfm?setid=3c443347-0134-8c87-e063-6294a90a8046
include,reviewed,'Baby' in product name,no,EARTH MAMA BABY MINERAL SUNSCREEN SPF 40 (ZINC OXIDE) CREAM,"EARTH MAMA ANGEL BABY, LLC",sunscreen,product_name,zinc,True,,40,04866240690bfbe4,74475fba-4cdd-4b27-8ea4-646f4016580c,https://dailymed.nlm.nih.gov/dailymed/drugInfo.cfm?setid=74475fba-4cdd-4b27-8ea4-646f4016580c
include,auto,baby/kids word in product name,no,ECOZINC KIDS NATURAL MINERAL SUNSCREEN SPF50 (ZINC OXIDE SUNSCREEN) CREAM,VEGANIC SKN LIMITED,sunscreen,product_name,zinc,True,,50,ed6eb05c9c5ca4a8,44615ae4-8206-122d-e063-6294a90a0b2c,https://dailymed.nlm.nih.gov/dailymed/drugInfo.cfm?setid=44615ae4-8206-122d-e063-6294a90a0b2c
include,auto,baby/kids word in product name,no,"EEZYSUN SPF 50 BABY AND KIDS (TITANIUM DIOXIDE, ZINC OXIDE) CREAM",BIO EARTH MANUFACTURING (PTY) LTD,sunscreen,product_name,zinc_titanium,True,,50,41531285132942c5,8e295d3d-2748-4f93-9425-de56b5d066d2,https://dailymed.nlm.nih.gov/dailymed/drugInfo.cfm?setid=8e295d3d-2748-4f93-9425-de56b5d066d2
include,auto,baby/kids word in product name,no,"EEZYSUN SPF50 BABIES AND KIDS (TITANIUM DIOXIDE, ZINC OXIDE) CREAM",BIO EARTH MANUFACTURING (PTY) LTD,sunscreen,product_name,zinc_titanium,True,,50,6635177eb32be326,edc89031-7071-4820-a6d1-5b0da9e069c0,https://dailymed.nlm.nih.gov/dailymed/drugInfo.cfm?setid=edc89031-7071-4820-a6d1-5b0da9e069c0
include,auto,baby/kids word in product name,no,"EQUALINE KIDS SPF 50 (AVOBENZONE, HOMOSALATE, OCTISALATE, OCTOCRYLENE) SPRAY","UNITED NATURAL FOODS, INC. DBA UNFI",sunscreen,product_name,none,False,butyloctyl salicylate,50,e8a0722c5f5dda0a,e46cb6e3-ea8d-3c2d-e053-2a95a90a0bf6,https://dailymed.nlm.nih.gov/dailymed/drugInfo.cfm?setid=e46cb6e3-ea8d-3c2d-e053-2a95a90a0bf6
include,auto,baby/kids word in product name,no,"EQUATE KIDS SUNSCREEN BROAD SPECTRUM SPF 50 EQUATE (AVOBENZONE, HOMOSALATE, OCTISALATE, OCTOCRYLENE) LOTION",WAL-MART INC.,sunscreen,product_name,none,False,tridecyl salicylate,50,89356eb6df46b353,10631036-0fa6-b3ee-e063-6294a90af7aa,https://dailymed.nlm.nih.gov/dailymed/drugInfo.cfm?setid=10631036-0fa6-b3ee-e063-6294a90af7aa
include,auto,baby/kids word in product name,no,EQUATE SUNSCREEN BABY BROAD SPECTRUM SPF 50 (AVOBENZONE HOMOSALATE OCTOCRYLENE) LOTION,WAL-MART STORES INC,sunscreen,product_name,none,False,,50,ee1de427dea36699,b2083cbd-ef19-4edc-9d7d-eca3452ee0ee,https://dailymed.nlm.nih.gov/dailymed/drugInfo.cfm?setid=b2083cbd-ef19-4edc-9d7d-eca3452ee0ee
include,auto,baby/kids word in product name,no,"EQUATE SUNSCREEN KIDS SPF50 BROAD SPECTRUM (AVOBENZONE, HOMOSALATE, OCTISALATE, OCTOCRYLENE) SPRAY",WAL-MART STORES INC,sunscreen,product_name,none,False,,50,290cdefa0593a179,17e9bcaa-77b5-45da-ab77-5563070e0af2,https://dailymed.nlm.nih.gov/dailymed/drugInfo.cfm?setid=17e9bcaa-77b5-45da-ab77-5563070e0af2
include,auto,baby/kids word in product name,no,"EQUATE SUNSCREEN MINERAL BASED KIDS BROAD SPECTRUM SPF 50 (HOMOSALATE , OCTOCRYLENE, ZINC OXIDE) STICK",WAL-MART STORES INC,sunscreen,product_name,zinc,False,tridecyl salicylate,50,b0b45bf9fccc84a2,0cdfc3a1-4bfa-474d-a4eb-4bfa1e628c89,https://dailymed.nlm.nih.gov/dailymed/drugInfo.cfm?setid=0cdfc3a1-4bfa-474d-a4eb-4bfa1e628c89
include,auto,baby/kids word in product name,no,"EQUATE SUNSCREEN SPF 50 KIDS BROAD SPECTRUM (TITANIUM DIOXIDE, ZINC OXIDE) LOTION",WAL-MART STORES INC,sunscreen,product_name,zinc_titanium,True,"butyloctyl salicylate, ethylhexyl methoxycrylene",50,c90869708813853c,81cb6b2e-1ca3-4a83-a8df-9bfee61e79af,https://dailymed.nlm.nih.gov/dailymed/drugInfo.cfm?setid=81cb6b2e-1ca3-4a83-a8df-9bfee61e79af
include,auto,baby/kids word in product name,no,EUCERIN BABY SENSITIVE MINERAL SPF 50 SUNSCREEN (ZINC OXIDE) LOTION,BEIERSDORF INC,sunscreen,product_name,zinc,True,"butyloctyl salicylate, ethylhexyl methoxycrylene",50,5900ad97bca31eed,cdb19c82-9845-eabc-e053-2a95a90a31f7,https://dailymed.nlm.nih.gov/dailymed/drugInfo.cfm?setid=cdb19c82-9845-eabc-e053-2a95a90a31f7
include,auto,baby/kids word in product name,no,EVEREDEN KIDS COOLING MINERAL SUNSTICK SPF30 (ZINC OXIDE) STICK,EDEN BRANDS INC.,sunscreen,product_name,zinc,True,ethyl ferulate,30,9abc34a3881d137b,521afa81-737f-81d4-e063-6394a90ad307,https://dailymed.nlm.nih.gov/dailymed/drugInfo.cfm?setid=521afa81-737f-81d4-e063-6394a90ad307
include,auto,baby/kids word in product name,no,EVEREDEN KIDS MINERAL SUNSCREEN SPF 30 (ZINC OXIDE) LOTION,EDEN BRANDS INC,sunscreen,product_name,zinc,True,,30,3ca3372f73848a83,bba219a4-de83-76fd-e053-2995a90a2d69,https://dailymed.nlm.nih.gov/dailymed/drugInfo.cfm?setid=bba219a4-de83-76fd-e053-2995a90a2d69
include,auto,baby/kids word in product name,no,EXCHANGE SELECT BABY SUNSCREEN SPF 50 (AVOBENZONE) LOTION,ARMY AND AIR FORCE EXCHANGE SERVICE,sunscreen,product_name,none,False,,50,d2c0ab08771ccca0,506a9037-2bbe-40cc-ae0e-adb3c01b4730,https://dailymed.nlm.nih.gov/dailymed/drugInfo.cfm?setid=506a9037-2bbe-40cc-ae0e-adb3c01b4730
include,auto,baby/kids word in product name,no,"EXCHANGE SELECT KIDS SPF 50 (AVOBENZONE, HOMOSALATE, OCTISALATE, OCTOCRYLENE) SPRAY",ARMY & AIR FORCE EXCHANGE SERVICE,sunscreen,product_name,none,False,butyloctyl salicylate,50,d3aecee115051672,e467c306-a2ed-4976-e053-2995a90a56ed,https://dailymed.nlm.nih.gov/dailymed/drugInfo.cfm?setid=e467c306-a2ed-4976-e053-2995a90a56ed
include,auto,baby/kids word in product name,no,EXCHANGE SELECT KIDS SUNSCREEN SPF 50 (AVOBENZONE) SPRAY,ARMY AND AIR FORCE EXCHANGE SERVICE,sunscreen,product_name,none,False,,50,fed81c17edd55d60,cb7ba9ca-6a02-471a-8093-442dc56d773b,https://dailymed.nlm.nih.gov/dailymed/drugInfo.cfm?setid=cb7ba9ca-6a02-471a-8093-442dc56d773b
include,auto,baby/kids word in product name,no,"FRUIT OF THE EARTH BLOCK UP KIDS SPF 50 MOISTURIZING SUNSCREEN (AVOBENZONE, HOMOSALATE, OCTINOXATE, OCTISALATE, OCTOCRYLENE, OXYBENZONE) LOTION","FRUIT OF THE EARTH, INC.",sunscreen,product_name,none,False,,50,9ad60480bbe78769,503a755c-5b86-37d3-e054-00144ff88e88,https://dailymed.nlm.nih.gov/dailymed/drugInfo.cfm?setid=503a755c-5b86-37d3-e054-00144ff88e88
include,auto,baby/kids word in product name,no,"FRUIT OF THE EARTH LUV THAT SUN KIDS SUNSCREEN CONTINUOUS SPF 50 (AVOBENZONE, HOMOSALATE, OCTISALATE, OCTOCRYLENE) SPRAY","FRUIT OF THE EARTH, INC.",sunscreen,product_name,none,False,,50,953c21d022968065,fd67fa5d-f997-c607-e053-6294a90aee2b,https://dailymed.nlm.nih.gov/dailymed/drugInfo.cfm?setid=fd67fa5d-f997-c607-e053-6294a90aee2b
include,auto,baby/kids word in product name,no,"FRUIT OF THE EARTH LUV THAT SUN KIDS SUNSCREEN ULTRA SPF 50 (AVOBENZONE, HOMOSALATE, OCTISALATE, OCTOCRYLENE) LOTION","FRUIT OF THE EARTH, INC.",sunscreen,product_name,none,False,tridecyl salicylate,50,8e940afd02dcf398,fd786a06-88b7-fa35-e053-6394a90a84a5,https://dailymed.nlm.nih.gov/dailymed/drugInfo.cfm?setid=fd786a06-88b7-fa35-e053-6394a90a84a5
include,auto,baby/kids word in product name,no,"FRUIT OF THE EARTH SUN TOWN CITY BABY AND KIDS MINERAL SPF 50 SUNSCREEN (TITANIUM DIOXIDE, ZINC OXIDE) SPRAY","FRUIT OF THE EARTH, INC.",sunscreen,product_name,zinc_titanium,True,butyloctyl salicylate,50,8f121f8373d32312,f42a0b1e-038d-4fab-e053-2995a90a5364,https://dailymed.nlm.nih.gov/dailymed/drugInfo.cfm?setid=f42a0b1e-038d-4fab-e053-2995a90a5364
include,auto,baby/kids word in product name,no,"FRUIT OF THE EARTH SUN TOWN CITY BABY SPF 50 SUNSCREEN (AVOBENZONE, HOMOSALATE, OCTISALATE, OCTOCRYLENE) LOTION","FRUIT OF THE EARTH, INC.",sunscreen,product_name,none,False,,50,08ecdb6c20b56424,c7ba72c2-ea23-0bb9-e053-2a95a90a1d90,https://dailymed.nlm.nih.gov/dailymed/drugInfo.cfm?setid=c7ba72c2-ea23-0bb9-e053-2a95a90a1d90
include,auto,baby/kids word in product name,no,"FRUIT OF THE EARTH SUN TOWN CITY BABY SPF 50 SUNSCREEN (AVOBENZONE, HOMOSALATE, OCTISALATE, OCTOCRYLENE) STICK","FRUIT OF THE EARTH, INC.",sunscreen,product_name,none,False,,50,c9d0fa3fdd984564,c7bdd7a3-2e88-d881-e053-2a95a90a2ef9,https://dailymed.nlm.nih.gov/dailymed/drugInfo.cfm?setid=c7bdd7a3-2e88-d881-e053-2a95a90a2ef9
include,auto,baby/kids word in product name,no,"FRUIT OF THE EARTH SUN TOWN CITY KIDS SPF 50 SUNSCREEN (AVOBENZONE, HOMOSALATE, OCTISALATE, OCTOCRYLENE) SPRAY","FRUIT OF THE EARTH, INC.",sunscreen,product_name,none,False,,50,259515a8118c71c8,c79472ea-a367-1328-e053-2a95a90a22d5,https://dailymed.nlm.nih.gov/dailymed/drugInfo.cfm?setid=c79472ea-a367-1328-e053-2a95a90a22d5
include,auto,baby/kids word in product name,no,"GARNIER OMBRELLE KIDS WET N PROTECT HYPOALLERGENIC SPF 45 MEXORYL TECHNOLOGY (HOMOSALATE, OCTOCRYLENE, OXYBENZONE, OCTISALATE, AVOBENZONE AND DROMETRIZOLE TRISILOXANE) LOTION",L'OREAL USA PRODUCTS INC,sunscreen,product_name,none,False,,45,b5a4f099b2b44593,641e891e-32c5-4977-991a-2e3a45f343b0,https://dailymed.nlm.nih.gov/dailymed/drugInfo.cfm?setid=641e891e-32c5-4977-991a-2e3a45f343b0
include,auto,baby/kids word in product name,no,"GARNIER OMBRELLE KIDS WET N PROTECT HYPOALLERGENIC SPF 45 MEXORYL TECHNOLOGY (HOMOSALATE, OCTOCRYLENE, OXYBENZONE, OCTISALATE, AVOBENZONE AND DROMETRIZOLE TRISILOXANE) LOTION",L'OREAL USA PRODUCTS INC,sunscreen,product_name,none,False,,45,b5a4f099b2b44593,eae9dcef-e6e1-4d3c-8c8c-53aea3b96344,https://dailymed.nlm.nih.gov/dailymed/drugInfo.cfm?setid=eae9dcef-e6e1-4d3c-8c8c-53aea3b96344
include,auto,baby/kids word in product name,no,"GARNIER OMBRELLE SPF 60 UVA UVB KIDS WET N PROTECT SUNSCREEN PROTECTION EVEN ON WET SKIN HYPOALLERGENIC WATER/SWEAT RESISTANT 80 MINUTES QUICK ABSORPTION (HOMOSALATE, OCTOCRYLENE, OXYBENZONE, OCTISALATE, AVOBENZONE AND DROMETRIZOLE TRISILOXANE) LOTION",L'OREAL USA PRODUCTS INC,sunscreen,product_name,none,False,,60,9648772b74055598,e1f4208b-3f24-4e01-b53f-c1778ea5c1b3,https://dailymed.nlm.nih.gov/dailymed/drugInfo.cfm?setid=e1f4208b-3f24-4e01-b53f-c1778ea5c1b3
include,auto,baby/kids word in product name,no,"GLOW BABY BRIGHTENING SETTING MIST SPF 45 (AVOBENZONE, HOMOSALATE, OCTISALATE, OCTOCRYLENE) SPRAY","PACIFICA BEAUTY, LLC",sunscreen,product_name,none,False,"ethyl ferulate, butyloctyl salicylate",45,af596bd824d46660,f2f53cf9-3717-07ff-e053-2a95a90a03fb,https://dailymed.nlm.nih.gov/dailymed/drugInfo.cfm?setid=f2f53cf9-3717-07ff-e053-2a95a90a03fb
include,auto,baby/kids word in product name,no,GLOW BABY SUPER LIT SPF 30 (ZINC OXIDE) SPRAY,"PACIFICA BEAUTY, LLC",sunscreen,product_name,zinc,True,butyloctyl salicylate,30,d8e0d87afe118df5,f3d3eee2-a5d9-113b-e053-2995a90a7057,https://dailymed.nlm.nih.gov/dailymed/drugInfo.cfm?setid=f3d3eee2-a5d9-113b-e053-2995a90a7057
include,auto,baby/kids word in product name,no,GOAT MILK AND LAVENDER SUN FOR BABY SPF 20 PA PLUS PLUS (OCTINOXATE) LOTION,"SKINFOOD CO., LTD.",sunscreen,product_name,none,False,,20,7685df721803ca18,3be777bd-9132-4a69-98de-12b62525ad2f,https://dailymed.nlm.nih.gov/dailymed/drugInfo.cfm?setid=3be777bd-9132-4a69-98de-12b62525ad2f
include,auto,baby/kids word in product name,no,"GODDESS GARDEN ORGANICS KIDS NATURAL SUNSCREEN SPF 30 (TITANIUM DIOXIDE, ZINC OXIDE) SPRAY GODDESS GARDEN ORGANICS KIDS NATURAL SUNSCREEN SPF 30 (TITANIUM DIOXIDE, ZINC OXIDE) AEROSOL, SPRAY","CROSSING CULTURES, LLC DBA GODDESS GARDEN",sunscreen,product_name,zinc_titanium,True,,30,140ddd33832cc8b1,43a6b8e3-49f7-2ac7-e054-00144ff88e88,https://dailymed.nlm.nih.gov/dailymed/drugInfo.cfm?setid=43a6b8e3-49f7-2ac7-e054-00144ff88e88
include,auto,baby/kids word in product name,no,GOONGBE BABY EASY WASH SUNLOTION SPF 30 (ZINC OXIDE) LOTION,ZERO TO SEVEN INC.,sunscreen,product_name,zinc,True,,30,ee52cdd83bb34fd1,1e86c2a9-a5c3-95cb-e063-6394a90a014d,https://dailymed.nlm.nih.gov/dailymed/drugInfo.cfm?setid=1e86c2a9-a5c3-95cb-e063-6394a90a014d
include,auto,baby/kids word in product name,no,"H.E.B BABY (SPF 50 SUNSCREEN) AEROSOL, SPRAY",H.E.B,sunscreen,product_name,none,False,butyloctyl salicylate,50,85530f505ba08576,61273611-ab7a-4216-aebe-2c8d89660281,https://dailymed.nlm.nih.gov/dailymed/drugInfo.cfm?setid=61273611-ab7a-4216-aebe-2c8d89660281
include,auto,baby/kids word in product name,no,"H.E.B SOLUTIONS SUNSCREEN (BABY SPF 50 LOTION SPRAY) AEROSOL, SPRAY",H.E.B,sunscreen,product_name,none,False,,50,c66722eb8cbbff8c,1082111f-bf04-4a98-b6a0-5da933652f1d,https://dailymed.nlm.nih.gov/dailymed/drugInfo.cfm?setid=1082111f-bf04-4a98-b6a0-5da933652f1d
include,auto,baby/kids word in product name,no,"H.E.B SOLUTIONS SUNSCREEN (KIDS SPF 50 LOTION SPRAY) AEROSOL, SPRAY",H.E.B,sunscreen,product_name,none,False,,50,c66722eb8cbbff8c,9b43c5d5-c279-4ae3-843e-1451f7324216,https://dailymed.nlm.nih.gov/dailymed/drugInfo.cfm?setid=9b43c5d5-c279-4ae3-843e-1451f7324216
include,auto,baby/kids word in product name,no,H.E.B SOLUTIONS SUNSCREEN (KIDS SPF 70 LOTION) LOTION,H.E.B,sunscreen,product_name,none,False,diethylhexyl syringylidenemalonate,70,af19280fd0c728b8,9f08c40e-b5c6-4ca4-8c24-0a0f98787217,https://dailymed.nlm.nih.gov/dailymed/drugInfo.cfm?setid=9f08c40e-b5c6-4ca4-8c24-0a0f98787217
include,auto,baby/kids word in product name,no,"H.E.B SOLUTIONS SUNSCREEN (WET PROTECTION KIDS SPF 70 CONTINUOUS SPRAY) AEROSOL, SPRAY",H.E.B,sunscreen,product_name,none,False,,70,7bdad9c0f2e6fadd,f823b236-5884-41d9-bff0-65b91664aaad,https://dailymed.nlm.nih.gov/dailymed/drugInfo.cfm?setid=f823b236-5884-41d9-bff0-65b91664aaad
include,auto,baby/kids word in product name,no,"HAMPTON SUN SPF 70 KIDS (AVOBENZONE, HUMOSALATE, OCTISALATE, OCTOCRYLENE) SPRAY",S&C HAMPTON SUN LLC,sunscreen,product_name,none,False,"butyloctyl salicylate, diethylhexyl syringylidenemalonate",70,3112ddc23ca9bc29,7c976082-3265-4c0b-9985-277d27988895,https://dailymed.nlm.nih.gov/dailymed/drugInfo.cfm?setid=7c976082-3265-4c0b-9985-277d27988895
include,auto,baby/kids word in product name,no,HAWAIIAN TROPIC KIDS SPF 30 (AVOBENZONE AND OCTOCRYLENE AND OXYBENZONE) SPRAY,"ACCRA-PAC, INC.",sunscreen,product_name,none,False,,30,cf2502a20f808f6a,cce03183-de08-4db3-a292-127726df8182,https://dailymed.nlm.nih.gov/dailymed/drugInfo.cfm?setid=cce03183-de08-4db3-a292-127726df8182
include,auto,baby/kids word in product name,no,HEB SPF 50 KIDS BLUE MINERAL SUNSCREEN STICK BERRY SCENTED (ZINC OXIDE) STICK,H.E.B.,sunscreen,product_name,zinc,True,,50,183c81a13674cb43,f58d328c-8b30-b4d4-e053-2a95a90adb59,https://dailymed.nlm.nih.gov/dailymed/drugInfo.cfm?setid=f58d328c-8b30-b4d4-e053-2a95a90adb59
include,auto,baby/kids word in product name,no,HEB SPF 50 KIDS PURPLE MINERAL SUNSCREEN STICK GRAPE SCENTED (ZINC OXIDE) STICK,H.E.B.,sunscreen,product_name,zinc,True,,50,f1cca01661a2aec8,f58ed2f9-67c3-ce91-e053-2995a90a1229,https://dailymed.nlm.nih.gov/dailymed/drugInfo.cfm?setid=f58ed2f9-67c3-ce91-e053-2995a90a1229
include,auto,baby/kids word in product name,no,"HEB SPF 55 BABIES AND KIDS SUNSCREEN (AVOBENZONE, HOMOSALATE, OCTISALATE, OCTOCRYLENE) STICK",H.E.B.,sunscreen,product_name,none,False,butyloctyl salicylate,55,f3e484da87d49c21,f5660a97-57c8-61c7-e053-2995a90a0164,https://dailymed.nlm.nih.gov/dailymed/drugInfo.cfm?setid=f5660a97-57c8-61c7-e053-2995a90a0164
include,auto,baby/kids word in product name,no,HELLO BELLO KIDS MINERAL SUNSCREEN (ZINC OXIDE TITANIUM OXIDE) LOTION,HELLO BELLO,sunscreen,product_name,zinc,True,butyloctyl salicylate,,a7c04667c30fccf0,3e7a3e8e-eacf-0a30-e063-6294a90ab7ec,https://dailymed.nlm.nih.gov/dailymed/drugInfo.cfm?setid=3e7a3e8e-eacf-0a30-e063-6294a90ab7ec
include,auto,baby/kids word in product name,no,HELLO BELLO KIDS SPF 50 FACE AND BODY SUNSCREEN STICK (ZINC OXIDE) STICK,HELLO BELLO,sunscreen,product_name,zinc,True,butyloctyl salicylate,50,76980c20939af146,4127e49a-eb27-e8e2-e063-6294a90a469e,https://dailymed.nlm.nih.gov/dailymed/drugInfo.cfm?setid=4127e49a-eb27-e8e2-e063-6294a90a469e
include,auto,baby/kids word in product name,no,HI PAPA KIDS MINERAL FACE SUNSCREEN (SUNSCREEN) CREAM,"GUANG DONG 3 INS TECHNOLOGY CO., LTD",sunscreen,product_name,zinc,True,,,4c1509e9c9d8b0ae,2deea723-32a0-da33-e063-6294a90accdd,https://dailymed.nlm.nih.gov/dailymed/drugInfo.cfm?setid=2deea723-32a0-da33-e063-6294a90accdd
include,auto,baby/kids word in product name,no,HIYA KIDS SPF 40 MINERAL SUNSCREN (ZINC OXIDE) PASTE,HIYA HEALTH PRODUCTS LLC,sunscreen,product_name,zinc,True,,40,ca2f3e6807d38cc0,33119ec6-2cd8-8978-e063-6394a90afd97,https://dailymed.nlm.nih.gov/dailymed/drugInfo.cfm?setid=33119ec6-2cd8-8978-e063-6394a90afd97
include,auto,baby/kids word in product name,no,IM SAFE FOR BABY AND SILVER (TITANIUM DIOXIDE) LOTION,"NORMALEST CO., LTD.",sunscreen,product_name,titanium,True,,,49c43fb4b898ebe1,83186695-f093-45d0-e053-2a91aa0a827d,https://dailymed.nlm.nih.gov/dailymed/drugInfo.cfm?setid=83186695-f093-45d0-e053-2a91aa0a827d
include,auto,baby/kids word in product name,no,"J0832212 JASON KIDS SUNSCREEN SPF45 (HOMOSALATE, OCTYL SALICYLATE, OCTOCRYLENE, AVOBENZONE) LOTION","THE HAIN CELESTIAL GROUP, INC.",sunscreen,product_name,none,False,,45,af91632947731c6c,61fc5ec4-094c-f4c9-e053-2a91aa0aab29,https://dailymed.nlm.nih.gov/dailymed/drugInfo.cfm?setid=61fc5ec4-094c-f4c9-e053-2a91aa0aab29
include,auto,baby/kids word in product name,no,"JASON PURE NATURAL SUN KIDS NATURAL SUNSCREN BROAD SPECTRUM SPF45 (HOMOSALATE, OCTOCRYLENE, ETHYLHEXYL METHOXYCINNAMATE, ETHYLHEXYL SALICYLATE, TITANIUM DIOXIDE) LOTION","THE HAIN CELESTIAL GROUP, INC.",sunscreen,product_name,titanium,False,,45,23952c5b8a047534,a5bed94b-2f62-476c-a4b1-aa7c7f093723,https://dailymed.nlm.nih.gov/dailymed/drugInfo.cfm?setid=a5bed94b-2f62-476c-a4b1-aa7c7f093723
include,auto,baby/kids word in product name,no,"JASON SUN KIDS SUNSCREEN BROAD SPECTRUM SPF45 (HOMOSALATE, OCTINOXATE, ETHYLHEXYL SALICYLATE, OCTOCRYLENE, BUTUL METHOXYDIBENZOYLMETHANE, TITANIUM DIOXIDE) LOTION","THE HAIN CELESTIAL GROUP, INC.",sunscreen,product_name,titanium,False,,45,35afdc2a6fd1db67,0c2dc068-ad7d-6a28-e054-00144ff88e88,https://dailymed.nlm.nih.gov/dailymed/drugInfo.cfm?setid=0c2dc068-ad7d-6a28-e054-00144ff88e88
include,auto,baby/kids word in product name,no,"JOHNSONS BABY MINERAL SUNSCREEN SPF 30 (TITANIUM DIOXIDE, ZINC OXIDE) LOTION",KENVUE BRANDS LLC,sunscreen,product_name,zinc_titanium,True,ethylhexyl methoxycrylene,30,243a8026d1d14eea,4fe04c4b-2751-0561-e063-6394a90af768,https://dailymed.nlm.nih.gov/dailymed/drugInfo.cfm?setid=4fe04c4b-2751-0561-e063-6394a90af768
include,auto,baby/kids word in product name,no,JOHNSONS BABY MINERAL SUNSCREEN STICK SPF 50 (ZINC OXIDE) STICK,KENVUE BRANDS LLC,sunscreen,product_name,zinc,True,,50,7c13d8aba9726f8a,4fe1d3c6-7748-d966-e063-6394a90a97ff,https://dailymed.nlm.nih.gov/dailymed/drugInfo.cfm?setid=4fe1d3c6-7748-d966-e063-6394a90a97ff
include,auto,baby/kids word in product name,no,KAWAKIDS KAWASUN - PREMIUM MINERAL SUNSCREEN SPF 50 (ZINC OXIDE) LOTION,LCA COSMETICS LLC,sunscreen,product_name,zinc,True,,50,768eee206bed4337,1f41f64b-d707-08e2-e063-6294a90aa924,https://dailymed.nlm.nih.gov/dailymed/drugInfo.cfm?setid=1f41f64b-d707-08e2-e063-6294a90aa924
include,auto,baby/kids word in product name,no,KAWAKIDS KAWASUN - PREMIUM ON-THE-GO MINERAL SUNSCREEN SPF 50 (ZINC OXIDE) STICK,LCA COSMETICS LLC,sunscreen,product_name,zinc,True,,50,11d8e200ec7fb579,1f4341f7-b499-3b73-e063-6394a90a75b8,https://dailymed.nlm.nih.gov/dailymed/drugInfo.cfm?setid=1f4341f7-b499-3b73-e063-6394a90a75b8
include,auto,baby/kids word in product name,no,KID SAFE SCREEN (ZINC OXIDE) CREAM,"ALLURE LABS, INC.",sunscreen,product_name,zinc,True,,,08de5cfd6ea811ac,44c469fb-c959-4390-9c52-c858be537fa2,https://dailymed.nlm.nih.gov/dailymed/drugInfo.cfm?setid=44c469fb-c959-4390-9c52-c858be537fa2
include,auto,baby/kids word in product name,no,KIDCREME MINERAL BROAD SPECTRUM SPF 40 SUNSCREEN UVA-UVB SUNCREEN (TITANIUM DIOXIDE AND ZINC OXIDE) CREAM,MDSOLARSCIENCES,sunscreen,product_name,zinc_titanium,True,"butyloctyl salicylate, polysilicone-15",40,d257773ff8f5aff1,4f0bf232-645a-4f69-b386-3a138a5c9964,https://dailymed.nlm.nih.gov/dailymed/drugInfo.cfm?setid=4f0bf232-645a-4f69-b386-3a138a5c9964
include,auto,baby/kids word in product name,no,"KIDS 50 SPF50 (TITANIUM DIOXIDE, ZINC OXIDE) LOTION",CROSSING CULTURES LLC DBA GODDESS GARDEN,sunscreen,product_name,zinc_titanium,True,,50,1e6866f25444186a,6a0f2536-6498-1dc7-e053-2a91aa0a57ab,https://dailymed.nlm.nih.gov/dailymed/drugInfo.cfm?setid=6a0f2536-6498-1dc7-e053-2a91aa0a57ab
include,auto,baby/kids word in product name,no,KIDS BROAD SPECTRUM SPF 35 (ZINC OXIDE) CREAM,"ALLURE LABS, LLC",sunscreen,product_name,zinc,True,,35,92c5f143c6d94eba,b72caf9b-46df-f30c-e053-2995a90a9b6d,https://dailymed.nlm.nih.gov/dailymed/drugInfo.cfm?setid=b72caf9b-46df-f30c-e053-2995a90a9b6d
include,auto,baby/kids word in product name,no,"KIDS DISAPPEARING COLOR SPF50 BROAD SPECTRUM SUNCREEN GREEN APPLE SCENTED (AVOBENZONE, HOMOSALATE, OCTISALATE, OCTOCRYLENE, OXYBENZONE) SPRAY",CVS PHARMACY,sunscreen,product_name,none,False,,50,9a6e3a6f6d3fa7db,5b177115-9f0c-48a4-9fea-1f547436a2c9,https://dailymed.nlm.nih.gov/dailymed/drugInfo.cfm?setid=5b177115-9f0c-48a4-9fea-1f547436a2c9
include,auto,baby/kids word in product name,no,"KIDS DISAPPEARING COLOR SPF50 BROAD SPECTRUM SUNCREEN PINK STRAWBERRY SCENTED (AVOBENZONE, HOMOSALATE, OCTISALATE, OCTOCRYLENE, OXYBENZONE) SPRAY",CVS PHARMACY,sunscreen,product_name,none,False,,50,7ce8d37b545e74d6,6d373e47-f918-444a-b3bb-bce99b42d502,https://dailymed.nlm.nih.gov/dailymed/drugInfo.cfm?setid=6d373e47-f918-444a-b3bb-bce99b42d502
include,auto,baby/kids word in product name,no,KIDS FACE AND BODY SUNSCREEN SPF 50 (ZINC OXIDE) STICK,HELLO BELLO,sunscreen,product_name,zinc,True,butyloctyl salicylate,50,7711c742a12ad547,01cc4ea0-e3de-32f1-e063-6394a90a1375,https://dailymed.nlm.nih.gov/dailymed/drugInfo.cfm?setid=01cc4ea0-e3de-32f1-e063-6394a90a1375
include,auto,baby/kids word in product name,no,KIDS MINERAL FACE CREAM SPF20 (ZINC OXIDE) CREAM,EDEN BRANDS INC,sunscreen,product_name,zinc,True,,20,a4b86eb9cd83677a,fbfccb0c-e459-3282-e053-6394a90ad95d,https://dailymed.nlm.nih.gov/dailymed/drugInfo.cfm?setid=fbfccb0c-e459-3282-e053-6394a90ad95d
include,auto,baby/kids word in product name,no,KIDS MINERAL SUNSCREEN SPF 50 (ZINC OXIDE) SPRAY,HELLO BELLO,sunscreen,product_name,zinc_titanium,True,"butyloctyl salicylate, polyester-8",50,884d437d05eaede8,5b19f2ae-c7e5-c44c-e063-6394a90a0e68,https://dailymed.nlm.nih.gov/dailymed/drugInfo.cfm?setid=5b19f2ae-c7e5-c44c-e063-6394a90a0e68
include,auto,baby/kids word in product name,no,KIDS MINERAL SUNSCREEN SPF50 (SUNSCREEN) SPRAY,HELLO BELLO,sunscreen,product_name,zinc_titanium,True,"polyester-8, butyloctyl salicylate",50,8b33b4d2dfd87ee5,01cc554b-9241-d891-e063-6394a90a8450,https://dailymed.nlm.nih.gov/dailymed/drugInfo.cfm?setid=01cc554b-9241-d891-e063-6394a90a8450
include,auto,baby/kids word in product name,no,KIDS MINERAL SUNSCREEN STICK SPF 50 (ZINC OXIDE) STICK,SMALLS BRAND LLC DBA ROE WELLNESS,sunscreen,product_name,zinc,True,butyloctyl salicylate,50,25f18e5756a1640c,4c37855b-08c0-0aa7-e063-6394a90a8842,https://dailymed.nlm.nih.gov/dailymed/drugInfo.cfm?setid=4c37855b-08c0-0aa7-e063-6394a90a8842
include,auto,baby/kids word in product name,no,"KIDS NATURAL MINERAL SUNSCREEN BROAD SPECTRUM SPF 30 (TITANIUM DIOXIDE, ZINC OXIDE) LOTION",CROSSING CULTURES LLC DBA GODDESS GARDEN,sunscreen,product_name,zinc_titanium,True,,30,582859a6082ce64e,5bccb774-b3f7-47e0-956c-e6d37c6a7d92,https://dailymed.nlm.nih.gov/dailymed/drugInfo.cfm?setid=5bccb774-b3f7-47e0-956c-e6d37c6a7d92
include,auto,baby/kids word in product name,no,"KIDS NATURAL MINERAL SUNSCREEN BROAD SPECTRUM SPF 30 (TITANIUM DIOXIDE, ZINC OXIDE) SPRAY",CROSSING CULTURES LLC DBA GODDESS GARDEN,sunscreen,product_name,zinc_titanium,True,,30,10648d0394d2d3f7,ca29aefd-9662-4d2e-b9ac-fa4b67f7b463,https://dailymed.nlm.nih.gov/dailymed/drugInfo.cfm?setid=ca29aefd-9662-4d2e-b9ac-fa4b67f7b463
include,auto,baby/kids word in product name,no,KIDS SPF 50 (AVOBENZONE 3% HOMOSALATE 10% OCTISALATE 5% OCTOCRYLENE 4% OXYBENZONE 5%) SPRAY,TOPCARE,sunscreen,product_name,none,False,diethylhexyl syringylidenemalonate,50,a184e89ea90a57a9,298b2aa5-de4a-4507-a304-6e63dbb957f9,https://dailymed.nlm.nih.gov/dailymed/drugInfo.cfm?setid=298b2aa5-de4a-4507-a304-6e63dbb957f9
include,auto,baby/kids word in product name,no,KIDS SPF 50 (AVOBENZONE 3% HOMOSALATE 10% OCTISALATE 5% OCTOCRYLENE 4% OXYBENZONE 5%) SPRAY,RITE AID,sunscreen,product_name,none,False,diethylhexyl syringylidenemalonate,50,a184e89ea90a57a9,7c2cc232-61fb-431e-8aff-2369f6d92930,https://dailymed.nlm.nih.gov/dailymed/drugInfo.cfm?setid=7c2cc232-61fb-431e-8aff-2369f6d92930
include,auto,baby/kids word in product name,no,"KIDS SPF 50 SUNSCREEN (AVOBENZONE, HOMOSALATE, OCTISALATE, OCTOCRYLENE) LOTION",SUN BUM LLC,sunscreen,product_name,none,False,butyloctyl salicylate,50,687f951fbdc62f4f,fc64e2a9-d75e-4b54-a31a-785dcecac069,https://dailymed.nlm.nih.gov/dailymed/drugInfo.cfm?setid=fc64e2a9-d75e-4b54-a31a-785dcecac069
include,auto,baby/kids word in product name,no,KIDS SPF30 SUPER SENSITIVE PLUS C111 SUNSCREEN (TITANIUM DIOXIDE) LOTION,ORGANIC & SUSTAINABLE BEAUTY,sunscreen,product_name,titanium,True,,30,c05cb725a58b3f5a,20ebe264-2f79-4eef-b83d-3f09a3ca2898,https://dailymed.nlm.nih.gov/dailymed/drugInfo.cfm?setid=20ebe264-2f79-4eef-b83d-3f09a3ca2898
include,auto,baby/kids word in product name,no,KIDS SPF50 PLUS MINERAL SUNSCREEN CONTINUOUS TOTALLY TROPICAL (ZINC OXIDE AND TITANIUM DIOXIDE) SPRAY,KAS DIRECT LLC DBA BABYGANICS,sunscreen,product_name,zinc_titanium,True,butyloctyl salicylate,50,3a5f8746a433da29,d5ffe993-de8f-4623-a010-9cb8dd70de07,https://dailymed.nlm.nih.gov/dailymed/drugInfo.cfm?setid=d5ffe993-de8f-4623-a010-9cb8dd70de07
include,auto,baby/kids word in product name,no,KIDS SPF50PLUS MINERAL SUNSCREEN ROLLERBALL TOTALLY TROPICAL (ZINC OXIDE AND TITANIUM DIOXIDE) SPRAY,KAS DIRECT LLC DBA BABYGANICS,sunscreen,product_name,zinc_titanium,True,butyloctyl salicylate,,3a5f8746a433da29,d3bdda65-bcb4-42d9-84af-d14c7f4421bd,https://dailymed.nlm.nih.gov/dailymed/drugInfo.cfm?setid=d3bdda65-bcb4-42d9-84af-d14c7f4421bd
include,auto,baby/kids word in product name,no,"KIDS SPORT NATURAL MINERAL SUNSCREEN BROAD SPECTRUM SPF 30 (TITANIUM DIOXIDE, ZINC OXIDE) AEROSOL, SPRAY",CROSSING CULTURES LLC DBA GODDESS GARDEN,sunscreen,product_name,zinc_titanium,True,,30,bdec3d00abd5bdf4,6a98b4f6-098b-4f3a-b6b0-ba93203a33a8,https://dailymed.nlm.nih.gov/dailymed/drugInfo.cfm?setid=6a98b4f6-098b-4f3a-b6b0-ba93203a33a8
include,auto,baby/kids word in product name,no,"KIDS SPORT NATURAL MINERAL SUNSCREEN BROAD SPECTRUM SPF 30 (TITANIUM DIOXIDE, ZINC OXIDE) LOTION",CROSSING CULTURES LLC DBA GODDESS GARDEN,sunscreen,product_name,zinc_titanium,True,,30,1d9dd6461c863bba,2e2db5b7-0752-42ad-a11b-792eb1f954ae,https://dailymed.nlm.nih.gov/dailymed/drugInfo.cfm?setid=2e2db5b7-0752-42ad-a11b-792eb1f954ae
include,auto,baby/kids word in product name,no,KIDS SUNSCREEN (OCTINOXATE AND TITANIUM DIOXIDE) LOTION,"KAREWAY PRODUCT, INC.",sunscreen,product_name,titanium,False,,,cae850b73930063e,6d99a7c2-7c49-410f-9c36-fe83213c8a76,https://dailymed.nlm.nih.gov/dailymed/drugInfo.cfm?setid=6d99a7c2-7c49-410f-9c36-fe83213c8a76
include,auto,baby/kids word in product name,no,"KIDS SUNSCREEN SPF 50 (AVOBENZONE 3% , HOMOSALATE 10%,OCTISALATE 5%) SPRAY",ROCKY MOUNTAIN,sunscreen,product_name,none,False,"butyloctyl salicylate, polyester-8",50,dda02d20cc932a46,34891204-3485-44ac-aaf1-80d57593128c,https://dailymed.nlm.nih.gov/dailymed/drugInfo.cfm?setid=34891204-3485-44ac-aaf1-80d57593128c
include,auto,baby/kids word in product name,no,KIDS SUNSCREEN SPF 50 (AVOBENZONE 3.0% HOMOSALATE 15.0% OCTISALATE 5.0% OCTOCRYLENE 10.0%) SPRAY,WEGMAN,sunscreen,product_name,none,False,diethylhexyl syringylidenemalonate,50,952cb83636aa1c04,0c596b1d-8c23-4598-8b6f-95e1679069b9,https://dailymed.nlm.nih.gov/dailymed/drugInfo.cfm?setid=0c596b1d-8c23-4598-8b6f-95e1679069b9
include,auto,baby/kids word in product name,no,KIDS SUNSCREEN SPF 50 (AVOBENZONE 3.00% HOMOSALATE 15.00% OCTISALATE 5.00% OCTOCRYLENE 10.00%) LOTION,WEGMAN,sunscreen,product_name,none,False,homosalate,50,a34c2b2095af335d,5205fcfb-069d-4745-8372-8fccb738cc58,https://dailymed.nlm.nih.gov/dailymed/drugInfo.cfm?setid=5205fcfb-069d-4745-8372-8fccb738cc58
include,auto,baby/kids word in product name,no,KIDS SUNSCREEN SPF 50 WEGMANS (HOMOSALATE - 6.00% OCTINOXATE - 7.50% OCTISALATE - 5.00% OCTOCRYLENE - 10.00% ZINC OXIDE - 8.00%) STICK,WEGMAN,sunscreen,product_name,zinc,False,,50,6c2947d6d067b023,1b91aa24-1321-4584-a245-b362c927a8b1,https://dailymed.nlm.nih.gov/dailymed/drugInfo.cfm?setid=1b91aa24-1321-4584-a245-b362c927a8b1
include,auto,baby/kids word in product name,no,KIDS SUNSCREEN SPF 70 MEIJER (AVOBENZONE 3.00% HOMOSALATE 15.00% OCTISALATE 5.00% OCTOCRYLENE 10.00% OXYBENZONE 6.00%) SPRAY,MEIJER,sunscreen,product_name,none,False,polyester-8,70,89fdc458b2b79eab,fb2fe6d5-4876-4012-9ef9-bb9eb0503b0c,https://dailymed.nlm.nih.gov/dailymed/drugInfo.cfm?setid=fb2fe6d5-4876-4012-9ef9-bb9eb0503b0c
include,auto,baby/kids word in product name,no,KIDS TALLOW SUNSCREEN SPF50 (NON-NANO ZINC OXIDE 25%) CREAM,FOUNDATION COMMERCE INC,sunscreen,product_name,zinc,True,,50,8ac30294fca0427c,3b4eca91-965f-66c6-e063-6394a90a78ca,https://dailymed.nlm.nih.gov/dailymed/drugInfo.cfm?setid=3b4eca91-965f-66c6-e063-6394a90a78ca
include,auto,baby/kids word in product name,no,KIDSBLISS BABY AND KIDS MINERAL SUNSCREEN SPF50 (ZINC OXIDE) CREAM,VEGANICSKN,sunscreen,product_name,zinc,True,,50,3c9b73df8220f406,2dfa236f-128b-17bb-e063-6294a90aa29c,https://dailymed.nlm.nih.gov/dailymed/drugInfo.cfm?setid=2dfa236f-128b-17bb-e063-6294a90aa29c
include,auto,baby/kids word in product name,no,"KIDSPRAY BROAD SPECTRUM SUNSCREEN SPF 40 (AVOBENZONE, OCTISALATE, AND OCTOCRYLENE) SPRAY",MDSOLARSCIENCES,sunscreen,product_name,none,False,"butyloctyl salicylate, polyester-8",40,d383e56d2d442c85,36df811b-35d2-261d-e063-6394a90aa91e,https://dailymed.nlm.nih.gov/dailymed/drugInfo.cfm?setid=36df811b-35d2-261d-e063-6394a90aa91e
include,auto,baby/kids word in product name,no,KIDSTICK MINERAL BROAD SPECTRUM SPF 40 SUNSCREEN UVA-UVB SUNSCREEN (TITANIUM DIOXIDE AND ZINC OXIDE) STICK,MDSOLARSCIENCES,sunscreen,product_name,zinc_titanium,True,benzylidene dimethoxydimethylindanone,40,5016b656f6312a43,9a81efaf-9765-4991-81a4-706d204545b3,https://dailymed.nlm.nih.gov/dailymed/drugInfo.cfm?setid=9a81efaf-9765-4991-81a4-706d204545b3
include,auto,baby/kids word in product name,no,KIDZGOO NATURAL SUNSCREEN (ZINC OXIDE) LOTION,"RENU LABORATORIES, INC.",sunscreen,product_name,zinc,True,,,ebd6bb81e8d6d7c6,c8c251e1-ab0b-edba-e053-2995a90abfd4,https://dailymed.nlm.nih.gov/dailymed/drugInfo.cfm?setid=c8c251e1-ab0b-edba-e053-2995a90abfd4
include,auto,baby/kids word in product name,no,"KINESYS BROAD SPECTRUM SPF 30 KIDS ALCOHOL-FREE SUNSCREEN (OCTINOXATE, OCTOCRYLENE, OCTISALATE, AND AVOBENZONE) SPRAY",WILC HEALTHCARE INC,sunscreen,product_name,none,False,butyloctyl salicylate,30,a2d710ce4d28de8d,9adea1a4-efa6-4fe1-85e8-ed69fa098a87,https://dailymed.nlm.nih.gov/dailymed/drugInfo.cfm?setid=9adea1a4-efa6-4fe1-85e8-ed69fa098a87
include,auto,baby/kids word in product name,no,KISS MY FACE KIDS 30 MINERAL SUNSCREEN (TITANIUM DIOXIDE) SPRAY,"WINDMILL HEALTH PRODUCTS, LLC",sunscreen,product_name,titanium,True,butyloctyl salicylate,,6524ccf978138d1d,f843ddfe-1a5f-4b9d-bf2f-378187c1f6ec,https://dailymed.nlm.nih.gov/dailymed/drugInfo.cfm?setid=f843ddfe-1a5f-4b9d-bf2f-378187c1f6ec
include,auto,baby/kids word in product name,no,"KLENSKIN KIDS SHOWERON SUNSCREEN SPF-30 (AVOBENZONE, OCTOCRYLENE, OCTINOXATE) GEL",COLABS INTL. CORP,sunscreen,product_name,none,False,,30,34da9d7278c260cd,2e394662-dd0a-4d0d-b4b0-568ecf7e2555,https://dailymed.nlm.nih.gov/dailymed/drugInfo.cfm?setid=2e394662-dd0a-4d0d-b4b0-568ecf7e2555
include,auto,baby/kids word in product name,no,KROGER BABY SPF 50 (AVOBENZONE HOMOSALATE OCTISALATE OCTOCRYLENE OXYBENZONE) LOTION,THE KROGER CO,sunscreen,product_name,none,False,,50,d2c0ab08771ccca0,46a03b24-5ce3-402c-a110-7553f73298aa,https://dailymed.nlm.nih.gov/dailymed/drugInfo.cfm?setid=46a03b24-5ce3-402c-a110-7553f73298aa
include,auto,baby/kids word in product name,no,KROGER BABY SUNSCREEN SPF 70 (AVOBENZONE HOMOSALATE OCTISALATE OCTOCRYLENE OXYBENZONE) LOTION,THE KROGER CO,sunscreen,product_name,none,False,diethylhexyl syringylidenemalonate,70,14b8531db914da6e,01a50047-0d07-41c5-b35b-129aab5b4afd,https://dailymed.nlm.nih.gov/dailymed/drugInfo.cfm?setid=01a50047-0d07-41c5-b35b-129aab5b4afd
include,auto,baby/kids word in product name,no,"KROGER KIDS SPF 50 SUNSTICK (AVOBENZONE, HOMOSALATE, OCTINOXATE, OCTISALATE, OCTOCRYLENE, OXYBENZONE) STICK",KROGER,sunscreen,product_name,none,False,,50,371168a27af367fd,ca9df950-d581-4bad-9431-aff5f00bdc98,https://dailymed.nlm.nih.gov/dailymed/drugInfo.cfm?setid=ca9df950-d581-4bad-9431-aff5f00bdc98
include,auto,baby/kids word in product name,no,KROGER KIDS SUNSCREEN SPF 70 (AVOBENZONE HOMOSALATE OCTISALATE OCTOCRYLENE OXYBENZONE) LOTION,THE KROGER CO,sunscreen,product_name,none,False,diethylhexyl syringylidenemalonate,70,14b8531db914da6e,2fe3c77a-8cbb-4b3a-8756-8dd7c73a3c8a,https://dailymed.nlm.nih.gov/dailymed/drugInfo.cfm?setid=2fe3c77a-8cbb-4b3a-8756-8dd7c73a3c8a
include,auto,baby/kids word in product name,no,"KROGER KIDS TEAR FREE SPF50 (AVOBENZONE, HOMOSALATE, OCTISALATE, OCTOCRYLENE) SPRAY",KROGER COMPANY,sunscreen,product_name,none,False,ethylhexyl methoxycrylene,50,530b8719aff2a8c7,85524d39-732f-4123-adf5-83efb2bfd928,https://dailymed.nlm.nih.gov/dailymed/drugInfo.cfm?setid=85524d39-732f-4123-adf5-83efb2bfd928
include,auto,baby/kids word in product name,no,KROGER KROGER KIDS SUNSCREEN SPF 50 (AVOBENZONE HOMOSALATE OCTISALATE OCTOCRYLENE OXYBENZONE) SPRAY,THE KROGER CO,sunscreen,product_name,none,False,,50,66d5fad952134c2d,723a1829-4b12-475d-be07-272c72f78a97,https://dailymed.nlm.nih.gov/dailymed/drugInfo.cfm?setid=723a1829-4b12-475d-be07-272c72f78a97
include,auto,baby/kids word in product name,no,"LA ROCHE POSAY LABORATOIRE DERMATOLOGIQUE ANTHELIOS DERMO KIDS GENTLE FACE AND BODY BROAD SPECTRUM SPF 60 SUNSCREEN WATER RESISTANT 80 MINUTES (AVOBENZONE, HOMOSALATE, OCTISALATE AND OCTOCRYLENE) LOTION",L'OREAL USA PRODUCTS INC,sunscreen,product_name,none,False,diethylhexyl syringylidenemalonate,60,892fcde9f6c3c646,f296e5ef-728a-4d57-8d65-7d88b1f90f88,https://dailymed.nlm.nih.gov/dailymed/drugInfo.cfm?setid=f296e5ef-728a-4d57-8d65-7d88b1f90f88
include,auto,baby/kids word in product name,no,"LA ROCHE POSAY LABORATOIRE DERMATOLOGIQUE ANTHELIOS KIDS GENTLE BROAD SPECTRUM SPF 50 SUNSCREEN FOR FACE AND BODY WATER RESISTANT 80 MINUTES (AVOBENZONE, HOMOSALATE, OCTISALATE AND OCTOCRYLENE) LOTION",L'OREAL USA PRODUCTS INC,sunscreen,product_name,none,False,diethylhexyl syringylidenemalonate,50,f4e3fa668bf0b5a7,8a2fd46c-5767-4621-8e69-dd291f9fe5b1,https://dailymed.nlm.nih.gov/dailymed/drugInfo.cfm?setid=8a2fd46c-5767-4621-8e69-dd291f9fe5b1
include,auto,baby/kids word in product name,no,"LEADER KIDS SPORT SUNSCREEN SPF 50 (AVOBENZONE, HOMOSALATE, OCTISALATE, OCTOCRYLENE) SPRAY","CARDINAL HEALTH 110, LLC. DBA LEADER",sunscreen,product_name,none,False,ethylhexyl methoxycrylene,50,5e21129cb7da1b91,3636693a-ba81-5d49-e063-6394a90a3006,https://dailymed.nlm.nih.gov/dailymed/drugInfo.cfm?setid=3636693a-ba81-5d49-e063-6394a90a3006
include,auto,baby/kids word in product name,no,"MARKET BASKET KIDS SPF 50 SUNSCREEN (AVOBENZONE, HOMOSALATE, OCTISALATE, OCTOCRYLENE) AEROSOL, SPRAY","DEMOULAS SUPER MARKETS, INC.",sunscreen,product_name,none,False,butyloctyl salicylate,50,e8a0722c5f5dda0a,a6a381da-6e34-bffe-e053-2a95a90a46f2,https://dailymed.nlm.nih.gov/dailymed/drugInfo.cfm?setid=a6a381da-6e34-bffe-e053-2a95a90a46f2
include,auto,baby/kids word in product name,no,"MEIJER BABY SPF 50 (AVOBENZONE, HOMOSALATE, OCTISALATE, OCTOCRYLENE) LOTION",MEIJER DISTRIBUTION INC,sunscreen,product_name,none,False,,50,14d3c70f1f0b3c31,6d7d6d4e-29c6-4c36-9884-5432f6ceca0e,https://dailymed.nlm.nih.gov/dailymed/drugInfo.cfm?setid=6d7d6d4e-29c6-4c36-9884-5432f6ceca0e
include,auto,baby/kids word in product name,no,"MEIJER BABY TEAR FREE SPF 50 (TITANIUM DIOXIDE, ZINC OXIDE) LOTION",MEIJER DISTRIBUTING INC.,sunscreen,product_name,zinc_titanium,True,"butyloctyl salicylate, ethylhexyl methoxycrylene",50,1fdf368e0a2f55f5,2434de23-bcc9-4a83-9945-16fc3f2b8c61,https://dailymed.nlm.nih.gov/dailymed/drugInfo.cfm?setid=2434de23-bcc9-4a83-9945-16fc3f2b8c61
include,auto,baby/kids word in product name,no,"MEIJER BABY TEAR FREE SPF 50 CS (AVOBENZONE, HOMOSALATE, OCTISALATE, OCTOCRYLENE) SPRAY","MEIJER DISTRIBUTION, INC.",sunscreen,product_name,none,False,ethylhexyl methoxycrylene,50,62f0f17293730d86,b00bc346-ffcf-4a23-b46b-69c84988e004,https://dailymed.nlm.nih.gov/dailymed/drugInfo.cfm?setid=b00bc346-ffcf-4a23-b46b-69c84988e004
include,auto,baby/kids word in product name,no,"MEIJER KIDS BROAD SPECTRUM SPF 50 MINERAL BASED SUNSCREEN (OCTINOXATE, OCTISALATE, ZINC OXIDE) LOTION",MEIJER DISTRIBUTION INC,sunscreen,product_name,zinc,False,,50,be12787606fac293,a9f4fd45-3bbb-14a7-e053-2995a90ab28f,https://dailymed.nlm.nih.gov/dailymed/drugInfo.cfm?setid=a9f4fd45-3bbb-14a7-e053-2995a90ab28f
include,auto,baby/kids word in product name,no,"MEIJER KIDS TEAR FREE SPF 50 (AVOBENZONE, HOMOSALATE, OCTISALATE, OCTOCRYLENE) SPRAY","MEIJER DISTRIBUTION, INC.",sunscreen,product_name,none,False,ethylhexyl methoxycrylene,50,66641f237b5f2650,f7a3f518-20ef-4c5f-89a1-0ee7200386bb,https://dailymed.nlm.nih.gov/dailymed/drugInfo.cfm?setid=f7a3f518-20ef-4c5f-89a1-0ee7200386bb
include,auto,baby/kids word in product name,no,"MEIJER KIDS TEAR FREE SPF 50 (TITANIUM DIOXIDE, ZINC OXIDE) LOTION","MEIJER DISTRIBUTION, INC.",sunscreen,product_name,zinc_titanium,True,"butyloctyl salicylate, ethylhexyl methoxycrylene",50,1fdf368e0a2f55f5,7415511e-1ecf-4646-b64b-267fbf7d116b,https://dailymed.nlm.nih.gov/dailymed/drugInfo.cfm?setid=7415511e-1ecf-4646-b64b-267fbf7d116b
include,auto,baby/kids word in product name,no,"MIAMI BEACH KIDS SUNSCREEN BROAD SPECTRUM SPF 50 (AVOBENZONE, HOMOSALATE, OCTISALATE, OCTOCRYLENE) LOTION",PRIME ENTERPRISES INC.,sunscreen,product_name,none,False,,50,b7c53b27800cbb53,678b9575-3271-9c42-e053-2a91aa0a5c91,https://dailymed.nlm.nih.gov/dailymed/drugInfo.cfm?setid=678b9575-3271-9c42-e053-2a91aa0a5c91
include,auto,baby/kids word in product name,no,"MIAMI BEACH SPF 50 KIDS C/S SUNSCREEN (AVOBENZONE, HOMOSALATE, OCTISALATE, AND OCTOCRYLENE) SPRAY",PRIME PACKAGING INC.,sunscreen,product_name,none,False,,50,d08024570afecc74,2bd66d7a-b542-03c3-e054-00144ff88e88,https://dailymed.nlm.nih.gov/dailymed/drugInfo.cfm?setid=2bd66d7a-b542-03c3-e054-00144ff88e88
include,auto,baby/kids word in product name,no,"MIAMI BEACH SPF 50 KIDS C/S SUNSCREEN (AVOBENZONE, HOMOSALATE, OCTISALATE, AND OCTOCRYLENE) SPRAY",PRIME PACKAGING INC.,sunscreen,product_name,none,False,,50,b4306a7a5e5a9d2c,2bd8159f-c381-36b3-e054-00144ff88e88,https://dailymed.nlm.nih.gov/dailymed/drugInfo.cfm?setid=2bd8159f-c381-36b3-e054-00144ff88e88
include,auto,baby/kids word in product name,no,MINERAL KIDCREME SPF 50 (TITANIUM DIOXIDE AND ZINC OXIDE) CREAM,MDSOLARSCIENCES,sunscreen,product_name,zinc_titanium,True,"butyloctyl salicylate, polysilicone-15",50,09ef22bcfe4d6364,9ec56c68-6fea-444b-aeed-0b5d60c42e75,https://dailymed.nlm.nih.gov/dailymed/drugInfo.cfm?setid=9ec56c68-6fea-444b-aeed-0b5d60c42e75
include,auto,baby/kids word in product name,no,MINERAL KIDSTICK SPF 40 MINERAL BROAD SPECTRUM SPF 40 SUNSCREEN UVA-UVB SUNCREEN (TITANIUM DIOXIDE AND ZINC OXIDE) STICK,MDSOLARSCIENCES,sunscreen,product_name,zinc_titanium,True,"butyloctyl salicylate, benzylidene dimethoxydimethylindanone",40,0c43082d32db71a0,4c7f0257-fa12-40d6-9516-824b0e3a182c,https://dailymed.nlm.nih.gov/dailymed/drugInfo.cfm?setid=4c7f0257-fa12-40d6-9516-824b0e3a182c
include,auto,baby/kids word in product name,no,"NEUTROGENA BEACH DEFENSE KIDS SUNSCREEN SPF 60 PLUS (AVOBENZONE, HOMOSALATE, OCTISALATE, OCTOCRYLENE) STICK",KENVUE BRANDS LLC,sunscreen,product_name,none,False,butyloctyl salicylate,60,a9e2c8c10069b494,fea50c84-0567-8547-e053-6394a90aafb7,https://dailymed.nlm.nih.gov/dailymed/drugInfo.cfm?setid=fea50c84-0567-8547-e053-6394a90aafb7
include,auto,baby/kids word in product name,no,"NEUTROGENA BEACH DEFENSE KIDS SUNSCREEN SPF 70 (AVOBENZONE, HOMOSALATE, OCTISALATE, OCTOCRYLENE) AEROSOL, SPRAY",KENVUE BRANDS LLC,sunscreen,product_name,none,False,butyloctyl salicylate,70,5015b28b8e6e35c0,eafc00ce-12e7-921f-e053-2995a90a241a,https://dailymed.nlm.nih.gov/dailymed/drugInfo.cfm?setid=eafc00ce-12e7-921f-e053-2995a90a241a
include,auto,baby/kids word in product name,no,NEUTROGENA PURE AND FREE BABY SUNSCREEN BROAD SPECTRUM SPF 50 (ZINC OXIDE) LOTION,KENVUE BRANDS LLC,sunscreen,product_name,zinc,True,,50,a0cfc6d8fa3283ae,2d2c58e2-0d15-4383-adae-12fc17b8ea50,https://dailymed.nlm.nih.gov/dailymed/drugInfo.cfm?setid=2d2c58e2-0d15-4383-adae-12fc17b8ea50
include,auto,baby/kids word in product name,no,NEUTROGENA SHEER ZINC KIDS MINERAL SUNSCREEN BROAD SPECTRUM SPF 50 PLUS (ZINC OXIDE) LOTION,KENVUE BRANDS LLC,sunscreen,product_name,zinc,True,,50,97f19daa3b2d2731,c914c4cd-99a2-4d9f-8f04-8af2ace3c345,https://dailymed.nlm.nih.gov/dailymed/drugInfo.cfm?setid=c914c4cd-99a2-4d9f-8f04-8af2ace3c345
include,auto,baby/kids word in product name,no,NEUTROGENA SHEER ZINC KIDS MINERAL SUNSCREEN BROAD SPECTRUM SPF 50 PLUS (ZINC OXIDE) STICK,KENVUE BRANDS LLC,sunscreen,product_name,zinc,True,,50,9d77d990302a9091,4504a10d-6130-4ec5-823a-ab970709e6d7,https://dailymed.nlm.nih.gov/dailymed/drugInfo.cfm?setid=4504a10d-6130-4ec5-823a-ab970709e6d7
include,auto,baby/kids word in product name,no,"NO-AD KIDS 50 SUNSCREEN (AVOBENZONE, HOMOSALATE, OCTISALATE, OCTOCRYLENE AND OXYBENZONE) LOTION",SOLSKYN PERSONAL CARE LLC,sunscreen,product_name,none,False,,,98a2be7db2767337,83ca8297-bf11-4ee6-a918-d007fbc74b00,https://dailymed.nlm.nih.gov/dailymed/drugInfo.cfm?setid=83ca8297-bf11-4ee6-a918-d007fbc74b00
include,auto,baby/kids word in product name,no,"NO-AD KIDS 50 SUNSCREEN (AVOBENZONE, HOMOSALATE, OCTISALATE, OXYBENZONE) LOTION","SUN & SKIN CARE RESEARCH, LLC",sunscreen,product_name,none,False,,,2c1cc8d5e221d1d3,2b443e72-9011-4ea0-8834-a2c11552aec0,https://dailymed.nlm.nih.gov/dailymed/drugInfo.cfm?setid=2b443e72-9011-4ea0-8834-a2c11552aec0
include,auto,baby/kids word in product name,no,"NO-AD KIDS SPF50 CONTINUOUS MIST SUNSCREEN (AVOBENZONE, HOMOSALATE, OCTISALATE, OXYBENZONE, OCTOCRYLENE) SPRAY","SUN & SKIN CARE RESEARCH, LLC",sunscreen,product_name,none,False,,50,3184fefaf8b92c8d,c77dc89f-e2f5-48c7-ae5a-f0c361d02854,https://dailymed.nlm.nih.gov/dailymed/drugInfo.cfm?setid=c77dc89f-e2f5-48c7-ae5a-f0c361d02854
include,auto,baby/kids word in product name,no,"OCEAN POTION 50 INSTANT DRY KID SPOTSTICK (AVOBENZONE, HOMOSALATE, OCTISALATE, OCTOCRYLENE) LIQUID","SUN & SKIN CARE RESEARCH, LLC",sunscreen,product_name,none,False,polyester-8,,243a252f811df71b,ac29da76-f638-4947-8d25-055f1f442dbe,https://dailymed.nlm.nih.gov/dailymed/drugInfo.cfm?setid=ac29da76-f638-4947-8d25-055f1f442dbe
include,auto,baby/kids word in product name,no,"OCEAN POTION INSTANT DRY 50 MIST KIDS SUNSCREEN (AVOBENZONE, HOMOSALATE, OCTISALATE, OCTOCRYLENE) SPRAY","SUN & SKIN CARE RESEARCH, LLC",sunscreen,product_name,none,False,polyester-8,,243a252f811df71b,382247c7-77c0-488b-ad98-be15e153c85b,https://dailymed.nlm.nih.gov/dailymed/drugInfo.cfm?setid=382247c7-77c0-488b-ad98-be15e153c85b
include,auto,baby/kids word in product name,no,"OCEAN POTION INTELL MIST 50 KIDS SUNSCREEN (AVOBENZONE, HOMOSALATE, OCTISALATE, OCTOCRYLENE) SPRAY","SUN & SKIN CARE RESEARCH, LLC",sunscreen,product_name,none,False,polyester-8,,f172a8fec002f784,abf207bc-ca6c-47c4-8e93-04d5be3e47d1,https://dailymed.nlm.nih.gov/dailymed/drugInfo.cfm?setid=abf207bc-ca6c-47c4-8e93-04d5be3e47d1
include,auto,baby/kids word in product name,no,"OCEAN POTION QUICK DRY KIDS 50 SUNSCREEN (AVOBENZONE, HOMOSALATE, OCTISALATE, OCTOCRYLENE) LOTION","SUN & SKIN CARE RESEARCH, INC",sunscreen,product_name,none,False,polyester-8,,e5967d98e509a584,88706da6-b1d4-4256-9852-7d39349d56d7,https://dailymed.nlm.nih.gov/dailymed/drugInfo.cfm?setid=88706da6-b1d4-4256-9852-7d39349d56d7
include,auto,baby/kids word in product name,no,"OP PROTECT AND NOURISH BABIES AND SENSITIVE SPF 50 (AVOBENZONE, HOMOSALATE, OCTISALATE, OCTOCRYLENE) LOTION",SOLSKYN PERSONAL CARE LLC,sunscreen,product_name,none,False,polyester-8,50,c22cb8df061be413,c7938795-685b-4b7c-84ce-0ea66b64576e,https://dailymed.nlm.nih.gov/dailymed/drugInfo.cfm?setid=c7938795-685b-4b7c-84ce-0ea66b64576e
include,auto,baby/kids word in product name,no,"OP PROTECT AND NOURISH KIDS SPF 50 (AVOBENZONE, HOMOSALATE, OCTISALATE, OCTOCRYLENE) LOTION",SOLSKYN PERSONAL CARE LLC,sunscreen,product_name,none,False,polyester-8,50,c22cb8df061be413,32794f16-2c4c-454d-aeae-aacf4ebd5792,https://dailymed.nlm.nih.gov/dailymed/drugInfo.cfm?setid=32794f16-2c4c-454d-aeae-aacf4ebd5792
include,auto,baby/kids word in product name,no,"OP PROTECT AND NOURISH KIDS SPF 50 (AVOBENZONE, HOMOSALATE, OCTISALATE, OCTOCRYLENE) LOTION",SOLSKYN PERSONAL CARE LLC,sunscreen,product_name,none,False,polyester-8,50,c22cb8df061be413,dc8f21a7-3014-4e78-be64-ded63bea4ba4,https://dailymed.nlm.nih.gov/dailymed/drugInfo.cfm?setid=dc8f21a7-3014-4e78-be64-ded63bea4ba4
include,auto,baby/kids word in product name,no,"PARROT HEAD PARAKEET KIDS 50 (AVOBENZONE, HOMOSALATE, OCTISALATE, OCTOCRYLENE) LOTION","SUN & SKIN CARE RESEARCH, LLC",sunscreen,product_name,none,False,polyester-8,,6e68b52d99811eca,25155d5e-1b79-419a-a71b-1a243f43519e,https://dailymed.nlm.nih.gov/dailymed/drugInfo.cfm?setid=25155d5e-1b79-419a-a71b-1a243f43519e
include,auto,baby/kids word in product name,no,"PARROT HEAD PARAKEET KIDS 50 MIST SUNSCREEN (AVOBENZONE, HOMOSALATE, OCTISALATE, OCTOCRYLENE) SPRAY","SUN & SKIN CARE RESEARCH, LLC",sunscreen,product_name,none,False,polyester-8,,d4e7fb68c7584b40,2d33112e-7c23-46a9-bb64-a5c3bd9bfb59,https://dailymed.nlm.nih.gov/dailymed/drugInfo.cfm?setid=2d33112e-7c23-46a9-bb64-a5c3bd9bfb59
include,auto,baby/kids word in product name,no,"PETER ISLAND BABY SUNSCREEN SPF 50 (HOMOSALATE, OXYBENZONE, OCTISALATE, AVOBENZONE, OCTOCRYLENE) LOTION",AMWAY CORP.,sunscreen,product_name,none,False,,50,794909811b0a9b1e,d95e1c1e-01c6-46f7-8068-b3b3a85127ee,https://dailymed.nlm.nih.gov/dailymed/drugInfo.cfm?setid=d95e1c1e-01c6-46f7-8068-b3b3a85127ee
include,auto,baby/kids word in product name,no,"PETER ISLAND BABY SUNSCREEN SPF 50 (HOMOSALATE, OXYBENZONE, OCTISALATE, AVOBENZONE, OCTOCRYLENE) LOTION",ACCESS BUSINESS GROUP LLC,sunscreen,product_name,none,False,,50,794909811b0a9b1e,f989b18a-1e0e-40fe-bb43-1e3805905656,https://dailymed.nlm.nih.gov/dailymed/drugInfo.cfm?setid=f989b18a-1e0e-40fe-bb43-1e3805905656
include,auto,baby/kids word in product name,no,"PETER ISLAND CONTINOUS SUNSCREEN KIDS SPF 50 (OXYBENZONE, AVOBENZONE, OCTOCRYLENE) SPRAY",ACCESS BUSINESS GROUP LLC,sunscreen,product_name,none,False,,50,bd36b0bd1d072b1f,2db243d3-3b59-4be9-967c-0d4aea4d0066,https://dailymed.nlm.nih.gov/dailymed/drugInfo.cfm?setid=2db243d3-3b59-4be9-967c-0d4aea4d0066
include,auto,baby/kids word in product name,no,"PETER ISLAND KIDS SUNSCREEN SPF 65 (HOMOSALATE, OXYBENZONE, OCTISALATE, AVOBENZONE, OCTOCRYLENE) LOTION",AMWAY CORP.,sunscreen,product_name,none,False,diethylhexyl syringylidenemalonate,65,2de2a0becf1c445a,d8cbed4c-c461-4d16-8f21-5354de6e22cd,https://dailymed.nlm.nih.gov/dailymed/drugInfo.cfm?setid=d8cbed4c-c461-4d16-8f21-5354de6e22cd
include,auto,baby/kids word in product name,no,"PLAGENTRA BABY SUNCITY (OCTINOXATE, OCTISALATE, TITANIUM DIOXIDE) CREAM","C.A PHARM CO., LTD.",sunscreen,product_name,titanium,False,,,0f9e9ee6bdecc36e,329918f2-5d77-494b-975d-597bbaab43e3,https://dailymed.nlm.nih.gov/dailymed/drugInfo.cfm?setid=329918f2-5d77-494b-975d-597bbaab43e3
include,auto,baby/kids word in product name,no,PROPOLIS NASAL PLUS (PLUS NASAL) LIQUID PROPOLIS NASAL (NASAL) LIQUID SUNSCREEN SPF50 (NON NANO ZINC OXIDE) CREAM SUNSCREEN FOR FACE SPF50 (NON NANO ZINC OXIDE) CREAM AFTERSUN (NON NANO ZINC OXIDE) CREAM DIAPER RASH CREAM (NON NANO ZINC OXIDE) CREAM SUNSCREEN FOR KIDS SPF50 (NON NANO ZINC OXIDE) CREAM S.O.S CREAM INTENSIVE MOISTURIZING SKIN PROTECTANT (NON NANO ZINC OXIDE) CREAM ACNE CONTROL SERUM (SALICYLIC ACID) LIQUID,SBS BILIMSEL BIO COZUMLER SANAYI VE TICARET ANONIM SIRKETI PINAR SUBESI,sunscreen,product_name,zinc,True,,50,015e7c80f281cc49,c5d52f13-a649-9579-e053-2a95a90a062c,https://dailymed.nlm.nih.gov/dailymed/drugInfo.cfm?setid=c5d52f13-a649-9579-e053-2a95a90a062c
include,auto,baby/kids word in product name,no,"PUBLIX BABY SPF 50 (AVOBENZONE, HOMOSALATE, OCTISALATE, OCTOCRYLENE, OXYBENZONE) LOTION",PUBLIX SUPER MARKETS INC,sunscreen,product_name,none,False,,50,ce01f29bd01b2deb,e72e328e-5ccb-4dd3-b20d-09e47df80e0e,https://dailymed.nlm.nih.gov/dailymed/drugInfo.cfm?setid=e72e328e-5ccb-4dd3-b20d-09e47df80e0e
include,auto,baby/kids word in product name,no,"PUBLIX KIDS (AVOBENZONE, HOMOSALATE, OCTISALATE, OCTOCRYLENE, OXYBENZONE) SPRAY",PUBLIX SUPER MARKETS INC,sunscreen,product_name,none,False,,,932ee3ea5180d22b,5cfd7a7e-ce9d-40de-9424-6b0c653dc1b7,https://dailymed.nlm.nih.gov/dailymed/drugInfo.cfm?setid=5cfd7a7e-ce9d-40de-9424-6b0c653dc1b7
include,auto,baby/kids word in product name,no,"PUBLIX KIDS SPF 50 (AVOBENZONE, HOMOSALATE, OCTISALATE, OCTOCRYLENE, OXYBENZONE) LOTION",PUBLIX SUPER MARKETS INC,sunscreen,product_name,none,False,,50,ce01f29bd01b2deb,ce8adbfa-07af-4984-8e3b-7b5b93dc2886,https://dailymed.nlm.nih.gov/dailymed/drugInfo.cfm?setid=ce8adbfa-07af-4984-8e3b-7b5b93dc2886
include,auto,baby/kids word in product name,no,RAW ELEMENTS BABY KIDS BROAD SPECTRUM SPF30 (ZINC OXIDE) LOTION,RAW ELEMENTS LLC,sunscreen,product_name,zinc,True,,30,4423b85b2a46459f,fda8fce8-a164-45b5-b6ca-b1efce474089,https://dailymed.nlm.nih.gov/dailymed/drugInfo.cfm?setid=fda8fce8-a164-45b5-b6ca-b1efce474089
include,auto,baby/kids word in product name,no,RAW ELEMENTS BABY KIDS BROAD SPECTRUM SPF30 SUNSCREEN (ZINC OXIDE) STICK,RAW ELEMENTS LLC,sunscreen,product_name,zinc,True,,30,f09c992189823e68,a6e5f808-65c7-4810-a15c-413111216dae,https://dailymed.nlm.nih.gov/dailymed/drugInfo.cfm?setid=a6e5f808-65c7-4810-a15c-413111216dae
include,auto,baby/kids word in product name,no,"REEF BABIES SPF 50 OXYBENZONE FREE (OCTOCRYLENE, OCTISALATE, AND AVOBENZONE) LOTION","TROPICAL SEAS, INC.",sunscreen,product_name,none,False,,50,64feb9e17994eb97,8cd68b09-2578-4519-b00e-e83e0e440815,https://dailymed.nlm.nih.gov/dailymed/drugInfo.cfm?setid=8cd68b09-2578-4519-b00e-e83e0e440815
include,auto,baby/kids word in product name,no,"REEF BABIES SPF 50 OXYBENZONE FREE (OCTOCRYLENE, OCTISALATE, AND AVOBENZONE) SPRAY","TROPICAL SEAS, INC.",sunscreen,product_name,none,False,,50,8e0cfb7725596249,d5ed3488-aa32-4a63-9996-12c6532c3a4d,https://dailymed.nlm.nih.gov/dailymed/drugInfo.cfm?setid=d5ed3488-aa32-4a63-9996-12c6532c3a4d
include,auto,baby/kids word in product name,no,"REEF KIDS SPF 30 OXYBENZONE FREE (OCTOCRYLENE, OCTISALATE, AND AVOBENZONE) LOTION","TROPICAL SEAS, INC.",sunscreen,product_name,none,False,,30,2cc0d0d1dc4c2655,e226b07a-9f44-4b17-8f26-c86dcfa5dcda,https://dailymed.nlm.nih.gov/dailymed/drugInfo.cfm?setid=e226b07a-9f44-4b17-8f26-c86dcfa5dcda
include,auto,baby/kids word in product name,no,"REEF KIDS SPF 30 OXYBENZONE FREE (OCTOCRYLENE, OCTISALATE, AND AVOBENZONE) SPRAY","TROPICAL SEAS, INC.",sunscreen,product_name,none,False,,30,0652edbe585eaa80,005a9e7c-e392-4b9a-911f-d7586f7ae94e,https://dailymed.nlm.nih.gov/dailymed/drugInfo.cfm?setid=005a9e7c-e392-4b9a-911f-d7586f7ae94e
include,auto,baby/kids word in product name,no,REEF SAFE - BABY ZINC SUNSCREEN SPF50 (ZINC OXIDE SUNSCREEN) CREAM,VEGANIC SKN LIMITED,sunscreen,product_name,zinc,True,,50,53e6714f2078a42a,385f320c-9144-78b8-e063-6394a90a2e9d,https://dailymed.nlm.nih.gov/dailymed/drugInfo.cfm?setid=385f320c-9144-78b8-e063-6394a90a2e9d
include,auto,baby/kids word in product name,no,REEFSAFE BABY AND TODDLERS SUNSCREEN SPF50 (ZINC OXIDE SUNSCREEN) CREAM,VEGANIC SKN LIMITED,sunscreen,product_name,zinc,True,,50,ed6eb05c9c5ca4a8,44dd513e-ebaa-0d6a-e063-6394a90a78b7,https://dailymed.nlm.nih.gov/dailymed/drugInfo.cfm?setid=44dd513e-ebaa-0d6a-e063-6394a90a78b7
include,auto,baby/kids word in product name,no,RITE AID BABY SUNSCREEN (AVOBENZONE HOMOSALATE OCTISALATE OCTOCRYLENE OXYBENZONE) LOTION,RITE AID CORPORATION,sunscreen,product_name,none,False,,,d2c0ab08771ccca0,08e31964-612b-48fb-b3a8-77922aa1c7b8,https://dailymed.nlm.nih.gov/dailymed/drugInfo.cfm?setid=08e31964-612b-48fb-b3a8-77922aa1c7b8
include,auto,baby/kids word in product name,no,RITE AID KIDS SUNSCREEN SPF 50 (AVOBENZONE HOMOSALATE OCTISALATE OCTOCRYLENE OXYBENZONE) SPRAY,RITE AID CORPORATION,sunscreen,product_name,none,False,,50,e6c766a481245987,ef238f0d-f889-4869-b24b-73f22c724a00,https://dailymed.nlm.nih.gov/dailymed/drugInfo.cfm?setid=ef238f0d-f889-4869-b24b-73f22c724a00
include,auto,baby/kids word in product name,no,RITE AID RENEWAL BABY SUNSCREEN SPF 60 (TITANIUM DIOXIDE ZINC OXIDE) LOTION,RITE AID CORPORATION,sunscreen,product_name,zinc_titanium,True,"butyloctyl salicylate, ethylhexyl methoxycrylene",60,01adbea0317ca8e6,416b804d-bebf-4c5c-9990-4e830dd37153,https://dailymed.nlm.nih.gov/dailymed/drugInfo.cfm?setid=416b804d-bebf-4c5c-9990-4e830dd37153
include,auto,baby/kids word in product name,no,RITE AID RENEWAL KIDS SPF 50 (AVOBENZONE HOMOSALATE OCTISALATE OCTOCRYLENE OXYBENZONE) LOTION,RITE AID CORPORATION,sunscreen,product_name,none,False,,50,9d59c12571dad538,04d0a26b-5004-435c-81ba-87847c1dd2d9,https://dailymed.nlm.nih.gov/dailymed/drugInfo.cfm?setid=04d0a26b-5004-435c-81ba-87847c1dd2d9
include,auto,baby/kids word in product name,no,"SAFE HARBOR - NATURAL SUNSCREEN - BABY AND KIDS SPF50 BROAD SPECTRUM SUNSCREEN (TITANIUM DIOXIDE, ZINC OXIDE) CREAM",EMILIA PERSONAL CARE INC.,sunscreen,product_name,zinc_titanium,True,,50,6fd73723fbf6c739,50576262-1161-4f5b-9532-81bf1954256a,https://dailymed.nlm.nih.gov/dailymed/drugInfo.cfm?setid=50576262-1161-4f5b-9532-81bf1954256a
include,auto,baby/kids word in product name,no,"SAFE SEA FOR KIDS SUNSCREEN WITH JELLYFISH STING PROTECTIVE SPF 30 PLUS (OCTINOXATE, OCTISALATE, OXYBENZONE, TITANIUM DIOXIDE) LOTION",NIDARIA TECHNOLOGY LTD.,sunscreen,product_name,titanium,False,,30,579a9964fb4643e7,a2ac325f-6760-41fa-a635-11852fd70209,https://dailymed.nlm.nih.gov/dailymed/drugInfo.cfm?setid=a2ac325f-6760-41fa-a635-11852fd70209
include,auto,baby/kids word in product name,no,"SAFE SEA SPF 50 KIDS (HOMOSALATE, OCTOCRYLENE, OCTISALATE, AVOBENZONE) LOTION",NIDARIA TECHNOLOGY LTD,sunscreen,product_name,none,False,,50,34806902746ceaa3,3fa04557-2bc1-4eb4-aed8-eacc79189613,https://dailymed.nlm.nih.gov/dailymed/drugInfo.cfm?setid=3fa04557-2bc1-4eb4-aed8-eacc79189613
include,auto,baby/kids word in product name,no,"SAFE SEA SPF 50 KIDS (HOMOSALATE, OCTOCRYLENE, OCTISALATE, AVOBENZONE) LOTION",SASA COSMETICS,sunscreen,product_name,none,False,,50,34806902746ceaa3,ccbbe9d1-bf67-4507-bd8e-d865ac592df7,https://dailymed.nlm.nih.gov/dailymed/drugInfo.cfm?setid=ccbbe9d1-bf67-4507-bd8e-d865ac592df7
include,auto,baby/kids word in product name,no,"SAFE SEA SPF 50 KIDS (OCTINOXATE, OCTISALATE, ZINC OXIDE, TITANIUM DIOXIDE) LOTION",SASA COSMETICS,sunscreen,product_name,zinc_titanium,False,,50,96473a26f8065719,b02ac130-d0ed-4850-8aa3-4660eca88150,https://dailymed.nlm.nih.gov/dailymed/drugInfo.cfm?setid=b02ac130-d0ed-4850-8aa3-4660eca88150
include,auto,baby/kids word in product name,no,SAFE4KIDZ BABY ZINC SUNSCREEN SPF50 (ZINC OXIDE SUNSCREEN) CREAM,VEGANIC SKN LIMITED,sunscreen,product_name,zinc,True,,50,ed6eb05c9c5ca4a8,44ddc4d8-3f3b-5d11-e063-6294a90ae88a,https://dailymed.nlm.nih.gov/dailymed/drugInfo.cfm?setid=44ddc4d8-3f3b-5d11-e063-6294a90ae88a
include,auto,baby/kids word in product name,no,SAFE4KIDZ NATURAL MINERAL SUNSCREEN SPF50 (ZINC OXIDE SUNSCREEN) CREAM,VEGANIC SKN LIMITED,sunscreen,product_name,zinc,True,,50,ed6eb05c9c5ca4a8,44ddc0ae-a977-3adf-e063-6294a90a0898,https://dailymed.nlm.nih.gov/dailymed/drugInfo.cfm?setid=44ddc0ae-a977-3adf-e063-6294a90a0898
include,auto,baby/kids word in product name,no,"SEA AND SKI KIDS SPF 70 C-SPRAY (AVOBENZONE, HOMOSALATE, OCTINOXATE, OCTISALATE, OCTOCRYLENE) AEROSOL, SPRAY",CROSS BRANDS CONTRACT FILLING,sunscreen,product_name,none,False,,70,7ca3eb392ab7da13,9dda43f4-9e36-3570-e053-2995a90a2c99,https://dailymed.nlm.nih.gov/dailymed/drugInfo.cfm?setid=9dda43f4-9e36-3570-e053-2995a90a2c99
include,auto,baby/kids word in product name,no,"SEA AND SKI SPF 70 KIDS (AVOBENZONE, HOMOSALATE, OCTINOXATE, OCTISALATE, OCTOCRYLENE) LOTION",CROSS-BRANDS CONTRACT FILLING,sunscreen,product_name,none,False,,70,36e192285e9d3cb4,a0212bed-a7d4-d1db-e053-2995a90a32e7,https://dailymed.nlm.nih.gov/dailymed/drugInfo.cfm?setid=a0212bed-a7d4-d1db-e053-2995a90a32e7
include,auto,baby/kids word in product name,no,"SEA AND SKI SPF 70 KIDS (AVOBENZONE, HOMOSALATE, OCTINOXATE, OCTISALATE, OCTOCRYLENE) LOTION",CROSS-BRANDS CONTRACT FILLING,sunscreen,product_name,none,False,,70,25c7a9d0b62bcd8d,a0220f60-e094-76de-e053-2a95a90ad09d,https://dailymed.nlm.nih.gov/dailymed/drugInfo.cfm?setid=a0220f60-e094-76de-e053-2a95a90ad09d
include,auto,baby/kids word in product name,no,"SELECT BRAND BABY SUNSCREEN (AVOBENZONE, HOMOSALATE, OCTISALATE, OCTOCRYLENE, OXYBENZONE) LOTION",SELECT BRAND DISTRIBUTORS,sunscreen,product_name,none,False,,,ce01f29bd01b2deb,a5f27b24-e9ac-43f5-ad66-3f9e42d8cf70,https://dailymed.nlm.nih.gov/dailymed/drugInfo.cfm?setid=a5f27b24-e9ac-43f5-ad66-3f9e42d8cf70
include,auto,baby/kids word in product name,no,SKY AND SOL KIDS AND BABIES SUNSCREEN (ZINC OXIDE) CREAM,DELTA ECOMMERCE LLC,sunscreen,product_name,zinc,True,,,24fe1a43ae14ef2d,4de67653-ab31-c6b2-e063-6394a90a7e8c,https://dailymed.nlm.nih.gov/dailymed/drugInfo.cfm?setid=4de67653-ab31-c6b2-e063-6394a90a7e8c
include,auto,baby/kids word in product name,no,"SMART CARE BARBIE KIDS SUNSCREEN SPF 50 (AVOBENZONE, HOMOSALATE, OCTISALATE, OCTOCRYLENE) SPRAY",ASHTEL STUDIOS INC.,sunscreen,product_name,none,False,,50,790b1edc0c2d2563,d810b762-9020-4028-a04b-187533a07676,https://dailymed.nlm.nih.gov/dailymed/drugInfo.cfm?setid=d810b762-9020-4028-a04b-187533a07676
include,auto,baby/kids word in product name,no,"SMART CARE SPIDER-MAN KIDS SUNSCREEN SPF 50 (AVOBENZONE, HOMOSALATE, OCTISALATE, OCTOCRYLENE) SPRAY",ASHTEL STUDIOS INC.,sunscreen,product_name,none,False,,50,790b1edc0c2d2563,4244cd1c-2a90-4a24-a373-a681a21f52d4,https://dailymed.nlm.nih.gov/dailymed/drugInfo.cfm?setid=4244cd1c-2a90-4a24-a373-a681a21f52d4
include,auto,baby/kids word in product name,no,"SOLMATE BABY BROAD SPECTRUM SPF50 (AVOBENZONE, HOMOSALATE, OCTISALATE, OCTOCRYLENE, AND OXYBENZONE) LOTION","PRIME ENTERPRISES, INC.",sunscreen,product_name,none,False,,50,e7b27b0c8af02e32,6055ba25-c346-4a18-bc72-ceac753f8a35,https://dailymed.nlm.nih.gov/dailymed/drugInfo.cfm?setid=6055ba25-c346-4a18-bc72-ceac753f8a35
include,auto,baby/kids word in product name,no,"SOLMATE BABY BROAD SPECTRUM SPF50 (AVOBENZONE, HOMOSALATE, OCTISALATE, OCTOCRYLENE, AND OXYBENZONE) LOTION","PRIME ENTERPRISES, INC.",sunscreen,product_name,none,False,,50,e7b27b0c8af02e32,c3e3db90-8244-4c26-a1da-5f52b867c2d8,https://dailymed.nlm.nih.gov/dailymed/drugInfo.cfm?setid=c3e3db90-8244-4c26-a1da-5f52b867c2d8
include,auto,baby/kids word in product name,no,"SOLMATE KIDS BROAD SPECTRUM SPF 50 (AVOBENZONE, HOMOSALATE, OCTISALATE, OCTOCRYLENE, AND OXYBENZONE) LOTION","PRIME ENTERPRISES, INC.",sunscreen,product_name,none,False,,50,0b9fa9c6d1c5e61d,4665c6dc-7519-4218-97b3-8148e58931fb,https://dailymed.nlm.nih.gov/dailymed/drugInfo.cfm?setid=4665c6dc-7519-4218-97b3-8148e58931fb
include,auto,baby/kids word in product name,no,"SOLRX KIDS SPF 60 C-SPRAY (AVOBENZONE, HOMOSALATE, OCTISALATE, OCTOCRYLENE) AEROSOL, SPRAY",CROSS BRANDS CONTRACT FILLING,sunscreen,product_name,none,False,,60,5bf42e576d9198fa,9e507750-0950-5c2a-e053-2995a90ac4a4,https://dailymed.nlm.nih.gov/dailymed/drugInfo.cfm?setid=9e507750-0950-5c2a-e053-2995a90ac4a4
include,auto,baby/kids word in product name,no,"SPF 50 BABY SUNSCREEN EQUATE (AVOBENZONE, HOMOSALATE, OCTOCRYLENE) LOTION",WALMART INC,sunscreen,product_name,none,False,butyloctyl salicylate,50,70067433adc2ded7,4690d89b-ae61-2ed5-e063-6294a90a743f,https://dailymed.nlm.nih.gov/dailymed/drugInfo.cfm?setid=4690d89b-ae61-2ed5-e063-6294a90a743f
include,auto,baby/kids word in product name,no,SPF 50 KIDS SUNSCREEN (HOMOSALATE 10% OCTISALATE 5% AVOBENZONE 3%) SPRAY,COCONUT CALIENTE COSTA RICA LLC,sunscreen,product_name,none,False,"butyloctyl salicylate, polyester-8",50,fc8e7edc6f5b695d,9839570f-eeef-4140-a6ca-9fd2c9767a5b,https://dailymed.nlm.nih.gov/dailymed/drugInfo.cfm?setid=9839570f-eeef-4140-a6ca-9fd2c9767a5b
include,auto,baby/kids word in product name,no,"SPF 50 KIDS SUNSCREEN EQUATE (AVOBENZONE, HOMOSALATE, OCTOCRYLENE) LOTION",WALMART INC,sunscreen,product_name,none,False,butyloctyl salicylate,50,70067433adc2ded7,46919f43-2dee-57b1-e063-6294a90a15eb,https://dailymed.nlm.nih.gov/dailymed/drugInfo.cfm?setid=46919f43-2dee-57b1-e063-6294a90a15eb
include,auto,baby/kids word in product name,no,SPF 50 MINERAL SUNSCREEN BKIDS (ZINC OXIDE) STICK,KAS DIRECT LLC DBA BABYGANICS,sunscreen,product_name,zinc,True,butyloctyl salicylate,50,0a2e5642756a97c2,f717cd89-194b-42e3-a079-24b2903deb29,https://dailymed.nlm.nih.gov/dailymed/drugInfo.cfm?setid=f717cd89-194b-42e3-a079-24b2903deb29
include,reviewed,"brand name on pack (Babyganics), single product",no,"SPF 50 PLUS SUNSCREEN (TITANIUM DIOXIDE, OCTISALATE, AND ZINC OXIDE) LOTION",KAS DIRECT LLC DBA BABYGANICS,sunscreen,brand_name,zinc_titanium,False,butyloctyl salicylate,50,e10d9a05a80d6a7d,5a4c71fc-aa6f-47f7-8d1d-2af2e726cf9b,https://dailymed.nlm.nih.gov/dailymed/drugInfo.cfm?setid=5a4c71fc-aa6f-47f7-8d1d-2af2e726cf9b
include,auto,baby/kids word in product name,no,SPF 50 PLUS SUNSCREEN ALL MINERAL ACTIVE INGREDIENTS (TITANIUM DIOXIDE AND ZINC OXIDE) STICK KIDS SPF 50 PLUS SUNSCREEN ALL MINERAL ACTIVE INGREDIENTS (TITANIUM DIOXIDE AND ZINC OXIDE) STICK,KAS DIRECT LLC DBA BABYGANICS,sunscreen,product_name,zinc_titanium,True,,50,2e5bac753b202470,247aae3d-1845-4dd8-b774-b9e8214809a2,https://dailymed.nlm.nih.gov/dailymed/drugInfo.cfm?setid=247aae3d-1845-4dd8-b774-b9e8214809a2
include,auto,baby/kids word in product name,no,"SPF 70 KIDS SUNSCREEN (AVOBENZONE, HOMOSALATE, OCTISALATE, OCTOCRYLENE) SPRAY","DERMA CARE RESEARCH LABS, LLC",sunscreen,product_name,none,False,diethylhexyl syringylidenemalonate,70,6c72255ad9c7bc6f,0aadc378-dc34-9a37-e063-6294a90ad49e,https://dailymed.nlm.nih.gov/dailymed/drugInfo.cfm?setid=0aadc378-dc34-9a37-e063-6294a90ad49e
include,reviewed,"brand name on pack (Babyganics), single product",no,SPF50 PLUS MINERAL SUNSCREEN (ZINC OXIDE AND TITANIUM DIOXIDE) SPRAY,KAS DIRECT LLC DBA BABYGANICS,sunscreen,brand_name,zinc_titanium,True,butyloctyl salicylate,50,3a5f8746a433da29,08e8bc10-85d8-4215-8351-7ec12029416c,https://dailymed.nlm.nih.gov/dailymed/drugInfo.cfm?setid=08e8bc10-85d8-4215-8351-7ec12029416c
include,auto,baby/kids word in product name,no,"SUN BUM KIDS 50 CLEAR SUNSCREEN (AVOBENZONE, HOMOSALATE, OCTISALATE, OCTOCRYLENE) SPRAY","SUN BUM, LLC",sunscreen,product_name,none,False,butyloctyl salicylate,,c06a0bf03c224e1d,3b058b74-27d0-8f8a-e063-6294a90aa02c,https://dailymed.nlm.nih.gov/dailymed/drugInfo.cfm?setid=3b058b74-27d0-8f8a-e063-6294a90aa02c
include,auto,baby/kids word in product name,no,"SUN BUM KIDS 50 CLEAR SUNSCREEN (AVOBENZONE, HOMOSALATE, OCTISALATE, OCTOCRYLENE) SPRAY","SUN BUM, LLC",sunscreen,product_name,none,False,butyloctyl salicylate,,7740936677c6b267,3c1f619e-dd4e-ab62-e063-6294a90a10d4,https://dailymed.nlm.nih.gov/dailymed/drugInfo.cfm?setid=3c1f619e-dd4e-ab62-e063-6294a90a10d4
include,auto,baby/kids word in product name,no,"SUN BUM KIDS 50 CLEAR SUNSCREEN 6 OZ (AVOBENZONE, HOMOSALATE, OCTISALATE, OCTOCRYLENE) LOTION","SUN BUM, LLC",sunscreen,product_name,none,False,butyloctyl salicylate,,4e74b33aa11372ef,3b162348-0222-490e-e063-6394a90ad494,https://dailymed.nlm.nih.gov/dailymed/drugInfo.cfm?setid=3b162348-0222-490e-e063-6394a90ad494
include,auto,baby/kids word in product name,no,"SUN BUM KIDS 50 CLEAR SUNSCREEN FACE STICK (AVOBENZONE, HOMOSALATE, OCTISALATE, OCTOCRYLENE) STICK","SUN BUM, LLC",sunscreen,product_name,none,False,butyloctyl salicylate,,384a65e3f5f602a9,3a147fe1-0dda-5433-e063-6394a90a1a59,https://dailymed.nlm.nih.gov/dailymed/drugInfo.cfm?setid=3a147fe1-0dda-5433-e063-6394a90a1a59
include,auto,baby/kids word in product name,no,"SUN BUM KIDS FACE SPF 50 (AVOBENZONE, HOMOSALATE, OCTISALATE, OCTOCRYLENE) STICK",SUN BUM LLC,sunscreen,product_name,none,False,butyloctyl salicylate,50,c853cc26c4741d2a,90ae5bb0-d199-485e-9d36-c3db28289357,https://dailymed.nlm.nih.gov/dailymed/drugInfo.cfm?setid=90ae5bb0-d199-485e-9d36-c3db28289357
include,auto,baby/kids word in product name,no,"SUN BUM KIDS SUNSCREEN SPF 50 (AVOBENZONE, HOMOSALATE, OCTISALATE, OCTOCRYLENE) SPRAY",SUN BUM LLC,sunscreen,product_name,none,False,butyloctyl salicylate,50,4c622b9f151f7ade,6fcec9f9-bee0-4884-8c72-be273426f916,https://dailymed.nlm.nih.gov/dailymed/drugInfo.cfm?setid=6fcec9f9-bee0-4884-8c72-be273426f916
include,auto,baby/kids word in product name,no,SUN KIDS MINERAL BLUEBERRY SUNSCREEN BROAD SPECTRUM SPF 50 (ZINC OXIDE) CREAM,THE NATURAL SKN COMPANY,sunscreen,product_name,zinc,True,,50,be441e021bd2308a,40945805-6f2e-74a1-e063-6394a90a04a3,https://dailymed.nlm.nih.gov/dailymed/drugInfo.cfm?setid=40945805-6f2e-74a1-e063-6394a90a04a3
include,auto,baby/kids word in product name,no,SUN KIDS MINERAL STRAWBERRY SUNSCREEN BROAD SPECTRUM SPF 50 (ZINC OXIDE) CREAM,THE NATURAL SKN COMPANY,sunscreen,product_name,zinc,True,,50,cc032bea43066314,400c67aa-55a6-67ea-e063-6294a90a0213,https://dailymed.nlm.nih.gov/dailymed/drugInfo.cfm?setid=400c67aa-55a6-67ea-e063-6294a90a0213
include,auto,baby/kids word in product name,no,"SUN WAVE KIDS INSTA DRY SPF 50 (AVOBENZONE, HOMOSALATE, OCTISALATE, OCTOCRYLENE) SPRAY","SUN LIFE BRANDS, LLC",sunscreen,product_name,none,False,butyloctyl salicylate,50,e1fa22a50e2709d7,5c2a5ca3-e9eb-48ba-8698-592d2c7aa241,https://dailymed.nlm.nih.gov/dailymed/drugInfo.cfm?setid=5c2a5ca3-e9eb-48ba-8698-592d2c7aa241
include,auto,baby/kids word in product name,no,SUN ZAPPER - BABY PURE ZINC SUNSCREEN SPF30 (ZINC OXIDE SUNSCREEN) CREAM,VEGANIC SKN LIMITED,sunscreen,product_name,zinc,True,,30,d9f5f7daa2ab1e81,3ee52faa-64a8-4bdf-e063-6294a90a65cf,https://dailymed.nlm.nih.gov/dailymed/drugInfo.cfm?setid=3ee52faa-64a8-4bdf-e063-6294a90a65cf
include,auto,baby/kids word in product name,no,SUN ZAPPER - KIDS PURE ZINC SUNSCREEN SPF50 (ZINC OXIDE SUNSCREEN) CREAM,VEGANIC SKN LIMITED,sunscreen,product_name,zinc,True,,50,78d12fa1b2ccba44,3ee4410b-46d8-1059-e063-6394a90a7f96,https://dailymed.nlm.nih.gov/dailymed/drugInfo.cfm?setid=3ee4410b-46d8-1059-e063-6394a90a7f96
include,auto,baby/kids word in product name,no,"SUNBEAT PROCARE FPS 50 KIDS (HOMOSALATE, OCTOCRYLENE, OCTISALATE, AVOBENZONE, ENSULIZOLE) LOTION","TECNOGLOBAL, PH7 S.A. DE C.V.",sunscreen,product_name,none,False,,50,18be917e97e51aca,42c74ddf-70a3-f2b1-e063-6294a90a91a9,https://dailymed.nlm.nih.gov/dailymed/drugInfo.cfm?setid=42c74ddf-70a3-f2b1-e063-6294a90a91a9
include,auto,baby/kids word in product name,no,"SUNBRELLAS KIDS SUNBLOCK SPF 45 (HOMOSALATE, OCTOCRYLENE, ETHYLHEXYL METHOXYCINNAMATE, ETHYLHEXYL SALICILATE, TITANIUM DIOXIDE) CREAM","THE HAIN CELESTIAL GROUP, INC.",sunscreen,product_name,titanium,False,,45,7feff5cc84f46a8f,ac77cd6d-de01-44eb-8f5d-cf172ec1b53b,https://dailymed.nlm.nih.gov/dailymed/drugInfo.cfm?setid=ac77cd6d-de01-44eb-8f5d-cf172ec1b53b
include,auto,baby/kids word in product name,no,SUNSCREEN BABY SPF30 PLUS BROAD SPECTRUM (ZINC OXIDE ) LOTION,UV NATURAL INTERNATIONAL PTY LTD,sunscreen,product_name,zinc,True,,30,a50e21d8cc4489ad,0c285349-62e0-40a4-93c8-11abb65e6f4d,https://dailymed.nlm.nih.gov/dailymed/drugInfo.cfm?setid=0c285349-62e0-40a4-93c8-11abb65e6f4d
include,auto,baby/kids word in product name,no,"SUNSCREEN FOR BABIES SPF 50 (AVOBENZONE, HOMOSALATE, OCTISALATE) LOTION","RETAIL BUSINESS SERVICES, LLC",sunscreen,product_name,none,False,butyloctyl salicylate,50,245c8fc6677a944f,64766ed9-bd47-498d-bf59-fb30a7bf7e89,https://dailymed.nlm.nih.gov/dailymed/drugInfo.cfm?setid=64766ed9-bd47-498d-bf59-fb30a7bf7e89
include,auto,baby/kids word in product name,no,"SUNSCREEN FOR BABIES SPF 50 (AVOBENZONE, HOMOSALATE, OCTISALATE) LOTION","NICE-PAK PRODUCTS, LLC",sunscreen,product_name,none,False,butyloctyl salicylate,50,245c8fc6677a944f,a4b9d7c0-dc09-4f0e-8b65-90ba180552bf,https://dailymed.nlm.nih.gov/dailymed/drugInfo.cfm?setid=a4b9d7c0-dc09-4f0e-8b65-90ba180552bf
include,auto,baby/kids word in product name,no,"SUNSCREEN FOR BABY SPF50PLUS (OCTOCRYLENE,ETHYLHEXYL METHOXYCINNAMATE,TITANIUM DIOXIDE,ETHYLHEXYL SALICYLATE) LOTION","GUANGZHOU SENMAI BIOTECHNOLOGY CO., LTD.",sunscreen,product_name,titanium,False,,,15902128d4019aca,1cb7fbca-0874-ae53-e063-6294a90ab42a,https://dailymed.nlm.nih.gov/dailymed/drugInfo.cfm?setid=1cb7fbca-0874-ae53-e063-6294a90ab42a
include,auto,baby/kids word in product name,no,"SUNSCREEN FOR KIDS SPF 50 (AVEBONZONE, HOMOSALATE, OCTISALATE) SPRAY",CHAIN DRUG MARKETING ASSOCIATION,sunscreen,product_name,none,False,butyloctyl salicylate,50,d1f8a665fa9bf726,d7215a32-00a9-4b70-8597-8ea91f546c1e,https://dailymed.nlm.nih.gov/dailymed/drugInfo.cfm?setid=d7215a32-00a9-4b70-8597-8ea91f546c1e
include,auto,baby/kids word in product name,no,"SUNSCREEN FOR KIDS SPF 50 (AVOBENZONE, HOMOSALATE, OCTISALATE) SPRAY",THE KROGER CO.,sunscreen,product_name,none,False,butyloctyl salicylate,50,d1f8a665fa9bf726,1c7cd904-ffff-48aa-91bd-cc978946b36a,https://dailymed.nlm.nih.gov/dailymed/drugInfo.cfm?setid=1c7cd904-ffff-48aa-91bd-cc978946b36a
include,auto,baby/kids word in product name,no,"SUNSCREEN FOR KIDS SPF 50 (AVOBENZONE, HOMOSALATE, OCTISALATE) SPRAY","RETAIL BUSINESS SERVICES, LLC",sunscreen,product_name,none,False,butyloctyl salicylate,50,d1f8a665fa9bf726,6a455f1a-4285-44c3-820a-85a50d1bbc5b,https://dailymed.nlm.nih.gov/dailymed/drugInfo.cfm?setid=6a455f1a-4285-44c3-820a-85a50d1bbc5b
include,auto,baby/kids word in product name,no,"SUNSCREEN FOR KIDS SPF 50 (AVOBENZONE, HOMOSALATE, OCTISALATE) SPRAY",VALU MERCHANDISERS COMPANY,sunscreen,product_name,none,False,butyloctyl salicylate,50,d1f8a665fa9bf726,cfc3b202-6511-450a-b3c1-2d8e8ebc070d,https://dailymed.nlm.nih.gov/dailymed/drugInfo.cfm?setid=cfc3b202-6511-450a-b3c1-2d8e8ebc070d
include,auto,baby/kids word in product name,no,"SUNTONE KIDS BROAD SPECTRUM SPF 50 SUNSCREEN (AVOBENZONE, HOMOSALATE, OCTISALATE, OCTOCRYLENE, AND OXYBENZONE) LOTION",PRIME ENTERPRISES INC.,sunscreen,product_name,none,False,,50,45a98ca953171e5a,2b86fb9f-3eac-533b-e054-00144ff8d46c,https://dailymed.nlm.nih.gov/dailymed/drugInfo.cfm?setid=2b86fb9f-3eac-533b-e054-00144ff8d46c
include,auto,baby/kids word in product name,no,SUNZONE BABY SUNSCREEN SPF-60 BROAD SPECTRUM (AVOBENZONE AND OCTINOXATE) LOTION,EMPACK SPRAYTECH INC.,sunscreen,product_name,none,False,,60,125224c95381768d,d954b873-decf-47cf-b600-4dadb4e2ba1d,https://dailymed.nlm.nih.gov/dailymed/drugInfo.cfm?setid=d954b873-decf-47cf-b600-4dadb4e2ba1d
include,auto,baby/kids word in product name,no,"TARGET UP AND UP KIDS SPF 50 (AVOBENZONE, HOMOSALATE, OCTISALATE, OCTOCRYLENE) SPRAY",TARGET CORPORATION,sunscreen,product_name,none,False,butyloctyl salicylate,50,94515fa2ce6815c6,b82b6d0d-616d-f041-e053-2995a90ae6a3,https://dailymed.nlm.nih.gov/dailymed/drugInfo.cfm?setid=b82b6d0d-616d-f041-e053-2995a90ae6a3
include,auto,baby/kids word in product name,no,"TENDER MOMENTS BABY SUNSCREEN BROAD SPECTRUM SPF 50 JAFRA (AVOBENZONE, HOMOSALATE, OCTISALATE, OCTOCRYLENE, OXYBENZONE) LIQUID",JAFRA COSMETICS INTERNATIONAL,sunscreen,product_name,none,False,,50,d1aac3e76f7f6ef7,d6765958-7b61-4393-95e8-db8212bad93d,https://dailymed.nlm.nih.gov/dailymed/drugInfo.cfm?setid=d6765958-7b61-4393-95e8-db8212bad93d
include,auto,baby/kids word in product name,no,"TENDER MOMENTS BABY SUNSCREEN BROAD SPECTRUM SPF 50 WATER RESISTANT (40 MINUTES) (AVOBENZONE, HOMOSALATE, OCTISALATE, OCTOCRYLENE) CREAM","DISTRIBUIDORA COMERCIAL JAFRA, S.A. DE C.V.",sunscreen,product_name,none,False,"polyester-8, ethylhexyl methoxycrylene",50,973c4c5f78a383ab,c3bacceb-63a8-098c-e053-2995a90acd64,https://dailymed.nlm.nih.gov/dailymed/drugInfo.cfm?setid=c3bacceb-63a8-098c-e053-2995a90acd64
include,auto,baby/kids word in product name,no,THE GREEN BEAVER COMPANY SPF 40 KIDS SUNSCREEN (SUNSCREEN LOTION) LOTION,THE GREEN BEAVER COMPANY,sunscreen,product_name,zinc_titanium,True,,40,c05a196a9ebad578,639da78b-4191-926b-e053-2a91aa0ab8bd,https://dailymed.nlm.nih.gov/dailymed/drugInfo.cfm?setid=639da78b-4191-926b-e053-2a91aa0ab8bd
include,auto,baby/kids word in product name,no,THINK BABY SPF 30 (SUNSCREEN) STICK,PRIVATE LABEL SELECT LTD CO,sunscreen,product_name,zinc,True,,30,182dcc473aada652,d4c7731e-c2bc-5a69-e053-2995a90ab23a,https://dailymed.nlm.nih.gov/dailymed/drugInfo.cfm?setid=d4c7731e-c2bc-5a69-e053-2995a90ab23a
include,auto,baby/kids word in product name,no,"THINK KIDS MINERAL SPF 50 (ZINC OXIDE AND TITANIUM DIOXIDE) AEROSOL, SPRAY","THINKOPERATIONS,LLC",sunscreen,product_name,zinc_titanium,True,"butyloctyl salicylate, polyester-8",50,c5176198fdb901be,25c59820-a08d-4abe-87ae-a787ac8b2ac2,https://dailymed.nlm.nih.gov/dailymed/drugInfo.cfm?setid=25c59820-a08d-4abe-87ae-a787ac8b2ac2
include,auto,baby/kids word in product name,no,THINK SPORT FOR KIDS (SUNSCREEN) STICK,PRIVATE LABEL SELECT LTD CO,sunscreen,product_name,zinc,True,,,6b59ca90a09fcbb8,d4c83a31-eabd-5178-e053-2995a90a7b55,https://dailymed.nlm.nih.gov/dailymed/drugInfo.cfm?setid=d4c83a31-eabd-5178-e053-2995a90a7b55
include,auto,baby/kids word in product name,no,THINKBABY BABY SUNSCREEN SPF 50 (ZINC OXIDE) LOTION,"THINKOPERATIONS,LLC",sunscreen,product_name,zinc,True,,50,d029a1a072664621,820317d2-1803-4949-bddf-09521a5d1750,https://dailymed.nlm.nih.gov/dailymed/drugInfo.cfm?setid=820317d2-1803-4949-bddf-09521a5d1750
include,auto,baby/kids word in product name,no,THINKBABY CLEAR ZINC SPF 30 (ZINC OXIDE) LOTION,"THINKOPERATIONS,LLC",sunscreen,product_name,zinc,True,,30,46317241ba55a9dd,7cd9c971-5556-42dc-af7b-3a88221b8c94,https://dailymed.nlm.nih.gov/dailymed/drugInfo.cfm?setid=7cd9c971-5556-42dc-af7b-3a88221b8c94
include,auto,baby/kids word in product name,no,THINKBABY SPF 30 (ZINC OXIDE) STICK,"THINKOPERATIONS,LLC",sunscreen,product_name,zinc,True,,30,c688d0bb3c7c28a6,06862b00-c937-41af-ab5d-cea34160d035,https://dailymed.nlm.nih.gov/dailymed/drugInfo.cfm?setid=06862b00-c937-41af-ab5d-cea34160d035
include,auto,baby/kids word in product name,no,THINKBABY SPF 50 (ZINC OXIDE) LOTION,"THINKOPERATIONS,LLC",sunscreen,product_name,zinc,True,,50,e4c6a47fca459e7d,f2788a1a-daf6-4b7d-8333-585a380ebe57,https://dailymed.nlm.nih.gov/dailymed/drugInfo.cfm?setid=f2788a1a-daf6-4b7d-8333-585a380ebe57
include,auto,baby/kids word in product name,no,THINKBABY SUNSCREEN SPF 30 (ZINC OXIDE) STICK,"THINKOPERATIONS,LLC",sunscreen,product_name,zinc,True,,30,18c18442b3ad9968,86249f33-e635-4455-a039-3a25aa3478df,https://dailymed.nlm.nih.gov/dailymed/drugInfo.cfm?setid=86249f33-e635-4455-a039-3a25aa3478df
include,auto,baby/kids word in product name,no,THINKKIDS PLAY READY MINERAL ROLL-ON SPF 45 (ZINC OXIDE) LOTION,"THINKOPERATIONS,LLC",sunscreen,product_name,zinc,True,,45,dfba5f92366f95f1,c03315df-e881-463e-b10f-e521607c1f4c,https://dailymed.nlm.nih.gov/dailymed/drugInfo.cfm?setid=c03315df-e881-463e-b10f-e521607c1f4c
include,auto,baby/kids word in product name,no,THINKKIDS SPF 50 (ZINC OXIDE) LOTION,"THINKOPERATIONS,LLC",sunscreen,product_name,zinc,True,,50,e4c6a47fca459e7d,09f9d9bb-c08b-401c-bbf1-640f1c8ec678,https://dailymed.nlm.nih.gov/dailymed/drugInfo.cfm?setid=09f9d9bb-c08b-401c-bbf1-640f1c8ec678
include,auto,baby/kids word in product name,no,THINKSPORT KIDS SUNSCREEN SPF 30 (ZINC OXIDE) STICK,"THINKOPERATIONS,LLC",sunscreen,product_name,zinc,True,,30,18c18442b3ad9968,e6d7512f-438b-4365-b585-eba805866a63,https://dailymed.nlm.nih.gov/dailymed/drugInfo.cfm?setid=e6d7512f-438b-4365-b585-eba805866a63
include,auto,baby/kids word in product name,no,THINKSPORT KIDS SUNSCREEN SPF 50 (ZINC OXIDE) LOTION,"THINKOPERATIONS,LLC",sunscreen,product_name,zinc,True,,50,5b1883893a9e6303,8b5a147d-4126-4fc5-a73b-fd5a19ccfd3d,https://dailymed.nlm.nih.gov/dailymed/drugInfo.cfm?setid=8b5a147d-4126-4fc5-a73b-fd5a19ccfd3d
include,reviewed,'Kids' in product name,no,TONYMOLY MY SUNNY KIDS AND MOM SUN CREAM (ZINC OXIDE) CREAM,"TONYMOLY CO., LTD.",sunscreen,product_name,zinc_titanium,True,,,ec7b2d6a024f13f9,29eea350-5159-206b-e054-00144ff88e88,https://dailymed.nlm.nih.gov/dailymed/drugInfo.cfm?setid=29eea350-5159-206b-e054-00144ff88e88
include,auto,baby/kids word in product name,no,"TOPCO TOPCARE EVERYDAY BABY PROTECTION SUN SPF 50 (OCTISALATE, ZINC OXIDE) LOTION",TOPCO ASSOCIATES LLC,sunscreen,product_name,zinc,False,tridecyl salicylate,50,e1d3ccd995b52a2c,f71c9060-3daf-e1be-e053-6294a90a4f91,https://dailymed.nlm.nih.gov/dailymed/drugInfo.cfm?setid=f71c9060-3daf-e1be-e053-6294a90a4f91
include,reviewed,'Baby' in product name,no,"TRUE NATURAL BABY 30 AND FAMILY (ZINC OXIDE, TITANIUM DIOXIDE) LOTION","TRUE NATURE GROUP, INC.",sunscreen,product_name,zinc_titanium,True,,,3a622ac0ffb792ab,d15e1807-74ed-4427-b5d1-a990a6d75615,https://dailymed.nlm.nih.gov/dailymed/drugInfo.cfm?setid=d15e1807-74ed-4427-b5d1-a990a6d75615
include,auto,baby/kids word in product name,no,TRUE NATURAL BROAD SPECTRUM SPF 50 ALL NATURAL BABY AND SENSITIVE SKIN SUNSCREEN (ZINC OXIDE) LOTION,"TRUE NATURE GROUP, INC.",sunscreen,product_name,zinc,True,,50,8f7515439caeb43b,efdfe5b6-dfd6-475f-a696-1559488d58c9,https://dailymed.nlm.nih.gov/dailymed/drugInfo.cfm?setid=efdfe5b6-dfd6-475f-a696-1559488d58c9
include,auto,baby/kids word in product name,no,TRULY SOLAR BABY SUNCREEN SPF 45 (HOMOSALATE 15% OCTISALATE 5% OCTOCRYLENE 10% AVOBENZONE 3%) OIL,"TRULY BEAUTY, INC",sunscreen,product_name,none,False,"butyloctyl salicylate, polyester-8",45,51ff95673b89f9ba,38e6c6fc-d8b9-4196-96c7-0f6d5d06da02,https://dailymed.nlm.nih.gov/dailymed/drugInfo.cfm?setid=38e6c6fc-d8b9-4196-96c7-0f6d5d06da02
include,auto,baby/kids word in product name,no,"ULTRASOL KIDS (AVOBENZONE, OCTINOXATE, OCTISALATE, OCTOCRYLENE, OXYBENZONE) AEROSOL, FOAM",FISCHER PHARMACEUTICALS LTD.,sunscreen,product_name,none,False,,,d2a4e71322830b0e,7d10e92a-1f9c-4ba9-8c56-7716eb53999b,https://dailymed.nlm.nih.gov/dailymed/drugInfo.cfm?setid=7d10e92a-1f9c-4ba9-8c56-7716eb53999b
include,auto,baby/kids word in product name,no,"ULTRASOL KIDS SUNSCREEN (AVOBENZONE, OCTINOXATE, OCTISALATE, OXYBENZONE) CREAM",FISCHER PHARMACEUTICALS LTD,sunscreen,product_name,none,False,,,1059e772d57987a9,fd5caf43-11ec-4bb4-9f01-bef7471ce358,https://dailymed.nlm.nih.gov/dailymed/drugInfo.cfm?setid=fd5caf43-11ec-4bb4-9f01-bef7471ce358
include,auto,baby/kids word in product name,no,"ULTRASOL NATURE BABY SUNSCREEN (AVOBENZONE, OCTINOXATE, OCTISALATE, OXYBENZONE) LOTION",FISCHER PHARMACEUTICALS LTD,sunscreen,product_name,none,False,,,1059e772d57987a9,15739f81-d01f-4d3e-be5f-bbf04fffb1f9,https://dailymed.nlm.nih.gov/dailymed/drugInfo.cfm?setid=15739f81-d01f-4d3e-be5f-bbf04fffb1f9
include,auto,baby/kids word in product name,no,"ULTRASOL NATURE BABY SUNSCREEN (TITANIUM DIOXIDE, ZINC OXIDE) CREAM",FISCHER PHARMACEUTICALS LTD,sunscreen,product_name,zinc_titanium,True,,,0b5633ce323ea37b,723e8d14-f981-4aee-a3cf-62f0c97f5e12,https://dailymed.nlm.nih.gov/dailymed/drugInfo.cfm?setid=723e8d14-f981-4aee-a3cf-62f0c97f5e12
include,auto,baby/kids word in product name,no,"ULTRASOL NATURE BABY SUNSCREEN (TITANIUM DIOXIDE, ZINC OXIDE) LOTION",FISCHER PHARMACEUTICALS LTD,sunscreen,product_name,zinc_titanium,True,,,a49a1e12c159061e,bbe4eb9d-4672-46d1-b6e5-4b6d1d737ed9,https://dailymed.nlm.nih.gov/dailymed/drugInfo.cfm?setid=bbe4eb9d-4672-46d1-b6e5-4b6d1d737ed9
include,auto,baby/kids word in product name,no,"ULTRASOLSUNSCREEN KIDS CLEAR CONTINUOUS SPRAY (AVOBENZONE, HOMOSALATE, OCTINOXATE, OCTISALATE, OCTOCRYLENE, OXYBENZONE) AEROSOL, SPRAY",FISCHER PHARMACEUTICALS LTD,sunscreen,product_name,none,False,,,14396babf8eb60bb,3c8ec6df-04b8-45a1-9f23-f36622305e06,https://dailymed.nlm.nih.gov/dailymed/drugInfo.cfm?setid=3c8ec6df-04b8-45a1-9f23-f36622305e06
include,auto,baby/kids word in product name,no,"ULTRASOLSUNSCREEN KIDS SUNSCREEN LOTION (AVOBENZONE, OCTINOXATE, OCTISALATE, OXYBENZONE) LOTION",FISCHER PHARMACEUTICALS LTD,sunscreen,product_name,none,False,,,1059e772d57987a9,e040e9cc-623d-4651-b4a6-52dec903c02a,https://dailymed.nlm.nih.gov/dailymed/drugInfo.cfm?setid=e040e9cc-623d-4651-b4a6-52dec903c02a
include,auto,baby/kids word in product name,no,"ULTRASOLSUNSCREEN KIDS SUNSCREEN LOTION CONTINUOUS SPRAY SPF 45 (AVOBENZONE, HOMOSALATE, OCTINOXATE, OCTISALATE, OCTOCRYLENE , OXYBENZONE) AEROSOL, SPRAY",FISCHER PHARMACEUTICALS LTD,sunscreen,product_name,none,False,,45,df86ea2e380832c5,72cf5079-80f6-4c87-a0d8-bb17a518f8c4,https://dailymed.nlm.nih.gov/dailymed/drugInfo.cfm?setid=72cf5079-80f6-4c87-a0d8-bb17a518f8c4
include,auto,baby/kids word in product name,no,"ULTRASOLSUNSCREEN KIDS SUNSCREEN LOTION SPF 34 (AVOBENZONE, OCTINOXATE, OCTISALATE, OXYBENZONE ) LOTION",FISCHER PHARMACEUTICALS LTD,sunscreen,product_name,none,False,,34,d7bda5a5d04dbc4c,441c6105-5c59-4022-85ae-f13d92fcc296,https://dailymed.nlm.nih.gov/dailymed/drugInfo.cfm?setid=441c6105-5c59-4022-85ae-f13d92fcc296
include,auto,baby/kids word in product name,no,"ULTRASOLSUNSCREEN KIDS SUNSCREEN MOUSSE (AVOBENZONE, OCTINOXATE, OCTISALATE, OCTOCRYLENE, OXYBENZONE) AEROSOL, FOAM",FISCHER PHARMACEUTICALS LTD.,sunscreen,product_name,none,False,,,18344dc29a1d4430,9a8a932e-c3dc-44ae-91e6-b9e3f5b21ee3,https://dailymed.nlm.nih.gov/dailymed/drugInfo.cfm?setid=9a8a932e-c3dc-44ae-91e6-b9e3f5b21ee3
include,auto,baby/kids word in product name,no,"ULTRASOLSUNSCREEN KIDS SUNSCREEN SPRAY LOTION SPF 30 (AVOBENZONE, OCTINOXATE, OCTISALATE, OCTOCRYLENE, OXYBENZONE) SPRAY",FISCHER PHARMACEUTICALS LTD,sunscreen,product_name,none,False,,30,cc5933f5f6b986f9,2986c76d-3346-487f-97c2-730a08ca8e3a,https://dailymed.nlm.nih.gov/dailymed/drugInfo.cfm?setid=2986c76d-3346-487f-97c2-730a08ca8e3a
include,auto,baby/kids word in product name,no,"ULTRASOLSUNSCREEN NATURE BABY SUNSCREEN FACE CREAM SPF 45 (AVOBENZONE, OCTINOXATE, OCTISALATE, OXYBENZONE) CREAM",FISCHER PHARMACEUTICALS LTD,sunscreen,product_name,none,False,,45,1059e772d57987a9,70b65f42-f22c-42dc-94da-d174daf2016a,https://dailymed.nlm.nih.gov/dailymed/drugInfo.cfm?setid=70b65f42-f22c-42dc-94da-d174daf2016a
include,auto,baby/kids word in product name,no,"VMV HYPOALLERGENICS ARMADA BABY 50 (TITANIUM DIOXIDE, ZINC OXIDE) CREAM",SKIN SCIENCES LABORATORY INC.,sunscreen,product_name,zinc_titanium,True,,,c5ea2a20dfd2eada,1fc52f3b-3a62-3fa5-e054-00144ff8d46c,https://dailymed.nlm.nih.gov/dailymed/drugInfo.cfm?setid=1fc52f3b-3a62-3fa5-e054-00144ff8d46c
include,auto,baby/kids word in product name,no,WALGREENS BABY SPF50 (TITANIUM DIOXIDE AND ZINC OXIDE) LOTION,WALGREEN COMPANY,sunscreen,product_name,zinc_titanium,True,"butyloctyl salicylate, ethylhexyl methoxycrylene",50,5efc22e3972e4ce2,cd56a2d6-ec92-4670-975b-3da28037773c,https://dailymed.nlm.nih.gov/dailymed/drugInfo.cfm?setid=cd56a2d6-ec92-4670-975b-3da28037773c
include,auto,baby/kids word in product name,no,WALGREENS BABY SPF50 (TITANIUM DIOXIDE AND ZINC OXIDE) LOTION,WALGREEN COMPANY,sunscreen,product_name,zinc_titanium,True,"butyloctyl salicylate, ethylhexyl methoxycrylene",50,5efc22e3972e4ce2,f01975b7-e2c9-452f-992c-2ad1ecd1febc,https://dailymed.nlm.nih.gov/dailymed/drugInfo.cfm?setid=f01975b7-e2c9-452f-992c-2ad1ecd1febc
include,auto,baby/kids word in product name,no,"WALGREENS KIDS SPF 50 (AVOBENZONE, HOMOSALATE, OCTISALATE, OCTOCRYLENE, OXYBENZONE) LOTION",WALGREENS,sunscreen,product_name,none,False,,50,134925723283f7fd,0d40f67e-78e9-4c4c-a8ca-464315c41af5,https://dailymed.nlm.nih.gov/dailymed/drugInfo.cfm?setid=0d40f67e-78e9-4c4c-a8ca-464315c41af5
include,auto,baby/kids word in product name,no,"WALGREENS SUN KIDS SPF50 (AVOBENZONE, HOMOSALATE, OCTISALATE, OCTOCRYLENE) LOTION",WALGREEN COMPANY,sunscreen,product_name,none,False,,50,c7a8fe9c9a2caaa0,8ef8c65a-902e-49eb-b81f-2b2dc0878d31,https://dailymed.nlm.nih.gov/dailymed/drugInfo.cfm?setid=8ef8c65a-902e-49eb-b81f-2b2dc0878d31
include,auto,baby/kids word in product name,no,"WALGREENS SUN KIDS SPF50 (AVOBENZONE, HOMOSALATE, OCTISALATE, OCTOCRYLENE) LOTION",WALGREEN COMPANY,sunscreen,product_name,none,False,,50,c7a8fe9c9a2caaa0,c75f3010-d399-492b-910e-6552ba75bc1b,https://dailymed.nlm.nih.gov/dailymed/drugInfo.cfm?setid=c75f3010-d399-492b-910e-6552ba75bc1b
include,auto,baby/kids word in product name,no,"WALGREENS SUNSCREEN BABY SPF 50 (HOMOSALATE, OXYBENZONE, OCTISALATE, AVOBENZONE, OCTOCRYLENE) LOTION",WALGREEN CO.,sunscreen,product_name,none,False,,50,8a6487cc7b06099b,5eddb97d-d65e-4203-8b14-d2b89511da50,https://dailymed.nlm.nih.gov/dailymed/drugInfo.cfm?setid=5eddb97d-d65e-4203-8b14-d2b89511da50
include,auto,baby/kids word in product name,no,"WEGMANS KIDS AND SPORT BROAD SPECTRUM SPF 50 SUNSCREEN (AVOBENZONE, HOMOSALATE, OCTISALATE, OCTOCRYLENE) LOTION",WEGMANS FOOD MARKETS INC,sunscreen,product_name,none,False,tridecyl salicylate,50,8e940afd02dcf398,f3463f81-9a65-3796-e053-2995a90a4f80,https://dailymed.nlm.nih.gov/dailymed/drugInfo.cfm?setid=f3463f81-9a65-3796-e053-2995a90a4f80
include,auto,baby/kids word in product name,no,"WEGMANS KIDS SUNSCREEN STICK SPF 50 (AVOBENZONE, HOMOSALATE, OCTISALATE, OCTOCRYLENE) STICK",WEGMANS FOOD MARKETS INC,sunscreen,product_name,none,False,butyloctyl salicylate,50,f3e484da87d49c21,f57775c3-5e6c-f47a-e053-2a95a90ab012,https://dailymed.nlm.nih.gov/dailymed/drugInfo.cfm?setid=f57775c3-5e6c-f47a-e053-2a95a90ab012
include,auto,baby/kids word in product name,no,"WEGMANS SPORT AND KIDS CLEAR CONTINUOUS SUNSCREEN (AVOBENZONE, HOMOSALATE, OCTISALATE, OCTOCRYLENE) SPRAY",WEGMANS FOOD MARKETS INC,sunscreen,product_name,none,False,butyloctyl salicylate,,7e8ff5050a7f538b,f424da9c-5218-1d8d-e053-2a95a90a29fb,https://dailymed.nlm.nih.gov/dailymed/drugInfo.cfm?setid=f424da9c-5218-1d8d-e053-2a95a90a29fb
include,reviewed,'Baby' in product name,no,"WESTERN FAMILY BABY BROAD SPECTRUM SUNSCREEN SPF 50 (AVOBENZONE,HOMOSALATE, OCTOCRYLENE, OCTISALATE, OXYBENZONE) LOTION","WESTERN FAMILY FOODS, INC.",sunscreen,product_name,none,False,,50,8f38775fab0ebcdb,9af87cf6-367a-45a6-8080-944713bbd3d6,https://dailymed.nlm.nih.gov/dailymed/drugInfo.cfm?setid=9af87cf6-367a-45a6-8080-944713bbd3d6
include,auto,baby/kids word in product name,no,ZINC FIVE-0 BABY AND KIDS MINERAL SUNSCREEN SPF50 (ZINC OXIDE SUNSCREEN) CREAM,VEGANIC SKN LIMITED,sunscreen,product_name,zinc,True,,50,78d12fa1b2ccba44,38744f77-4845-eac4-e063-6294a90af648,https://dailymed.nlm.nih.gov/dailymed/drugInfo.cfm?setid=38744f77-4845-eac4-e063-6294a90af648
